power,aref,vref,xref,v_current,x_current_ticks,x_current_rads,pos1,pos2,to_pos_2,current
-0.000,0.000,-0.000,114.000,-0.000,114,-1.056,-60.000,60.000,false,0.003
-0.000,0.000,-0.000,114.000,-0.000,114,-1.056,-60.000,60.000,false,0.003
-0.000,0.000,-0.000,114.000,-0.000,114,-1.056,-60.000,60.000,false,0.003
-0.000,0.000,-0.000,114.000,-0.000,114,-1.056,-60.000,60.000,false,0.003
-0.000,0.000,-0.000,114.000,-0.000,114,-1.056,-60.000,60.000,false,0.003
-0.000,0.000,-0.000,114.000,-0.000,114,-1.056,-60.000,60.000,false,0.003
-0.000,0.000,-0.000,114.000,-0.000,114,-1.056,-60.000,60.000,false,0.003
-0.000,0.000,-0.000,114.000,-0.000,114,-1.056,-60.000,60.000,false,0.003
-0.000,0.000,-0.000,114.000,-0.000,114,-1.056,-60.000,60.000,false,0.003
-0.000,0.000,-0.000,114.000,-0.000,114,-1.056,-60.000,60.000,false,0.003
-0.000,0.000,-0.000,114.000,-0.000,114,-1.056,-60.000,60.000,false,0.003
-0.000,0.000,-0.000,114.000,-0.000,114,-1.056,-60.000,60.000,false,0.003
-0.000,0.000,-0.000,114.000,-0.000,114,-1.056,-60.000,60.000,false,0.003
-0.000,0.000,-0.000,114.000,-0.000,114,-1.056,-60.000,60.000,false,0.003
-0.000,0.000,-0.000,114.000,-0.000,114,-1.056,-60.000,60.000,false,0.000
-0.000,0.000,-0.000,114.000,-0.000,114,-1.056,-60.000,60.000,false,0.000
0.129,3000.000,62.659,115.309,-0.000,114,-1.056,-60.000,60.000,true,0.000
0.156,3000.000,118.166,117.495,-0.000,114,-1.056,-60.000,60.000,true,0.000
0.184,3000.000,172.062,120.586,-0.000,114,-1.056,-60.000,60.000,true,0.000
0.228,3000.000,255.500,127.692,40.000,117,-1.043,-60.000,60.000,true,0.583
0.262,3000.000,318.770,134.415,80.000,118,-1.039,-60.000,60.000,true,0.583
0.295,3000.000,381.596,142.407,100.000,121,-1.027,-60.000,60.000,true,0.583
0.326,3000.000,440.720,151.092,160.000,124,-1.014,-60.000,60.000,true,0.583
0.352,3000.000,485.045,158.259,180.000,129,-0.989,-60.000,60.000,true,0.583
0.392,3000.000,559.063,172.052,260.000,136,-0.964,-60.000,60.000,true,0.583
0.414,3000.000,600.743,180.399,320.000,142,-0.935,-60.000,60.000,true,1.592
0.437,3000.000,646.100,190.167,380.000,149,-0.906,-60.000,60.000,true,1.592
0.460,3000.000,689.784,200.211,460.000,157,-0.872,-60.000,60.000,true,1.592
0.485,3000.000,739.075,212.355,500.000,167,-0.831,-60.000,60.000,true,1.592
0.508,3000.000,784.042,224.107,580.000,177,-0.789,-60.000,60.000,true,1.592
0.537,3000.000,840.287,239.861,680.000,193,-0.722,-60.000,60.000,true,1.592
0.566,3000.000,894.323,255.969,740.000,206,-0.668,-60.000,60.000,true,1.592
0.589,3000.000,941.182,270.670,780.000,219,-0.613,-60.000,60.000,true,1.607
0.615,3000.000,992.008,287.477,820.000,234,-0.551,-60.000,60.000,true,1.607
0.638,3000.000,1040.644,304.347,900.000,250,-0.484,-60.000,60.000,true,1.607
0.666,3000.000,1096.476,324.754,980.000,269,-0.396,-60.000,60.000,true,1.607
0.523,-2000.000,1057.685,345.268,1020.000,294,-0.300,-60.000,60.000,true,1.607
0.505,-2000.000,1017.149,365.883,1080.000,313,-0.217,-60.000,60.000,true,1.607
0.484,-2000.000,980.591,383.807,1160.000,337,-0.117,-60.000,60.000,true,1.669
0.463,-2000.000,945.326,400.476,1240.000,358,-0.033,-60.000,60.000,true,1.669
0.442,-2000.000,911.260,415.998,1220.000,378,0.050,-60.000,60.000,true,1.669
0.423,-2000.000,879.063,430.149,1220.000,397,0.134,-60.000,60.000,true,1.669
0.392,-2000.000,842.403,445.591,1160.000,423,0.238,-60.000,60.000,true,1.669
0.369,-2000.000,800.456,462.379,1160.000,442,0.321,-60.000,60.000,true,1.669
0.342,-2000.000,755.031,479.527,1100.000,470,0.434,-60.000,60.000,true,0.112
0.319,-2000.000,717.028,493.152,1040.000,486,0.501,-60.000,60.000,true,0.112
0.301,-2000.000,682.919,504.799,980.000,501,0.563,-60.000,60.000,true,0.112
0.280,-2000.000,647.240,516.345,900.000,516,0.626,-60.000,60.000,true,0.112
0.258,-2000.000,611.542,527.261,860.000,534,0.701,-60.000,60.000,true,0.112
0.237,-2000.000,569.093,539.339,800.000,547,0.755,-60.000,60.000,true,0.112
0.217,-2000.000,530.634,549.543,740.000,561,0.810,-60.000,60.000,true,0.109
0.197,-2000.000,495.147,558.329,680.000,571,0.856,-60.000,60.000,true,0.109
0.182,-2000.000,464.786,565.385,660.000,580,0.893,-60.000,60.000,true,0.109
0.166,-2000.000,435.023,571.858,600.000,589,0.931,-60.000,60.000,true,0.109
0.150,-2000.000,405.066,577.926,600.000,597,0.964,-60.000,60.000,true,0.109
0.133,-2000.000,373.345,583.847,520.000,606,0.997,-60.000,60.000,true,0.109
0.115,-2000.000,336.655,590.023,500.000,613,1.027,-60.000,60.000,true,0.109
0.000,-1361.760,480.000,618.000,440.000,620,1.056,-60.000,60.000,true,0.112
0.152,-3000.000,429.187,625.269,420.000,625,1.081,-60.000,60.000,true,0.112
0.126,-3000.000,373.485,632.204,400.000,632,1.110,-60.000,60.000,true,0.112
0.103,-3000.000,324.630,637.491,380.000,638,1.131,-60.000,60.000,true,0.112
0.081,-3000.000,278.752,641.754,340.000,643,1.152,-60.000,60.000,true,0.112
0.052,-3000.000,224.858,645.793,340.000,650,1.185,-60.000,60.000,true,0.112
0.026,-3000.000,171.003,648.863,340.000,655,1.206,-60.000,60.000,true,0.364
-0.000,-3000.000,118.693,650.932,320.000,660,1.223,-60.000,60.000,true,0.364
-0.029,-3000.000,65.317,652.095,300.000,665,1.248,-60.000,60.000,true,0.364
-0.055,-3000.000,18.225,652.381,280.000,670,1.265,-60.000,60.000,true,0.364
-0.127,-3000.000,-25.330,652.013,280.000,673,1.277,-60.000,60.000,true,0.364
-0.151,-3000.000,-69.813,650.978,240.000,676,1.290,-60.000,60.000,true,0.364
-0.175,-3000.000,-113.841,649.307,180.000,677,1.294,-60.000,60.000,true,0.364
-0.204,-3000.000,-169.870,646.134,80.000,677,1.294,-60.000,60.000,true,0.812
-0.229,-3000.000,-218.458,642.596,40.000,677,1.294,-60.000,60.000,true,0.812
-0.251,-3000.000,-261.205,638.874,-20.000,676,1.290,-60.000,60.000,true,0.812
-0.275,-3000.000,-304.689,634.458,-40.000,674,1.281,-60.000,60.000,true,0.812
-0.138,2000.000,-274.197,630.278,-120.000,671,1.269,-60.000,60.000,true,0.812
-0.120,2000.000,-234.514,625.625,-160.000,668,1.256,-60.000,60.000,true,0.812
-0.104,2000.000,-201.512,622.299,-160.000,665,1.244,-60.000,60.000,true,0.375
-0.085,2000.000,-157.545,618.836,-140.000,662,1.231,-60.000,60.000,true,0.375
-0.059,0.000,0.000,617.922,-160.000,660,1.223,-60.000,60.000,true,0.375
-0.058,-0.000,0.000,617.922,-160.000,657,1.210,-60.000,60.000,true,0.375
-0.056,-0.000,0.000,617.922,-160.000,655,1.202,-60.000,60.000,true,0.375
-0.054,-0.000,0.000,617.922,-120.000,654,1.198,-60.000,60.000,true,0.375
-0.054,-0.000,0.000,617.922,-100.000,652,1.189,-60.000,60.000,true,0.375
-0.052,-0.000,0.000,617.922,-80.000,651,1.185,-60.000,60.000,true,0.105
-0.052,-0.000,0.000,617.922,-60.000,651,1.185,-60.000,60.000,true,0.105
-0.052,-0.000,0.000,617.922,-60.000,650,1.181,-60.000,60.000,true,0.105
-0.052,-0.000,0.000,617.922,-40.000,650,1.181,-60.000,60.000,true,0.105
-0.050,-0.000,0.000,617.922,-40.000,649,1.177,-60.000,60.000,true,0.105
-0.050,-0.000,0.000,617.922,-20.000,649,1.177,-60.000,60.000,true,0.105
-0.050,-0.000,0.000,617.922,-20.000,649,1.177,-60.000,60.000,true,0.105
-0.050,-0.000,0.000,617.922,-20.000,648,1.173,-60.000,60.000,true,0.123
-0.048,-0.000,0.000,617.922,-40.000,647,1.169,-60.000,60.000,true,0.123
-0.048,-0.000,0.000,617.922,-60.000,646,1.164,-60.000,60.000,true,0.123
-0.048,-0.000,0.000,617.922,-40.000,646,1.164,-60.000,60.000,true,0.123
-0.047,-0.000,0.000,617.922,-40.000,645,1.160,-60.000,60.000,true,0.123
-0.047,-0.000,0.000,617.922,-40.000,644,1.156,-60.000,60.000,true,0.123
-0.047,-0.000,0.000,617.922,-20.000,644,1.156,-60.000,60.000,true,0.247
-0.047,-0.000,0.000,617.922,-20.000,644,1.156,-60.000,60.000,true,0.247
-0.045,-0.000,0.000,617.922,-20.000,643,1.152,-60.000,60.000,true,0.247
-0.045,-0.000,0.000,617.922,-20.000,643,1.152,-60.000,60.000,true,0.247
-0.045,-0.000,0.000,617.922,-40.000,642,1.148,-60.000,60.000,true,0.247
-0.044,-0.000,0.000,617.922,-60.000,641,1.144,-60.000,60.000,true,0.247
-0.044,-0.000,0.000,617.922,-60.000,640,1.139,-60.000,60.000,true,0.247
-0.044,-0.000,0.000,617.922,-60.000,640,1.139,-60.000,60.000,true,0.247
-0.042,-0.000,0.000,617.922,-40.000,639,1.135,-60.000,60.000,true,0.349
-0.042,-0.000,0.000,617.922,-40.000,638,1.131,-60.000,60.000,true,0.349
-0.042,-0.000,0.000,617.922,-40.000,638,1.127,-60.000,60.000,true,0.349
-0.040,-0.000,0.000,617.922,-60.000,636,1.123,-60.000,60.000,true,0.349
-0.040,-0.000,0.000,617.922,-60.000,635,1.118,-60.000,60.000,true,0.349
-0.038,-0.000,0.000,617.922,-60.000,634,1.114,-60.000,60.000,true,0.349
-0.038,-0.000,0.000,617.922,-60.000,633,1.110,-60.000,60.000,true,0.277
-0.036,-0.000,0.000,617.922,-60.000,632,1.106,-60.000,60.000,true,0.277
-0.036,-0.000,0.000,617.922,-80.000,631,1.098,-60.000,60.000,true,0.277
-0.035,-0.000,0.000,617.922,-60.000,630,1.098,-60.000,60.000,true,0.277
-0.035,-0.000,0.000,617.922,-60.000,629,1.089,-60.000,60.000,true,0.277
-0.033,-0.000,0.000,617.922,-40.000,628,1.085,-60.000,60.000,true,0.277
-0.033,-0.000,0.000,617.922,-60.000,626,1.081,-60.000,60.000,true,0.273
-0.031,-0.000,0.000,617.922,-60.000,625,1.077,-60.000,60.000,true,0.273
-0.030,-0.000,0.000,617.922,-80.000,624,1.073,-60.000,60.000,true,0.273
-0.030,-0.000,0.000,617.922,-60.000,623,1.068,-60.000,60.000,true,0.273
0.000,0.000,-80.000,622.000,-60.000,622,1.064,-60.000,60.000,true,0.273
0.000,1055.920,-60.000,621.000,-60.000,621,1.060,-60.000,60.000,true,0.273
0.000,0.000,-60.000,620.000,-40.000,620,1.056,-60.000,60.000,true,0.051
0.000,0.000,-60.000,619.000,-60.000,619,1.052,-60.000,60.000,true,0.051
0.000,1411.515,-40.000,619.000,-40.000,619,1.052,-60.000,60.000,true,0.051
0.000,1284.133,-20.000,619.000,-20.000,619,1.052,-60.000,60.000,true,0.051
0.000,0.000,-20.000,619.000,-0.000,619,1.052,-60.000,60.000,true,0.051
0.000,1245.214,-0.000,619.000,-0.000,619,1.052,-60.000,60.000,true,0.051
0.000,0.000,-0.000,619.000,-0.000,619,1.052,-60.000,60.000,true,0.051
0.000,0.000,-0.000,619.000,-0.000,619,1.052,-60.000,60.000,true,0.003
0.000,0.000,-0.000,619.000,-0.000,619,1.052,-60.000,60.000,true,0.003
0.000,0.000,-0.000,619.000,-0.000,619,1.052,-60.000,60.000,true,0.003
0.000,0.000,-0.000,619.000,-0.000,619,1.052,-60.000,60.000,true,0.003
0.000,0.000,-0.000,619.000,-0.000,619,1.052,-60.000,60.000,true,0.003
0.000,0.000,-0.000,619.000,-0.000,619,1.052,-60.000,60.000,true,0.003
0.000,0.000,-0.000,619.000,-0.000,619,1.052,-60.000,60.000,true,0.003
0.000,0.000,-0.000,619.000,-0.000,619,1.052,-60.000,60.000,true,0.003
0.000,0.000,-0.000,619.000,-0.000,619,1.052,-60.000,60.000,true,0.003
0.000,0.000,-0.000,619.000,-0.000,619,1.052,-60.000,60.000,true,0.003
0.000,0.000,-0.000,619.000,-0.000,619,1.052,-60.000,60.000,true,0.003
0.000,0.000,-0.000,619.000,-0.000,619,1.052,-60.000,60.000,true,0.003
0.000,0.000,-0.000,619.000,-0.000,619,1.052,-60.000,60.000,true,0.003
0.000,0.000,-0.000,619.000,-0.000,619,1.052,-60.000,60.000,true,0.003
0.000,0.000,-0.000,619.000,-0.000,619,1.052,-60.000,60.000,true,0.003
0.000,0.000,-0.000,619.000,-0.000,619,1.052,-60.000,60.000,true,0.003
0.000,0.000,-0.000,619.000,-0.000,619,1.052,-60.000,60.000,true,0.003
0.000,0.000,-0.000,619.000,-0.000,619,1.052,-60.000,60.000,true,0.003
-0.118,-3000.000,-40.496,618.453,-0.000,619,1.052,-60.000,60.000,false,0.003
-0.141,-3000.000,-88.054,617.057,-0.000,619,1.052,-60.000,60.000,false,0.003
-0.162,-3000.000,-129.884,615.246,-0.000,619,1.052,-60.000,60.000,false,0.003
-0.184,-3000.000,-173.204,612.745,-0.000,619,1.052,-60.000,60.000,false,0.003
-0.215,-3000.000,-233.231,608.079,-0.000,618,1.048,-60.000,60.000,false,0.003
-0.242,-3000.000,-282.715,603.415,-40.000,617,1.043,-60.000,60.000,false,0.003
-0.267,-3000.000,-330.366,598.168,-80.000,616,1.035,-60.000,60.000,false,0.003
-0.292,-3000.000,-377.116,592.291,-100.000,613,1.027,-60.000,60.000,false,0.003
-0.324,-3000.000,-437.238,583.529,-140.000,609,1.006,-60.000,60.000,false,0.003
-0.355,-3000.000,-492.573,574.443,-260.000,602,0.977,-60.000,60.000,false,1.563
-0.389,-3000.000,-554.744,562.947,-300.000,596,0.952,-60.000,60.000,false,1.563
-0.412,-3000.000,-600.243,553.843,-380.000,589,0.922,-60.000,60.000,false,1.563
-0.435,-3000.000,-643.786,544.499,-420.000,582,0.893,-60.000,60.000,false,1.563
-0.456,-3000.000,-686.754,534.663,-460.000,573,0.860,-60.000,60.000,false,1.563
-0.480,-3000.000,-732.136,523.588,-540.000,564,0.818,-60.000,60.000,false,1.563
-0.501,-3000.000,-776.171,512.195,-580.000,554,0.776,-60.000,60.000,false,1.563
-0.525,-3000.000,-822.938,499.366,-720.000,539,0.705,-60.000,60.000,false,1.793
-0.560,-3000.000,-888.281,480.019,-760.000,524,0.655,-60.000,60.000,false,1.793
-0.581,-3000.000,-932.923,466.136,-800.000,512,0.601,-60.000,60.000,false,1.793
-0.604,-3000.000,-979.044,451.085,-840.000,497,0.538,-60.000,60.000,false,1.793
-0.629,-3000.000,-1027.801,434.380,-880.000,482,0.476,-60.000,60.000,false,1.793
-0.652,-3000.000,-1076.922,416.747,-960.000,466,0.405,-60.000,60.000,false,1.793
-0.679,-3000.000,-1130.735,396.465,-980.000,445,0.321,-60.000,60.000,false,1.632
-0.536,2000.000,-1094.562,376.668,-1060.000,418,0.209,-60.000,60.000,false,1.632
-0.507,2000.000,-1032.453,344.606,-1160.000,387,0.079,-60.000,60.000,false,1.632
-0.481,2000.000,-995.956,326.431,-1240.000,360,-0.038,-60.000,60.000,false,1.632
-0.458,2000.000,-949.418,304.339,-1220.000,338,-0.134,-60.000,60.000,false,1.632
-0.436,2000.000,-911.919,287.241,-1220.000,315,-0.221,-60.000,60.000,false,0.473
-0.407,2000.000,-878.585,272.598,-1180.000,294,-0.309,-60.000,60.000,false,0.473
-0.388,2000.000,-841.513,256.999,-1120.000,276,-0.388,-60.000,60.000,false,0.473
-0.370,2000.000,-808.950,243.829,-1080.000,260,-0.451,-60.000,60.000,false,0.473
-0.352,2000.000,-778.438,231.953,-1040.000,245,-0.513,-60.000,60.000,false,0.473
-0.335,2000.000,-747.815,220.502,-1000.000,228,-0.584,-60.000,60.000,false,0.473
-0.316,2000.000,-713.887,208.392,-1000.000,211,-0.655,-60.000,60.000,false,0.200
-0.295,2000.000,-677.153,195.955,-960.000,197,-0.714,-60.000,60.000,false,0.200
-0.277,2000.000,-647.442,186.337,-900.000,182,-0.776,-60.000,60.000,false,0.200
-0.259,2000.000,-611.767,175.424,-880.000,170,-0.826,-60.000,60.000,false,0.200
-0.243,2000.000,-582.327,166.852,-800.000,158,-0.876,-60.000,60.000,false,0.200
-0.227,2000.000,-551.479,158.346,-800.000,148,-0.918,-60.000,60.000,false,0.200
-0.205,2000.000,-512.182,148.283,-740.000,134,-0.977,-60.000,60.000,false,0.200
-0.189,2000.000,-482.709,141.169,-700.000,124,-1.018,-60.000,60.000,false,0.200
0.000,3772.290,-660.000,117.000,-660.000,115,-1.056,-60.000,60.000,false,0.200
0.033,0.000,0.000,116.078,-620.000,104,-1.098,-60.000,60.000,false,0.200
0.038,-0.000,0.000,116.078,-500.000,99,-1.118,-60.000,60.000,false,0.200
0.041,-0.000,0.000,116.078,-440.000,95,-1.135,-60.000,60.000,false,0.200
0.044,-0.000,0.000,116.078,-280.000,92,-1.148,-60.000,60.000,false,0.200
0.045,-0.000,0.000,116.078,-200.000,90,-1.156,-60.000,60.000,false,0.200
0.047,-0.000,0.000,116.078,-160.000,88,-1.164,-60.000,60.000,false,0.291
0.049,-0.000,0.000,116.078,-140.000,86,-1.173,-60.000,60.000,false,0.291
0.050,-0.000,0.000,116.078,-120.000,85,-1.177,-60.000,60.000,false,0.291
0.050,-0.000,0.000,116.078,-80.000,85,-1.177,-60.000,60.000,false,0.291
0.050,-0.000,0.000,116.078,-40.000,85,-1.177,-60.000,60.000,false,0.291
0.050,-0.000,0.000,116.078,-20.000,85,-1.177,-60.000,60.000,false,0.291
0.050,-0.000,0.000,116.078,-0.000,85,-1.177,-60.000,60.000,false,0.291
0.050,-0.000,0.000,116.078,-0.000,85,-1.177,-60.000,60.000,false,0.393
0.050,-0.000,0.000,116.078,-0.000,85,-1.177,-60.000,60.000,false,0.393
0.050,-0.000,0.000,116.078,-0.000,85,-1.177,-60.000,60.000,false,0.393
0.050,-0.000,0.000,116.078,-0.000,85,-1.177,-60.000,60.000,false,0.393
0.050,-0.000,0.000,116.078,-0.000,85,-1.177,-60.000,60.000,false,0.393
0.050,-0.000,0.000,116.078,-0.000,85,-1.177,-60.000,60.000,false,0.393
0.050,-0.000,0.000,116.078,-0.000,85,-1.177,-60.000,60.000,false,0.393
0.050,-0.000,0.000,116.078,-0.000,85,-1.177,-60.000,60.000,false,0.415
0.050,-0.000,0.000,116.078,-0.000,85,-1.177,-60.000,60.000,false,0.415
0.050,-0.000,0.000,116.078,-0.000,85,-1.177,-60.000,60.000,false,0.415
0.050,-0.000,0.000,116.078,-0.000,85,-1.177,-60.000,60.000,false,0.415
0.050,-0.000,0.000,116.078,-0.000,85,-1.177,-60.000,60.000,false,0.415
0.050,-0.000,0.000,116.078,-0.000,85,-1.177,-60.000,60.000,false,0.415
0.050,-0.000,0.000,116.078,-0.000,85,-1.177,-60.000,60.000,false,0.415
0.050,-0.000,0.000,116.078,-0.000,85,-1.177,-60.000,60.000,false,0.189
0.050,-0.000,0.000,116.078,-0.000,85,-1.177,-60.000,60.000,false,0.189
0.050,-0.000,0.000,116.078,-0.000,85,-1.177,-60.000,60.000,false,0.189
0.050,-0.000,0.000,116.078,-0.000,85,-1.177,-60.000,60.000,false,0.189
0.050,-0.000,0.000,116.078,-0.000,85,-1.177,-60.000,60.000,false,0.189
0.050,-0.000,0.000,116.078,-0.000,85,-1.177,-60.000,60.000,false,0.189
0.050,-0.000,0.000,116.078,-0.000,85,-1.177,-60.000,60.000,false,0.029
0.050,-0.000,0.000,116.078,-0.000,85,-1.177,-60.000,60.000,false,0.029
0.050,-0.000,0.000,116.078,-0.000,85,-1.177,-60.000,60.000,false,0.029
0.050,-0.000,0.000,116.078,-0.000,85,-1.177,-60.000,60.000,false,0.029
0.050,-0.000,0.000,116.078,-0.000,85,-1.177,-60.000,60.000,false,0.029
0.050,-0.000,0.000,116.078,-0.000,85,-1.177,-60.000,60.000,false,0.029
0.050,-0.000,0.000,116.078,-0.000,85,-1.177,-60.000,60.000,false,0.029
0.050,-0.000,0.000,116.078,-0.000,85,-1.177,-60.000,60.000,false,0.076
0.050,-0.000,0.000,116.078,-0.000,85,-1.177,-60.000,60.000,false,0.076
0.050,-0.000,0.000,116.078,-0.000,85,-1.177,-60.000,60.000,false,0.076
0.050,-0.000,0.000,116.078,20.000,86,-1.173,-60.000,60.000,false,0.076
0.050,-0.000,0.000,116.078,20.000,86,-1.173,-60.000,60.000,false,0.076
0.050,-0.000,0.000,116.078,20.000,86,-1.173,-60.000,60.000,false,0.076
0.049,-0.000,0.000,116.078,40.000,87,-1.169,-60.000,60.000,false,0.076
0.049,-0.000,0.000,116.078,20.000,87,-1.169,-60.000,60.000,false,0.164
0.049,-0.000,0.000,116.078,20.000,87,-1.169,-60.000,60.000,false,0.164
0.049,-0.000,0.000,116.078,-0.000,87,-1.169,-60.000,60.000,false,0.164
0.049,-0.000,0.000,116.078,20.000,88,-1.164,-60.000,60.000,false,0.164
0.049,-0.000,0.000,116.078,20.000,88,-1.164,-60.000,60.000,false,0.164
0.049,-0.000,0.000,116.078,20.000,88,-1.164,-60.000,60.000,false,0.164
0.049,-0.000,0.000,116.078,20.000,88,-1.164,-60.000,60.000,false,0.164
0.049,-0.000,0.000,116.078,-0.000,88,-1.164,-60.000,60.000,false,0.338
0.049,-0.000,0.000,116.078,-0.000,88,-1.164,-60.000,60.000,false,0.338
0.049,-0.000,0.000,116.078,-0.000,88,-1.164,-60.000,60.000,false,0.338
0.049,-0.000,0.000,116.078,-0.000,88,-1.164,-60.000,60.000,false,0.338
0.049,-0.000,0.000,116.078,-0.000,88,-1.164,-60.000,60.000,false,0.338
0.049,-0.000,0.000,116.078,-0.000,88,-1.164,-60.000,60.000,false,0.338
0.047,-0.000,0.000,116.078,20.000,89,-1.160,-60.000,60.000,false,0.338
0.047,-0.000,0.000,116.078,20.000,89,-1.160,-60.000,60.000,false,0.386
0.047,-0.000,0.000,116.078,20.000,89,-1.160,-60.000,60.000,false,0.386
0.047,-0.000,0.000,116.078,20.000,90,-1.156,-60.000,60.000,false,0.386
0.047,-0.000,0.000,116.078,20.000,90,-1.156,-60.000,60.000,false,0.386
0.045,-0.000,0.000,116.078,40.000,91,-1.152,-60.000,60.000,false,0.386
0.045,-0.000,0.000,116.078,40.000,92,-1.148,-60.000,60.000,false,0.386
0.045,-0.000,0.000,116.078,40.000,92,-1.148,-60.000,60.000,false,0.386
0.044,-0.000,0.000,116.078,40.000,93,-1.144,-60.000,60.000,false,0.353
0.044,-0.000,0.000,116.078,60.000,94,-1.139,-60.000,60.000,false,0.353
0.042,-0.000,0.000,116.078,60.000,95,-1.135,-60.000,60.000,false,0.353
0.042,-0.000,0.000,116.078,60.000,96,-1.131,-60.000,60.000,false,0.353
0.040,-0.000,0.000,116.078,80.000,98,-1.123,-60.000,60.000,false,0.353
0.039,-0.000,0.000,116.078,80.000,99,-1.114,-60.000,60.000,false,0.353
0.037,-0.000,0.000,116.078,80.000,102,-1.106,-60.000,60.000,false,0.255
0.035,-0.000,0.000,116.078,80.000,104,-1.098,-60.000,60.000,false,0.255
0.034,-0.000,0.000,116.078,80.000,105,-1.093,-60.000,60.000,false,0.255
0.034,-0.000,0.000,116.078,80.000,106,-1.089,-60.000,60.000,false,0.255
0.032,-0.000,0.000,116.078,80.000,107,-1.085,-60.000,60.000,false,0.255
0.032,-0.000,0.000,116.078,80.000,108,-1.081,-60.000,60.000,false,0.255
0.030,-0.000,0.000,116.078,80.000,110,-1.073,-60.000,60.000,false,0.207
0.030,-0.000,0.000,116.078,100.000,111,-1.068,-60.000,60.000,false,0.207
0.000,-1558.831,80.000,112.000,80.000,112,-1.060,-60.000,60.000,false,0.207
0.000,0.000,80.000,113.000,80.000,113,-1.060,-60.000,60.000,false,0.207
0.000,0.000,80.000,115.000,80.000,115,-1.052,-60.000,60.000,false,0.207
0.000,0.000,80.000,116.000,80.000,116,-1.048,-60.000,60.000,false,0.207
0.000,0.000,80.000,116.000,60.000,116,-1.048,-60.000,60.000,false,0.207
0.000,-2975.415,40.000,116.000,40.000,116,-1.048,-60.000,60.000,false,0.047
0.000,-1445.130,20.000,116.000,20.000,116,-1.048,-60.000,60.000,false,0.047
0.000,0.000,20.000,116.000,-0.000,116,-1.048,-60.000,60.000,false,0.047
0.000,-1328.157,-0.000,116.000,-0.000,116,-1.048,-60.000,60.000,false,0.047
0.000,0.000,-0.000,116.000,-0.000,116,-1.048,-60.000,60.000,false,0.047
0.000,0.000,-0.000,116.000,-0.000,116,-1.048,-60.000,60.000,false,0.047
0.000,0.000,-0.000,116.000,-0.000,116,-1.048,-60.000,60.000,false,0.047
0.000,0.000,-0.000,116.000,-0.000,116,-1.048,-60.000,60.000,false,0.003
0.000,0.000,-0.000,116.000,-0.000,116,-1.048,-60.000,60.000,false,0.003
0.000,0.000,-0.000,116.000,-0.000,116,-1.048,-60.000,60.000,false,0.003
0.000,0.000,-0.000,116.000,-0.000,116,-1.048,-60.000,60.000,false,0.003
0.000,0.000,-0.000,116.000,-0.000,116,-1.048,-60.000,60.000,false,0.003
0.000,0.000,-0.000,116.000,-0.000,116,-1.048,-60.000,60.000,false,0.003
0.000,0.000,-0.000,116.000,-0.000,116,-1.048,-60.000,60.000,false,0.003
0.000,0.000,-0.000,116.000,-0.000,116,-1.048,-60.000,60.000,false,0.003
0.000,0.000,-0.000,116.000,-0.000,116,-1.048,-60.000,60.000,false,0.003
0.000,0.000,-0.000,116.000,-0.000,116,-1.048,-60.000,60.000,false,0.003
0.000,0.000,-0.000,116.000,-0.000,116,-1.048,-60.000,60.000,false,0.003
0.000,0.000,-0.000,116.000,-0.000,116,-1.048,-60.000,60.000,false,0.003
0.000,0.000,-0.000,116.000,-0.000,116,-1.048,-60.000,60.000,false,0.003
0.000,0.000,-0.000,116.000,-0.000,116,-1.048,-60.000,60.000,false,0.003
0.000,0.000,-0.000,116.000,-0.000,116,-1.048,-60.000,60.000,false,0.003
0.000,0.000,-0.000,116.000,-0.000,116,-1.048,-60.000,60.000,false,0.003
0.000,0.000,-0.000,116.000,-0.000,116,-1.048,-60.000,60.000,false,0.003
0.000,0.000,-0.000,116.000,-0.000,116,-1.048,-60.000,60.000,false,0.003
0.000,0.000,-0.000,116.000,-0.000,116,-1.048,-60.000,60.000,false,0.003
0.000,0.000,-0.000,116.000,-0.000,116,-1.048,-60.000,60.000,false,0.003
-0.000,0.000,-0.000,116.000,-0.000,116,-1.048,-60.000,60.000,false,0.003
-0.000,0.000,-0.000,116.000,-0.000,116,-1.048,-60.000,60.000,false,0.003
0.119,3000.000,42.972,116.616,-0.000,116,-1.048,-60.000,60.000,true,0.003
0.143,3000.000,90.730,118.060,-0.000,116,-1.048,-60.000,60.000,true,0.003
0.166,3000.000,136.015,120.113,-0.000,116,-1.048,-60.000,60.000,true,0.003
0.190,3000.000,182.816,122.965,-0.000,116,-1.048,-60.000,60.000,true,0.003
0.213,3000.000,230.857,126.662,60.000,119,-1.035,-60.000,60.000,true,0.003
0.244,3000.000,286.135,131.934,60.000,120,-1.031,-60.000,60.000,true,0.856
0.272,3000.000,340.106,138.053,120.000,122,-1.022,-60.000,60.000,true,0.856
0.296,3000.000,384.752,143.779,120.000,125,-1.010,-60.000,60.000,true,0.856
0.319,3000.000,429.957,150.257,180.000,128,-0.993,-60.000,60.000,true,0.856
0.345,3000.000,481.232,158.482,240.000,134,-0.972,-60.000,60.000,true,0.856
0.374,3000.000,536.213,168.310,280.000,141,-0.943,-60.000,60.000,true,0.856
0.399,3000.000,582.309,177.257,360.000,149,-0.906,-60.000,60.000,true,1.436
0.431,3000.000,641.988,190.028,440.000,157,-0.876,-60.000,60.000,true,1.436
0.454,3000.000,686.555,200.227,460.000,165,-0.839,-60.000,60.000,true,1.436
0.483,3000.000,745.321,214.827,540.000,177,-0.789,-60.000,60.000,true,1.436
0.507,3000.000,790.205,226.650,600.000,187,-0.747,-60.000,60.000,true,1.436
0.531,3000.000,838.625,240.185,700.000,199,-0.689,-60.000,60.000,true,1.436
0.557,3000.000,894.449,256.829,740.000,218,-0.618,-60.000,60.000,true,1.636
0.592,3000.000,959.056,277.483,840.000,233,-0.555,-60.000,60.000,true,1.636
0.619,3000.000,1011.782,295.265,840.000,249,-0.488,-60.000,60.000,true,1.636
0.641,3000.000,1058.449,311.730,920.000,264,-0.422,-60.000,60.000,true,1.636
0.666,3000.000,1107.012,329.650,980.000,281,-0.351,-60.000,60.000,true,1.636
0.525,-2000.000,1075.426,346.635,1040.000,298,-0.280,-60.000,60.000,true,1.636
0.510,-2000.000,1044.908,362.579,1100.000,316,-0.209,-60.000,60.000,true,1.636
0.486,-2000.000,1007.440,381.452,1180.000,347,-0.079,-60.000,60.000,true,1.512
0.462,-2000.000,958.432,404.938,1180.000,369,0.013,-60.000,60.000,true,1.512
0.443,-2000.000,925.273,420.279,1200.000,388,0.092,-60.000,60.000,true,1.512
0.425,-2000.000,895.190,433.744,1160.000,405,0.163,-60.000,60.000,true,1.512
0.408,-2000.000,864.411,447.046,1160.000,421,0.230,-60.000,60.000,true,1.512
0.381,-2000.000,817.163,466.351,1100.000,446,0.334,-60.000,60.000,true,1.512
0.354,-2000.000,783.791,479.429,1040.000,468,0.430,-60.000,60.000,true,0.134
0.335,-2000.000,743.173,494.522,1000.000,483,0.488,-60.000,60.000,true,0.134
0.318,-2000.000,711.179,505.899,940.000,497,0.547,-60.000,60.000,true,0.134
0.300,-2000.000,679.871,516.542,900.000,510,0.601,-60.000,60.000,true,0.134
0.284,-2000.000,648.958,526.572,880.000,523,0.655,-60.000,60.000,true,0.134
0.266,-2000.000,616.115,536.690,820.000,535,0.701,-60.000,60.000,true,0.134
0.251,-2000.000,586.382,545.407,780.000,545,0.747,-60.000,60.000,true,0.134
0.233,-2000.000,556.499,553.722,700.000,560,0.810,-60.000,60.000,true,0.229
0.213,-2000.000,512.986,564.883,680.000,569,0.847,-60.000,60.000,true,0.229
0.195,-2000.000,479.051,573.011,640.000,580,0.889,-60.000,60.000,true,0.229
0.178,-2000.000,446.280,580.324,600.000,589,0.926,-60.000,60.000,true,0.229
0.162,-2000.000,415.268,586.763,580.000,597,0.964,-60.000,60.000,true,0.229
0.146,-2000.000,383.911,592.782,540.000,605,0.997,-60.000,60.000,true,0.229
0.130,-2000.000,352.884,598.257,540.000,612,1.027,-60.000,60.000,true,0.229
0.000,-3008.530,480.000,622.000,460.000,623,1.073,-60.000,60.000,true,0.291
0.147,-3000.000,417.686,630.676,440.000,630,1.102,-60.000,60.000,true,0.291
0.125,-3000.000,371.226,636.425,420.000,636,1.123,-60.000,60.000,true,0.291
0.103,-3000.000,322.185,641.692,380.000,640,1.144,-60.000,60.000,true,0.291
0.081,-3000.000,275.912,645.947,320.000,645,1.160,-60.000,60.000,true,0.291
0.059,-3000.000,227.275,649.632,220.000,647,1.169,-60.000,60.000,true,0.291
0.038,-3000.000,181.631,652.396,200.000,649,1.177,-60.000,60.000,true,0.291
0.019,-3000.000,136.030,654.463,100.000,649,1.177,-60.000,60.000,true,0.656
-0.010,-3000.000,72.789,655.998,40.000,649,1.177,-60.000,60.000,true,0.656
-0.033,-3000.000,17.908,656.325,-40.000,647,1.169,-60.000,60.000,true,0.656
-0.107,-3000.000,-34.035,655.736,-60.000,646,1.164,-60.000,60.000,true,0.656
-0.130,-3000.000,-84.036,654.335,-80.000,645,1.156,-60.000,60.000,true,0.656
-0.154,-3000.000,-134.631,652.065,-80.000,643,1.152,-60.000,60.000,true,0.656
-0.178,-3000.000,-182.935,649.119,-100.000,641,1.144,-60.000,60.000,true,0.331
-0.211,-3000.000,-250.292,643.500,-120.000,638,1.131,-60.000,60.000,true,0.331
-0.246,-3000.000,-317.642,636.369,-160.000,634,1.114,-60.000,60.000,true,0.331
-0.108,2000.000,-284.140,631.609,-200.000,629,1.093,-60.000,60.000,true,0.331
-0.090,2000.000,-247.818,627.108,-240.000,624,1.068,-60.000,60.000,true,0.331
0.000,-2405.086,-280.000,618.000,-340.000,617,1.039,-60.000,60.000,true,0.331
0.032,0.000,0.000,617.922,-400.000,607,1.002,-60.000,60.000,true,1.126
0.038,-0.000,0.000,617.922,-400.000,601,0.977,-60.000,60.000,true,1.126
0.043,-0.000,0.000,617.922,-360.000,595,0.947,-60.000,60.000,true,1.126
0.047,-0.000,0.000,617.922,-300.000,591,0.935,-60.000,60.000,true,1.126
0.047,-0.000,0.000,617.922,-240.000,590,0.931,-60.000,60.000,true,1.126
0.047,-0.000,0.000,617.922,-100.000,590,0.931,-60.000,60.000,true,1.126
0.047,-0.000,0.000,617.922,-20.000,590,0.931,-60.000,60.000,true,1.188
0.047,-0.000,0.000,617.922,20.000,591,0.935,-60.000,60.000,true,1.188
0.045,-0.000,0.000,617.922,60.000,593,0.943,-60.000,60.000,true,1.188
0.045,-0.000,0.000,617.922,80.000,594,0.947,-60.000,60.000,true,1.188
0.044,-0.000,0.000,617.922,80.000,596,0.956,-60.000,60.000,true,1.188
0.044,-0.000,0.000,617.922,60.000,596,0.960,-60.000,60.000,true,1.188
0.042,-0.000,0.000,617.922,60.000,597,0.964,-60.000,60.000,true,0.448
0.042,-0.000,0.000,617.922,40.000,598,0.964,-60.000,60.000,true,0.448
0.042,-0.000,0.000,617.922,20.000,598,0.964,-60.000,60.000,true,0.448
0.042,-0.000,0.000,617.922,20.000,598,0.968,-60.000,60.000,true,0.448
0.040,-0.000,0.000,617.922,20.000,599,0.968,-60.000,60.000,true,0.448
0.040,-0.000,0.000,617.922,40.000,600,0.972,-60.000,60.000,true,0.448
0.040,-0.000,0.000,617.922,20.000,600,0.972,-60.000,60.000,true,0.616
0.039,-0.000,0.000,617.922,40.000,601,0.977,-60.000,60.000,true,0.616
0.039,-0.000,0.000,617.922,40.000,602,0.981,-60.000,60.000,true,0.616
0.039,-0.000,0.000,617.922,60.000,602,0.985,-60.000,60.000,true,0.616
0.037,-0.000,0.000,617.922,60.000,603,0.989,-60.000,60.000,true,0.616
0.037,-0.000,0.000,617.922,60.000,604,0.989,-60.000,60.000,true,0.616
0.035,-0.000,0.000,617.922,60.000,605,0.993,-60.000,60.000,true,0.616
0.035,-0.000,0.000,617.922,60.000,606,0.997,-60.000,60.000,true,0.616
0.034,-0.000,0.000,617.922,60.000,607,1.002,-60.000,60.000,true,0.451
0.034,-0.000,0.000,617.922,60.000,608,1.006,-60.000,60.000,true,0.451
0.034,-0.000,0.000,617.922,40.000,608,1.006,-60.000,60.000,true,0.451
0.032,-0.000,0.000,617.922,40.000,609,1.010,-60.000,60.000,true,0.451
0.032,-0.000,0.000,617.922,20.000,609,1.010,-60.000,60.000,true,0.451
0.032,-0.000,0.000,617.922,40.000,610,1.014,-60.000,60.000,true,0.451
0.032,-0.000,0.000,617.922,20.000,610,1.014,-60.000,60.000,true,0.451
0.030,-0.000,0.000,617.922,40.000,611,1.018,-60.000,60.000,true,0.721
0.030,-0.000,0.000,617.922,20.000,611,1.018,-60.000,60.000,true,0.721
0.030,-0.000,0.000,617.922,40.000,612,1.022,-60.000,60.000,true,0.721
0.029,-0.000,0.000,617.922,40.000,613,1.027,-60.000,60.000,true,0.721
0.029,-0.000,0.000,617.922,40.000,613,1.031,-60.000,60.000,true,0.721
0.000,1404.519,60.000,614.000,40.000,614,1.031,-60.000,60.000,true,0.721
0.000,0.000,60.000,615.000,60.000,615,1.035,-60.000,60.000,true,0.721
0.000,0.000,60.000,616.000,60.000,616,1.039,-60.000,60.000,true,0.612
0.000,-1017.380,40.000,616.000,40.000,616,1.039,-60.000,60.000,true,0.612
0.000,-1135.476,20.000,616.000,20.000,616,1.039,-60.000,60.000,true,0.612
0.000,0.000,20.000,616.000,-0.000,616,1.039,-60.000,60.000,true,0.612
0.000,-1432.241,-0.000,616.000,-0.000,616,1.039,-60.000,60.000,true,0.612
0.000,0.000,-0.000,616.000,-0.000,616,1.039,-60.000,60.000,true,0.612
0.000,0.000,-0.000,616.000,-0.000,616,1.039,-60.000,60.000,true,0.612
0.000,0.000,-0.000,616.000,-0.000,616,1.039,-60.000,60.000,true,0.003
0.000,0.000,-0.000,616.000,-0.000,616,1.039,-60.000,60.000,true,0.003
0.000,0.000,-0.000,616.000,-0.000,616,1.039,-60.000,60.000,true,0.003
0.000,0.000,-0.000,616.000,-0.000,616,1.039,-60.000,60.000,true,0.003
0.000,0.000,-0.000,616.000,-0.000,616,1.039,-60.000,60.000,true,0.003
0.000,0.000,-0.000,616.000,-0.000,616,1.039,-60.000,60.000,true,0.003
0.000,0.000,-0.000,616.000,-0.000,616,1.039,-60.000,60.000,true,0.003
0.000,0.000,-0.000,616.000,-0.000,616,1.039,-60.000,60.000,true,0.003
0.000,0.000,-0.000,616.000,-0.000,616,1.039,-60.000,60.000,true,0.003
0.000,0.000,-0.000,616.000,-0.000,616,1.039,-60.000,60.000,true,0.003
0.000,0.000,-0.000,616.000,-0.000,616,1.039,-60.000,60.000,true,0.003
0.000,0.000,-0.000,616.000,-0.000,616,1.039,-60.000,60.000,true,0.003
0.000,0.000,-0.000,616.000,-0.000,616,1.039,-60.000,60.000,true,0.003
0.000,0.000,-0.000,616.000,-0.000,616,1.039,-60.000,60.000,true,0.003
0.000,0.000,-0.000,616.000,-0.000,616,1.039,-60.000,60.000,true,0.003
0.000,0.000,-0.000,616.000,-0.000,616,1.039,-60.000,60.000,true,0.003
0.000,0.000,-0.000,616.000,-0.000,616,1.039,-60.000,60.000,true,0.003
0.000,0.000,-0.000,616.000,-0.000,616,1.039,-60.000,60.000,true,0.003
0.000,0.000,-0.000,616.000,-0.000,616,1.039,-60.000,60.000,true,0.003
0.000,0.000,-0.000,616.000,-0.000,616,1.039,-60.000,60.000,true,0.003
0.000,0.000,-0.000,616.000,-0.000,616,1.039,-60.000,60.000,true,0.003
0.000,0.000,-0.000,616.000,-0.000,616,1.039,-60.000,60.000,true,0.003
0.000,0.000,-0.000,616.000,-0.000,616,1.039,-60.000,60.000,true,0.003
-0.000,0.000,-0.000,616.000,-0.000,616,1.039,-60.000,60.000,true,0.003
-0.000,0.000,-0.000,616.000,-0.000,616,1.039,-60.000,60.000,true,0.003
-0.000,0.000,-0.000,616.000,-0.000,616,1.039,-60.000,60.000,true,0.003
-0.000,0.000,-0.000,616.000,-0.000,616,1.039,-60.000,60.000,true,0.003
-0.000,0.000,-0.000,616.000,-0.000,616,1.039,-60.000,60.000,true,0.003
-0.000,0.000,-0.000,616.000,-0.000,616,1.039,-60.000,60.000,true,0.003
-0.000,0.000,-0.000,616.000,-0.000,616,1.039,-60.000,60.000,true,0.003
-0.000,0.000,-0.000,616.000,-0.000,616,1.039,-60.000,60.000,true,0.003
-0.000,0.000,-0.000,616.000,-0.000,616,1.039,-60.000,60.000,true,0.003
-0.125,-3000.000,-53.900,615.032,-0.000,616,1.039,-60.000,60.000,false,0.003
-0.152,-3000.000,-109.074,613.026,-0.000,616,1.039,-60.000,60.000,false,0.003
-0.177,-3000.000,-159.891,610.317,-40.000,614,1.031,-60.000,60.000,false,0.674
-0.211,-3000.000,-227.276,605.212,-60.000,612,1.022,-60.000,60.000,false,0.674
-0.241,-3000.000,-285.870,599.629,-100.000,610,1.014,-60.000,60.000,false,0.674
-0.268,-3000.000,-336.553,593.943,-120.000,607,1.002,-60.000,60.000,false,0.674
-0.293,-3000.000,-386.574,587.497,-180.000,603,0.981,-60.000,60.000,false,0.674
-0.319,-3000.000,-438.883,579.845,-260.000,598,0.960,-60.000,60.000,false,0.674
-0.348,-3000.000,-495.214,570.546,-320.000,588,0.922,-60.000,60.000,false,1.454
-0.385,-3000.000,-565.243,557.352,-400.000,580,0.889,-60.000,60.000,false,1.454
-0.408,-3000.000,-612.261,547.756,-460.000,573,0.851,-60.000,60.000,false,1.454
-0.440,-3000.000,-675.480,533.522,-520.000,561,0.805,-60.000,60.000,false,1.454
-0.465,-3000.000,-725.601,521.399,-540.000,551,0.764,-60.000,60.000,false,1.454
-0.489,-3000.000,-771.701,509.540,-600.000,541,0.722,-60.000,60.000,false,1.454
-0.514,-3000.000,-821.046,496.036,-680.000,524,0.651,-60.000,60.000,false,1.676
-0.549,-3000.000,-885.485,477.016,-740.000,512,0.597,-60.000,60.000,false,1.676
-0.584,-3000.000,-954.421,455.084,-780.000,492,0.518,-60.000,60.000,false,1.676
-0.610,-3000.000,-1012.282,435.560,-880.000,468,0.413,-60.000,60.000,false,1.676
-0.649,-3000.000,-1085.005,409.259,-940.000,450,0.342,-60.000,60.000,false,1.676
-0.509,2000.000,-1053.907,392.871,-1000.000,433,0.271,-60.000,60.000,false,1.676
-0.490,2000.000,-1021.334,376.237,-1080.000,409,0.171,-60.000,60.000,false,1.720
-0.474,2000.000,-982.227,357.031,-1100.000,394,0.109,-60.000,60.000,false,1.720
-0.458,2000.000,-953.927,343.534,-1120.000,378,0.042,-60.000,60.000,false,1.720
-0.443,2000.000,-926.144,330.668,-1120.000,362,-0.029,-60.000,60.000,false,1.720
-0.587,-3000.000,-969.078,316.799,-1100.000,347,-0.088,-60.000,60.000,false,1.720
-0.447,2000.000,-941.170,303.666,-1080.000,331,-0.154,-60.000,60.000,false,1.720
-0.428,2000.000,-904.014,286.871,-1060.000,312,-0.234,-60.000,60.000,false,1.720
-0.402,2000.000,-872.897,273.291,-1000.000,292,-0.317,-60.000,60.000,false,0.342
-0.384,2000.000,-832.516,256.481,-1000.000,277,-0.384,-60.000,60.000,false,0.342
-0.367,2000.000,-799.818,243.405,-960.000,263,-0.438,-60.000,60.000,false,0.342
-0.351,2000.000,-768.554,231.391,-940.000,248,-0.501,-60.000,60.000,false,0.342
-0.333,2000.000,-735.821,219.349,-900.000,234,-0.559,-60.000,60.000,false,0.342
-0.317,2000.000,-703.712,208.051,-860.000,221,-0.613,-60.000,60.000,false,0.342
-0.298,2000.000,-669.482,196.593,-820.000,206,-0.680,-60.000,60.000,false,0.342
-0.277,2000.000,-633.336,185.146,-820.000,188,-0.751,-60.000,60.000,false,0.422
-0.254,2000.000,-585.902,171.251,-760.000,173,-0.814,-60.000,60.000,false,0.422
-0.236,2000.000,-551.574,161.783,-780.000,162,-0.860,-60.000,60.000,false,0.422
-0.218,2000.000,-520.203,153.624,-720.000,151,-0.901,-60.000,60.000,false,0.422
-0.199,2000.000,-485.658,145.235,-700.000,140,-0.952,-60.000,60.000,false,0.422
-0.182,2000.000,-454.424,138.138,-680.000,130,-0.993,-60.000,60.000,false,0.422
0.000,2415.124,-640.000,120.000,-640.000,117,-1.043,-60.000,60.000,false,0.309
0.032,0.000,0.000,116.078,-560.000,105,-1.093,-60.000,60.000,false,0.309
0.039,-0.000,0.000,116.078,-560.000,97,-1.127,-60.000,60.000,false,0.309
0.042,-0.000,0.000,116.078,-440.000,94,-1.139,-60.000,60.000,false,0.309
0.045,-0.000,0.000,116.078,-380.000,90,-1.156,-60.000,60.000,false,0.309
0.048,-0.000,0.000,116.078,-240.000,87,-1.169,-60.000,60.000,false,0.309
0.051,-0.000,0.000,116.078,-200.000,83,-1.185,-60.000,60.000,false,0.258
0.053,-0.000,0.000,116.078,-140.000,82,-1.194,-60.000,60.000,false,0.258
0.053,-0.000,0.000,116.078,-120.000,81,-1.194,-60.000,60.000,false,0.258
0.053,-0.000,0.000,116.078,-60.000,81,-1.194,-60.000,60.000,false,0.258
0.053,-0.000,0.000,116.078,-40.000,81,-1.194,-60.000,60.000,false,0.258
0.053,-0.000,0.000,116.078,-0.000,81,-1.194,-60.000,60.000,false,0.258
0.053,-0.000,0.000,116.078,-0.000,81,-1.194,-60.000,60.000,false,0.258
0.054,-0.000,0.000,116.078,-20.000,80,-1.198,-60.000,60.000,false,0.364
0.054,-0.000,0.000,116.078,-20.000,80,-1.198,-60.000,60.000,false,0.364
0.054,-0.000,0.000,116.078,-0.000,80,-1.198,-60.000,60.000,false,0.364
0.054,-0.000,0.000,116.078,-0.000,80,-1.198,-60.000,60.000,false,0.364
0.054,-0.000,0.000,116.078,-0.000,80,-1.198,-60.000,60.000,false,0.364
0.054,-0.000,0.000,116.078,-0.000,80,-1.198,-60.000,60.000,false,0.364
0.054,-0.000,0.000,116.078,-0.000,80,-1.198,-60.000,60.000,false,0.200
0.054,-0.000,0.000,116.078,-0.000,80,-1.198,-60.000,60.000,false,0.200
0.054,-0.000,0.000,116.078,-0.000,80,-1.198,-60.000,60.000,false,0.200
0.054,-0.000,0.000,116.078,-0.000,80,-1.198,-60.000,60.000,false,0.200
0.054,-0.000,0.000,116.078,-0.000,80,-1.198,-60.000,60.000,false,0.200
0.054,-0.000,0.000,116.078,-0.000,80,-1.198,-60.000,60.000,false,0.200
0.054,-0.000,0.000,116.078,-0.000,80,-1.198,-60.000,60.000,false,0.200
0.054,-0.000,0.000,116.078,-0.000,80,-1.198,-60.000,60.000,false,0.200
0.054,-0.000,0.000,116.078,-0.000,80,-1.198,-60.000,60.000,false,0.072
0.054,-0.000,0.000,116.078,-0.000,80,-1.198,-60.000,60.000,false,0.072
0.054,-0.000,0.000,116.078,-0.000,80,-1.198,-60.000,60.000,false,0.072
0.054,-0.000,0.000,116.078,-0.000,80,-1.198,-60.000,60.000,false,0.072
0.054,-0.000,0.000,116.078,-0.000,80,-1.198,-60.000,60.000,false,0.072
0.054,-0.000,0.000,116.078,-0.000,80,-1.198,-60.000,60.000,false,0.072
0.054,-0.000,0.000,116.078,20.000,81,-1.194,-60.000,60.000,false,0.072
0.054,-0.000,0.000,116.078,20.000,81,-1.194,-60.000,60.000,false,0.061
0.053,-0.000,0.000,116.078,20.000,82,-1.189,-60.000,60.000,false,0.061
0.053,-0.000,0.000,116.078,20.000,82,-1.189,-60.000,60.000,false,0.061
0.053,-0.000,0.000,116.078,20.000,82,-1.189,-60.000,60.000,false,0.061
0.053,-0.000,0.000,116.078,20.000,82,-1.189,-60.000,60.000,false,0.061
0.053,-0.000,0.000,116.078,-0.000,82,-1.189,-60.000,60.000,false,0.061
0.053,-0.000,0.000,116.078,-0.000,82,-1.189,-60.000,60.000,false,0.061
0.053,-0.000,0.000,116.078,-0.000,82,-1.189,-60.000,60.000,false,0.178
0.053,-0.000,0.000,116.078,-0.000,82,-1.189,-60.000,60.000,false,0.178
0.053,-0.000,0.000,116.078,-0.000,82,-1.189,-60.000,60.000,false,0.178
0.053,-0.000,0.000,116.078,-0.000,83,-1.185,-60.000,60.000,false,0.178
0.053,-0.000,0.000,116.078,20.000,83,-1.185,-60.000,60.000,false,0.178
0.053,-0.000,0.000,116.078,20.000,83,-1.185,-60.000,60.000,false,0.178
0.053,-0.000,0.000,116.078,20.000,83,-1.185,-60.000,60.000,false,0.178
0.053,-0.000,0.000,116.078,-0.000,83,-1.185,-60.000,60.000,false,0.178
0.053,-0.000,0.000,116.078,-0.000,83,-1.185,-60.000,60.000,false,0.317
0.053,-0.000,0.000,116.078,-0.000,83,-1.185,-60.000,60.000,false,0.317
0.053,-0.000,0.000,116.078,-0.000,83,-1.185,-60.000,60.000,false,0.317
0.053,-0.000,0.000,116.078,-0.000,83,-1.185,-60.000,60.000,false,0.317
0.051,-0.000,0.000,116.078,-0.000,84,-1.181,-60.000,60.000,false,0.317
0.051,-0.000,0.000,116.078,20.000,84,-1.181,-60.000,60.000,false,0.317
0.051,-0.000,0.000,116.078,40.000,85,-1.177,-60.000,60.000,false,0.317
0.051,-0.000,0.000,116.078,40.000,86,-1.173,-60.000,60.000,false,0.371
0.049,-0.000,0.000,116.078,60.000,86,-1.173,-60.000,60.000,false,0.371
0.049,-0.000,0.000,116.078,40.000,87,-1.169,-60.000,60.000,false,0.371
0.048,-0.000,0.000,116.078,40.000,88,-1.164,-60.000,60.000,false,0.371
0.048,-0.000,0.000,116.078,60.000,89,-1.160,-60.000,60.000,false,0.371
0.046,-0.000,0.000,116.078,60.000,90,-1.156,-60.000,60.000,false,0.371
0.046,-0.000,0.000,116.078,60.000,91,-1.152,-60.000,60.000,false,0.371
0.045,-0.000,0.000,116.078,60.000,92,-1.148,-60.000,60.000,false,0.291
0.045,-0.000,0.000,116.078,60.000,94,-1.139,-60.000,60.000,false,0.291
0.043,-0.000,0.000,116.078,40.000,95,-1.135,-60.000,60.000,false,0.291
0.041,-0.000,0.000,116.078,60.000,96,-1.131,-60.000,60.000,false,0.291
0.041,-0.000,0.000,116.078,60.000,97,-1.127,-60.000,60.000,false,0.291
0.040,-0.000,0.000,116.078,80.000,98,-1.118,-60.000,60.000,false,0.291
0.038,-0.000,0.000,116.078,80.000,100,-1.114,-60.000,60.000,false,0.277
0.038,-0.000,0.000,116.078,80.000,101,-1.106,-60.000,60.000,false,0.277
0.036,-0.000,0.000,116.078,60.000,102,-1.106,-60.000,60.000,false,0.277
0.036,-0.000,0.000,116.078,60.000,103,-1.098,-60.000,60.000,false,0.277
0.035,-0.000,0.000,116.078,80.000,105,-1.093,-60.000,60.000,false,0.277
0.035,-0.000,0.000,116.078,60.000,106,-1.089,-60.000,60.000,false,0.277
0.033,-0.000,0.000,116.078,80.000,107,-1.085,-60.000,60.000,false,0.277
0.031,-0.000,0.000,116.078,60.000,108,-1.081,-60.000,60.000,false,0.309
0.031,-0.000,0.000,116.078,80.000,109,-1.077,-60.000,60.000,false,0.309
0.030,-0.000,0.000,116.078,60.000,111,-1.068,-60.000,60.000,false,0.309
0.000,0.000,80.000,112.000,80.000,112,-1.064,-60.000,60.000,false,0.309
0.000,0.000,80.000,113.000,80.000,113,-1.060,-60.000,60.000,false,0.309
0.000,0.000,80.000,115.000,80.000,115,-1.052,-60.000,60.000,false,0.309
0.000,0.000,80.000,116.000,80.000,116,-1.048,-60.000,60.000,false,0.083
0.000,-940.352,60.000,116.000,40.000,116,-1.048,-60.000,60.000,false,0.083
0.000,-1305.575,40.000,116.000,20.000,116,-1.048,-60.000,60.000,false,0.083
0.000,-2361.356,-0.000,116.000,-0.000,116,-1.048,-60.000,60.000,false,0.083
0.000,0.000,-0.000,116.000,-0.000,116,-1.048,-60.000,60.000,false,0.083
0.000,0.000,-0.000,116.000,-0.000,116,-1.048,-60.000,60.000,false,0.083
0.000,0.000,-0.000,116.000,-0.000,116,-1.048,-60.000,60.000,false,0.083
0.000,0.000,-0.000,116.000,-0.000,116,-1.048,-60.000,60.000,false,0.003
0.000,0.000,-0.000,116.000,-0.000,116,-1.048,-60.000,60.000,false,0.003
0.000,0.000,-0.000,116.000,-0.000,116,-1.048,-60.000,60.000,false,0.003
0.000,0.000,-0.000,116.000,-0.000,116,-1.048,-60.000,60.000,false,0.003
0.000,0.000,-0.000,116.000,-0.000,116,-1.048,-60.000,60.000,false,0.003
0.000,0.000,-0.000,116.000,-0.000,116,-1.048,-60.000,60.000,false,0.003
0.000,0.000,-0.000,116.000,-0.000,116,-1.048,-60.000,60.000,false,0.003
0.000,0.000,-0.000,116.000,-0.000,116,-1.048,-60.000,60.000,false,0.003
0.000,0.000,-0.000,116.000,-0.000,116,-1.048,-60.000,60.000,false,0.003
0.000,0.000,-0.000,116.000,-0.000,116,-1.048,-60.000,60.000,false,0.003
0.000,0.000,-0.000,116.000,-0.000,116,-1.048,-60.000,60.000,false,0.003
0.000,0.000,-0.000,116.000,-0.000,116,-1.048,-60.000,60.000,false,0.003
0.000,0.000,-0.000,116.000,-0.000,116,-1.048,-60.000,60.000,false,0.003
0.000,0.000,-0.000,116.000,-0.000,116,-1.048,-60.000,60.000,false,0.003
0.000,0.000,-0.000,116.000,-0.000,116,-1.048,-60.000,60.000,false,0.003
0.000,0.000,-0.000,116.000,-0.000,116,-1.048,-60.000,60.000,false,0.003
0.000,0.000,-0.000,116.000,-0.000,116,-1.048,-60.000,60.000,false,0.003
0.000,0.000,-0.000,116.000,-0.000,116,-1.048,-60.000,60.000,false,0.003
0.000,0.000,-0.000,116.000,-0.000,116,-1.048,-60.000,60.000,false,0.003
0.000,0.000,-0.000,116.000,-0.000,116,-1.048,-60.000,60.000,false,0.003
0.000,0.000,-0.000,116.000,-0.000,116,-1.048,-60.000,60.000,false,0.003
0.000,0.000,-0.000,116.000,-0.000,116,-1.048,-60.000,60.000,false,0.003
-0.000,0.000,-0.000,116.000,-0.000,116,-1.048,-60.000,60.000,false,0.003
0.127,3000.000,58.888,117.156,-0.000,116,-1.048,-60.000,60.000,true,0.003
0.152,3000.000,108.882,118.970,-0.000,116,-1.048,-60.000,60.000,true,0.003
0.181,3000.000,166.451,122.165,-0.000,116,-1.048,-60.000,60.000,true,0.003
0.208,3000.000,218.631,125.967,-0.000,117,-1.039,-60.000,60.000,true,0.003
0.232,3000.000,266.867,130.258,60.000,119,-1.035,-60.000,60.000,true,0.003
0.261,3000.000,319.171,135.823,100.000,122,-1.022,-60.000,60.000,true,0.962
0.294,3000.000,381.306,143.720,120.000,124,-1.010,-60.000,60.000,true,0.962
0.320,3000.000,429.644,150.643,140.000,128,-0.997,-60.000,60.000,true,0.962
0.344,3000.000,475.523,157.915,200.000,132,-0.977,-60.000,60.000,true,0.962
0.368,3000.000,522.815,166.157,240.000,137,-0.956,-60.000,60.000,true,0.962
0.391,3000.000,565.968,174.298,340.000,143,-0.931,-60.000,60.000,true,0.962
0.418,3000.000,616.180,184.611,360.000,150,-0.901,-60.000,60.000,true,0.962
0.440,3000.000,657.234,193.605,440.000,160,-0.864,-60.000,60.000,true,1.673
0.470,3000.000,711.542,206.486,500.000,168,-0.826,-60.000,60.000,true,1.673
0.492,3000.000,756.368,217.787,560.000,178,-0.789,-60.000,60.000,true,1.673
0.513,3000.000,802.309,230.074,620.000,193,-0.722,-60.000,60.000,true,1.673
0.548,3000.000,868.138,249.124,720.000,206,-0.668,-60.000,60.000,true,1.673
0.570,3000.000,912.655,262.666,740.000,218,-0.618,-60.000,60.000,true,1.673
0.595,3000.000,970.810,281.485,880.000,242,-0.513,-60.000,60.000,true,1.658
0.631,3000.000,1038.266,304.831,960.000,259,-0.447,-60.000,60.000,true,1.658
0.656,3000.000,1088.322,322.990,980.000,276,-0.376,-60.000,60.000,true,1.658
0.515,-2000.000,1055.141,340.496,1020.000,294,-0.300,-60.000,60.000,true,1.658
0.500,-2000.000,1024.611,356.136,1100.000,311,-0.221,-60.000,60.000,true,1.658
0.482,-2000.000,992.886,371.886,1120.000,330,-0.146,-60.000,60.000,true,1.658
0.454,-2000.000,955.759,389.628,1180.000,363,-0.008,-60.000,60.000,true,0.699
0.423,-2000.000,897.762,415.662,1160.000,389,0.096,-60.000,60.000,true,0.699
0.573,3000.000,953.923,433.520,1120.000,406,0.171,-60.000,60.000,true,0.699
0.428,-2000.000,915.191,451.243,1100.000,427,0.263,-60.000,60.000,true,0.699
0.409,-2000.000,880.698,466.432,1100.000,444,0.326,-60.000,60.000,true,0.699
0.395,-2000.000,853.026,478.235,1040.000,459,0.388,-60.000,60.000,true,0.699
0.376,-2000.000,821.718,491.098,940.000,475,0.459,-60.000,60.000,true,0.185
0.359,-2000.000,783.653,506.013,920.000,488,0.509,-60.000,60.000,true,0.185
0.341,-2000.000,747.215,519.627,860.000,503,0.572,-60.000,60.000,true,0.185
0.324,-2000.000,713.547,531.638,840.000,517,0.630,-60.000,60.000,true,0.185
0.308,-2000.000,682.370,542.276,780.000,528,0.676,-60.000,60.000,true,0.185
0.291,-2000.000,649.361,552.993,760.000,540,0.726,-60.000,60.000,true,0.185
0.275,-2000.000,617.094,562.949,720.000,552,0.776,-60.000,60.000,true,0.185
0.256,-2000.000,585.824,572.108,700.000,567,0.835,-60.000,60.000,true,0.543
0.237,-2000.000,544.922,583.252,700.000,577,0.881,-60.000,60.000,true,0.543
0.221,-2000.000,514.248,591.140,680.000,587,0.922,-60.000,60.000,true,0.543
0.204,-2000.000,482.610,598.774,680.000,597,0.964,-60.000,60.000,true,0.543
0.184,-2000.000,445.296,607.082,640.000,609,1.014,-60.000,60.000,true,0.543
0.000,-2166.896,620.000,618.000,620.000,619,1.056,-60.000,60.000,true,0.543
0.216,-3000.000,570.654,627.386,580.000,631,1.106,-60.000,60.000,true,0.295
0.183,-3000.000,496.309,639.686,540.000,642,1.148,-60.000,60.000,true,0.295
0.156,-3000.000,442.397,647.636,540.000,651,1.189,-60.000,60.000,true,0.295
0.130,-3000.000,391.637,654.263,540.000,660,1.227,-60.000,60.000,true,0.295
0.095,-3000.000,323.549,661.606,520.000,671,1.273,-60.000,60.000,true,0.295
0.071,-3000.000,276.540,665.939,500.000,679,1.302,-60.000,60.000,true,0.295
0.044,-3000.000,228.541,669.596,460.000,688,1.340,-60.000,60.000,true,0.138
0.013,-3000.000,168.324,672.974,440.000,694,1.369,-60.000,60.000,true,0.138
-0.011,-3000.000,124.175,674.802,420.000,700,1.394,-60.000,60.000,true,0.138
-0.038,-3000.000,74.225,676.038,400.000,706,1.415,-60.000,60.000,true,0.138
-0.063,-3000.000,28.376,676.471,340.000,710,1.431,-60.000,60.000,true,0.138
-0.138,-3000.000,-21.469,676.115,280.000,712,1.444,-60.000,60.000,true,0.138
-0.162,-3000.000,-66.391,675.120,220.000,715,1.457,-60.000,60.000,true,0.138
-0.186,-3000.000,-111.825,673.427,120.000,716,1.457,-60.000,60.000,true,0.594
-0.218,-3000.000,-174.483,669.783,100.000,716,1.457,-60.000,60.000,true,0.594
-0.243,-3000.000,-221.491,666.312,20.000,715,1.452,-60.000,60.000,true,0.594
-0.271,-3000.000,-277.001,661.187,-40.000,713,1.444,-60.000,60.000,true,0.594
-0.295,-3000.000,-323.818,656.133,-120.000,710,1.431,-60.000,60.000,true,0.594
-0.322,-3000.000,-377.432,649.388,-160.000,707,1.415,-60.000,60.000,true,0.594
-0.180,2000.000,-334.605,642.223,-260.000,699,1.386,-60.000,60.000,true,1.097
-0.161,2000.000,-292.316,636.042,-280.000,693,1.361,-60.000,60.000,true,1.097
-0.146,2000.000,-262.373,632.114,-320.000,688,1.335,-60.000,60.000,true,1.097
-0.130,2000.000,-232.300,628.621,-340.000,683,1.319,-60.000,60.000,true,1.097
-0.114,2000.000,-201.245,625.496,-320.000,678,1.298,-60.000,60.000,true,1.097
-0.096,2000.000,-168.646,622.747,-340.000,672,1.273,-60.000,60.000,true,1.097
-0.078,2000.000,-134.866,620.469,-320.000,667,1.252,-60.000,60.000,true,1.097
-0.060,2000.000,-102.827,618.822,-320.000,662,1.231,-60.000,60.000,true,0.462
-0.060,0.000,0.000,617.922,-240.000,660,1.223,-60.000,60.000,true,0.462
-0.058,-0.000,0.000,617.922,-180.000,659,1.219,-60.000,60.000,true,0.462
-0.058,-0.000,0.000,617.922,-120.000,658,1.214,-60.000,60.000,true,0.462
-0.058,-0.000,0.000,617.922,-40.000,658,1.214,-60.000,60.000,true,0.462
-0.058,-0.000,0.000,617.922,-40.000,658,1.214,-60.000,60.000,true,0.462
-0.058,-0.000,0.000,617.922,-0.000,658,1.214,-60.000,60.000,true,0.462
-0.057,-0.000,0.000,617.922,-20.000,657,1.210,-60.000,60.000,true,0.320
-0.057,-0.000,0.000,617.922,-20.000,657,1.210,-60.000,60.000,true,0.320
-0.057,-0.000,0.000,617.922,-40.000,656,1.206,-60.000,60.000,true,0.320
-0.057,-0.000,0.000,617.922,-20.000,656,1.206,-60.000,60.000,true,0.320
-0.057,-0.000,0.000,617.922,-20.000,656,1.206,-60.000,60.000,true,0.320
-0.055,-0.000,0.000,617.922,-40.000,655,1.202,-60.000,60.000,true,0.320
-0.055,-0.000,0.000,617.922,-20.000,655,1.202,-60.000,60.000,true,0.320
-0.055,-0.000,0.000,617.922,-40.000,654,1.198,-60.000,60.000,true,0.466
-0.055,-0.000,0.000,617.922,-20.000,654,1.198,-60.000,60.000,true,0.466
-0.054,-0.000,0.000,617.922,-40.000,653,1.194,-60.000,60.000,true,0.466
-0.054,-0.000,0.000,617.922,-20.000,653,1.189,-60.000,60.000,true,0.466
-0.054,-0.000,0.000,617.922,-40.000,652,1.189,-60.000,60.000,true,0.466
-0.052,-0.000,0.000,617.922,-40.000,651,1.185,-60.000,60.000,true,0.466
-0.052,-0.000,0.000,617.922,-40.000,650,1.181,-60.000,60.000,true,0.466
-0.050,-0.000,0.000,617.922,-40.000,649,1.177,-60.000,60.000,true,0.528
-0.050,-0.000,0.000,617.922,-60.000,648,1.173,-60.000,60.000,true,0.528
-0.049,-0.000,0.000,617.922,-80.000,647,1.169,-60.000,60.000,true,0.528
-0.049,-0.000,0.000,617.922,-80.000,646,1.164,-60.000,60.000,true,0.528
-0.046,-0.000,0.000,617.922,-80.000,644,1.156,-60.000,60.000,true,0.528
-0.046,-0.000,0.000,617.922,-80.000,643,1.152,-60.000,60.000,true,0.528
-0.045,-0.000,0.000,617.922,-80.000,641,1.144,-60.000,60.000,true,0.390
-0.045,-0.000,0.000,617.922,-60.000,640,1.139,-60.000,60.000,true,0.390
-0.043,-0.000,0.000,617.922,-60.000,640,1.135,-60.000,60.000,true,0.390
-0.043,-0.000,0.000,617.922,-60.000,639,1.135,-60.000,60.000,true,0.390
-0.041,-0.000,0.000,617.922,-60.000,638,1.131,-60.000,60.000,true,0.390
-0.041,-0.000,0.000,617.922,-60.000,637,1.127,-60.000,60.000,true,0.390
-0.040,-0.000,0.000,617.922,-60.000,636,1.123,-60.000,60.000,true,0.390
-0.040,-0.000,0.000,617.922,-60.000,635,1.118,-60.000,60.000,true,0.422
-0.038,-0.000,0.000,617.922,-60.000,634,1.114,-60.000,60.000,true,0.422
-0.038,-0.000,0.000,617.922,-60.000,633,1.110,-60.000,60.000,true,0.422
-0.036,-0.000,0.000,617.922,-60.000,632,1.106,-60.000,60.000,true,0.422
-0.036,-0.000,0.000,617.922,-60.000,631,1.102,-60.000,60.000,true,0.422
-0.035,-0.000,0.000,617.922,-60.000,630,1.098,-60.000,60.000,true,0.422
-0.035,-0.000,0.000,617.922,-60.000,628,1.089,-60.000,60.000,true,0.422
-0.032,-0.000,0.000,617.922,-60.000,626,1.081,-60.000,60.000,true,0.400
-0.032,-0.000,0.000,617.922,-80.000,625,1.077,-60.000,60.000,true,0.400
-0.030,-0.000,0.000,617.922,-80.000,624,1.073,-60.000,60.000,true,0.400
-0.030,-0.000,0.000,617.922,-80.000,623,1.068,-60.000,60.000,true,0.400
0.000,0.000,-80.000,622.000,-80.000,622,1.064,-60.000,60.000,true,0.400
0.000,0.000,-80.000,621.000,-80.000,621,1.060,-60.000,60.000,true,0.400
0.000,1390.958,-60.000,620.000,-60.000,620,1.056,-60.000,60.000,true,0.400
0.000,-1414.398,-80.000,619.000,-80.000,619,1.052,-60.000,60.000,true,0.080
0.000,966.489,-60.000,619.000,-40.000,619,1.052,-60.000,60.000,true,0.080
0.000,1330.270,-40.000,619.000,-40.000,619,1.052,-60.000,60.000,true,0.080
0.000,1309.240,-20.000,619.000,-0.000,619,1.052,-60.000,60.000,true,0.080
0.000,1133.618,-0.000,619.000,-0.000,619,1.052,-60.000,60.000,true,0.080
0.000,0.000,-0.000,619.000,-0.000,619,1.052,-60.000,60.000,true,0.080
0.000,0.000,-0.000,619.000,-0.000,619,1.052,-60.000,60.000,true,0.003
0.000,0.000,-0.000,619.000,-0.000,619,1.052,-60.000,60.000,true,0.003
0.000,0.000,-0.000,619.000,-0.000,619,1.052,-60.000,60.000,true,0.003
0.000,0.000,-0.000,619.000,-0.000,619,1.052,-60.000,60.000,true,0.003
0.000,0.000,-0.000,619.000,-0.000,619,1.052,-60.000,60.000,true,0.003
0.000,0.000,-0.000,619.000,-0.000,619,1.052,-60.000,60.000,true,0.003
0.000,0.000,-0.000,619.000,-0.000,619,1.052,-60.000,60.000,true,0.003
0.000,0.000,-0.000,619.000,-0.000,619,1.052,-60.000,60.000,true,0.003
0.000,0.000,-0.000,619.000,-0.000,619,1.052,-60.000,60.000,true,0.003
0.000,0.000,-0.000,619.000,-0.000,619,1.052,-60.000,60.000,true,0.003
0.000,0.000,-0.000,619.000,-0.000,619,1.052,-60.000,60.000,true,0.003
0.000,0.000,-0.000,619.000,-0.000,619,1.052,-60.000,60.000,true,0.003
0.000,0.000,-0.000,619.000,-0.000,619,1.052,-60.000,60.000,true,0.003
0.000,0.000,-0.000,619.000,-0.000,619,1.052,-60.000,60.000,true,0.003
0.000,0.000,-0.000,619.000,-0.000,619,1.052,-60.000,60.000,true,0.003
0.000,0.000,-0.000,619.000,-0.000,619,1.052,-60.000,60.000,true,0.003
0.000,0.000,-0.000,619.000,-0.000,619,1.052,-60.000,60.000,true,0.003
0.000,0.000,-0.000,619.000,-0.000,619,1.052,-60.000,60.000,true,0.003
0.000,0.000,-0.000,619.000,-0.000,619,1.052,-60.000,60.000,true,0.003
-0.000,0.000,-0.000,619.000,-0.000,619,1.052,-60.000,60.000,true,0.003
-0.000,0.000,-0.000,619.000,-0.000,619,1.052,-60.000,60.000,true,0.003
-0.000,0.000,-0.000,619.000,-0.000,619,1.052,-60.000,60.000,true,0.003
-0.000,0.000,-0.000,619.000,-0.000,619,1.052,-60.000,60.000,true,0.003
-0.119,-3000.000,-43.138,618.380,-0.000,619,1.052,-60.000,60.000,false,0.003
-0.145,-3000.000,-93.981,616.787,-0.000,619,1.052,-60.000,60.000,false,0.003
-0.166,-3000.000,-136.833,614.832,-0.000,619,1.052,-60.000,60.000,false,0.003
-0.199,-3000.000,-199.550,610.661,-0.000,619,1.052,-60.000,60.000,false,0.003
-0.221,-3000.000,-243.418,607.101,-20.000,618,1.048,-60.000,60.000,false,0.003
-0.250,-3000.000,-296.017,601.911,-20.000,617,1.043,-60.000,60.000,false,0.003
-0.275,-3000.000,-343.494,596.475,-60.000,616,1.039,-60.000,60.000,false,0.003
-0.299,-3000.000,-388.251,590.683,-100.000,614,1.027,-60.000,60.000,false,0.003
-0.322,-3000.000,-431.393,584.479,-140.000,611,1.018,-60.000,60.000,false,0.003
-0.351,-3000.000,-482.485,576.262,-200.000,605,0.993,-60.000,60.000,false,1.749
-0.385,-3000.000,-543.286,565.251,-260.000,600,0.968,-60.000,60.000,false,1.749
-0.408,-3000.000,-587.327,556.629,-300.000,594,0.943,-60.000,60.000,false,1.749
-0.432,-3000.000,-633.777,546.816,-380.000,587,0.914,-60.000,60.000,false,1.749
-0.454,-3000.000,-677.117,537.034,-420.000,579,0.881,-60.000,60.000,false,1.749
-0.478,-3000.000,-723.982,525.724,-520.000,569,0.839,-60.000,60.000,false,1.749
-0.505,-3000.000,-776.730,512.067,-620.000,558,0.793,-60.000,60.000,false,1.749
-0.531,-3000.000,-827.478,498.070,-680.000,542,0.726,-60.000,60.000,false,2.022
-0.565,-3000.000,-890.889,479.239,-740.000,527,0.664,-60.000,60.000,false,2.022
-0.590,-3000.000,-942.288,463.095,-800.000,514,0.605,-60.000,60.000,false,2.022
-0.619,-3000.000,-1003.318,442.684,-900.000,494,0.522,-60.000,60.000,false,2.022
-0.643,-3000.000,-1054.489,424.698,-960.000,474,0.442,-60.000,60.000,false,2.022
-0.671,-3000.000,-1111.009,403.766,-1040.000,454,0.359,-60.000,60.000,false,2.022
-0.527,2000.000,-1074.613,384.210,-1100.000,428,0.250,-60.000,60.000,false,1.902
-0.501,2000.000,-1020.716,356.703,-1180.000,402,0.138,-60.000,60.000,false,1.902
-0.483,2000.000,-990.975,341.967,-1220.000,383,0.063,-60.000,60.000,false,1.902
-0.466,2000.000,-961.328,327.717,-1240.000,365,-0.013,-60.000,60.000,false,1.902
-0.448,2000.000,-930.496,313.372,-1220.000,347,-0.088,-60.000,60.000,false,1.902
-0.430,2000.000,-900.572,299.898,-1200.000,329,-0.167,-60.000,60.000,false,1.902
-0.410,2000.000,-867.000,285.344,-1180.000,310,-0.246,-60.000,60.000,false,1.902
-0.382,2000.000,-837.482,272.984,-1160.000,288,-0.338,-60.000,60.000,false,0.233
-0.362,2000.000,-797.646,257.096,-1120.000,270,-0.409,-60.000,60.000,false,0.233
-0.344,2000.000,-764.324,244.362,-1060.000,256,-0.472,-60.000,60.000,false,0.233
-0.326,2000.000,-733.231,232.963,-980.000,241,-0.534,-60.000,60.000,false,0.233
-0.307,2000.000,-699.874,221.290,-960.000,225,-0.597,-60.000,60.000,false,0.233
-0.290,2000.000,-668.772,210.890,-920.000,211,-0.659,-60.000,60.000,false,0.233
-0.272,2000.000,-636.758,200.697,-900.000,197,-0.714,-60.000,60.000,false,0.233
-0.253,2000.000,-607.002,191.666,-880.000,181,-0.780,-60.000,60.000,false,0.196
-0.231,2000.000,-565.068,179.818,-840.000,169,-0.831,-60.000,60.000,false,0.196
-0.214,2000.000,-532.232,171.080,-760.000,157,-0.881,-60.000,60.000,false,0.196
-0.192,2000.000,-492.589,161.316,-700.000,143,-0.939,-60.000,60.000,false,0.196
-0.173,2000.000,-457.013,153.187,-680.000,132,-0.985,-60.000,60.000,false,0.196
-0.157,2000.000,-426.320,146.645,-640.000,123,-1.018,-60.000,60.000,false,0.196
0.000,3839.887,-600.000,114.000,-600.000,112,-1.068,-60.000,60.000,false,0.174
-0.204,3000.000,-538.691,102.991,-560.000,104,-1.098,-60.000,60.000,false,0.174
-0.184,3000.000,-494.499,95.707,-520.000,97,-1.131,-60.000,60.000,false,0.174
-0.159,3000.000,-440.235,87.744,-460.000,90,-1.160,-60.000,60.000,false,0.174
-0.136,3000.000,-391.900,81.430,-420.000,82,-1.194,-60.000,60.000,false,0.174
-0.106,3000.000,-330.523,74.667,-400.000,75,-1.223,-60.000,60.000,false,0.174
-0.080,3000.000,-278.361,69.828,-380.000,66,-1.256,-60.000,60.000,false,0.681
-0.045,3000.000,-207.693,64.935,-360.000,60,-1.281,-60.000,60.000,false,0.681
-0.018,3000.000,-154.921,62.210,-340.000,55,-1.302,-60.000,60.000,false,0.681
0.007,3000.000,-104.474,60.453,-300.000,51,-1.319,-60.000,60.000,false,0.681
0.037,3000.000,-47.242,59.552,-240.000,47,-1.335,-60.000,60.000,false,0.681
0.128,3000.000,33.994,60.472,-160.000,44,-1.348,-60.000,60.000,false,0.204
0.161,3000.000,98.931,62.614,-100.000,43,-1.352,-60.000,60.000,false,0.204
0.197,3000.000,168.212,66.498,-40.000,43,-1.352,-60.000,60.000,false,0.204
0.229,3000.000,229.088,71.147,-0.000,43,-1.348,-60.000,60.000,false,0.204
0.255,3000.000,278.436,75.727,20.000,44,-1.348,-60.000,60.000,false,0.204
0.286,3000.000,337.039,82.311,60.000,47,-1.335,-60.000,60.000,false,0.379
0.324,3000.000,404.577,91.419,100.000,50,-1.323,-60.000,60.000,false,0.379
0.184,-2000.000,362.537,99.040,140.000,52,-1.315,-60.000,60.000,false,0.379
0.171,-2000.000,329.777,104.442,160.000,56,-1.298,-60.000,60.000,false,0.379
0.154,-2000.000,293.312,109.789,220.000,61,-1.277,-60.000,60.000,false,0.379
0.138,-2000.000,259.160,114.215,240.000,66,-1.252,-60.000,60.000,false,0.379
0.063,0.000,0.000,116.078,280.000,71,-1.235,-60.000,60.000,false,0.535
0.058,-0.000,0.000,116.078,280.000,76,-1.214,-60.000,60.000,false,0.535
0.054,-0.000,0.000,116.078,260.000,82,-1.189,-60.000,60.000,false,0.535
0.051,-0.000,0.000,116.078,240.000,84,-1.177,-60.000,60.000,false,0.535
0.049,-0.000,0.000,116.078,160.000,86,-1.173,-60.000,60.000,false,0.535
0.049,-0.000,0.000,116.078,140.000,87,-1.164,-60.000,60.000,false,0.535
0.048,-0.000,0.000,116.078,80.000,88,-1.164,-60.000,60.000,false,0.131
0.048,-0.000,0.000,116.078,40.000,88,-1.164,-60.000,60.000,false,0.131
0.048,-0.000,0.000,116.078,20.000,88,-1.164,-60.000,60.000,false,0.131
0.048,-0.000,0.000,116.078,-0.000,88,-1.164,-60.000,60.000,false,0.131
0.048,-0.000,0.000,116.078,-0.000,88,-1.164,-60.000,60.000,false,0.131
0.048,-0.000,0.000,116.078,-0.000,88,-1.164,-60.000,60.000,false,0.131
0.048,-0.000,0.000,116.078,-0.000,88,-1.164,-60.000,60.000,false,0.131
0.048,-0.000,0.000,116.078,20.000,89,-1.160,-60.000,60.000,false,0.277
0.046,-0.000,0.000,116.078,20.000,90,-1.156,-60.000,60.000,false,0.277
0.046,-0.000,0.000,116.078,60.000,91,-1.152,-60.000,60.000,false,0.277
0.046,-0.000,0.000,116.078,40.000,91,-1.152,-60.000,60.000,false,0.277
0.046,-0.000,0.000,116.078,40.000,91,-1.152,-60.000,60.000,false,0.277
0.046,-0.000,0.000,116.078,20.000,91,-1.148,-60.000,60.000,false,0.277
0.044,-0.000,0.000,116.078,20.000,92,-1.148,-60.000,60.000,false,0.277
0.044,-0.000,0.000,116.078,20.000,92,-1.144,-60.000,60.000,false,0.371
0.044,-0.000,0.000,116.078,40.000,93,-1.144,-60.000,60.000,false,0.371
0.043,-0.000,0.000,116.078,40.000,94,-1.139,-60.000,60.000,false,0.371
0.043,-0.000,0.000,116.078,40.000,95,-1.135,-60.000,60.000,false,0.371
0.041,-0.000,0.000,116.078,60.000,96,-1.131,-60.000,60.000,false,0.371
0.041,-0.000,0.000,116.078,60.000,96,-1.127,-60.000,60.000,false,0.371
0.041,-0.000,0.000,116.078,60.000,98,-1.123,-60.000,60.000,false,0.371
0.040,-0.000,0.000,116.078,60.000,98,-1.118,-60.000,60.000,false,0.320
0.038,-0.000,0.000,116.078,60.000,100,-1.114,-60.000,60.000,false,0.320
0.038,-0.000,0.000,116.078,80.000,101,-1.110,-60.000,60.000,false,0.320
0.036,-0.000,0.000,116.078,60.000,102,-1.106,-60.000,60.000,false,0.320
0.036,-0.000,0.000,116.078,60.000,102,-1.106,-60.000,60.000,false,0.320
0.036,-0.000,0.000,116.078,60.000,103,-1.102,-60.000,60.000,false,0.320
0.035,-0.000,0.000,116.078,60.000,104,-1.098,-60.000,60.000,false,0.320
0.035,-0.000,0.000,116.078,40.000,104,-1.098,-60.000,60.000,false,0.269
0.035,-0.000,0.000,116.078,40.000,105,-1.093,-60.000,60.000,false,0.269
0.035,-0.000,0.000,116.078,40.000,105,-1.093,-60.000,60.000,false,0.269
0.033,-0.000,0.000,116.078,40.000,106,-1.089,-60.000,60.000,false,0.269
0.033,-0.000,0.000,116.078,40.000,107,-1.085,-60.000,60.000,false,0.269
0.033,-0.000,0.000,116.078,40.000,107,-1.085,-60.000,60.000,false,0.269
0.031,-0.000,0.000,116.078,40.000,108,-1.081,-60.000,60.000,false,0.269
0.031,-0.000,0.000,116.078,60.000,109,-1.077,-60.000,60.000,false,0.357
0.030,-0.000,0.000,116.078,60.000,110,-1.073,-60.000,60.000,false,0.357
0.030,-0.000,0.000,116.078,60.000,111,-1.068,-60.000,60.000,false,0.357
0.000,0.000,60.000,112.000,60.000,112,-1.064,-60.000,60.000,false,0.357
0.000,1177.495,80.000,113.000,80.000,113,-1.060,-60.000,60.000,false,0.357
0.000,-1263.547,60.000,114.000,60.000,114,-1.056,-60.000,60.000,false,0.357
0.000,1061.724,80.000,115.000,60.000,115,-1.048,-60.000,60.000,false,0.309
0.000,-1065.700,60.000,116.000,60.000,116,-1.048,-60.000,60.000,false,0.309
0.000,-1275.890,40.000,116.000,20.000,116,-1.048,-60.000,60.000,false,0.309
0.000,-910.389,20.000,116.000,-0.000,116,-1.048,-60.000,60.000,false,0.309
0.000,-679.618,-0.000,116.000,-0.000,116,-1.048,-60.000,60.000,false,0.309
0.000,0.000,-0.000,116.000,-0.000,116,-1.048,-60.000,60.000,false,0.309
0.000,0.000,-0.000,116.000,-0.000,116,-1.048,-60.000,60.000,false,0.003
0.000,0.000,-0.000,116.000,-0.000,116,-1.048,-60.000,60.000,false,0.003
0.000,0.000,-0.000,116.000,-0.000,116,-1.048,-60.000,60.000,false,0.003
0.000,0.000,-0.000,116.000,-0.000,116,-1.048,-60.000,60.000,false,0.003
0.000,0.000,-0.000,116.000,-0.000,116,-1.048,-60.000,60.000,false,0.003
0.000,0.000,-0.000,116.000,-0.000,116,-1.048,-60.000,60.000,false,0.003
0.000,0.000,-0.000,116.000,-0.000,116,-1.048,-60.000,60.000,false,0.003
0.000,0.000,-0.000,116.000,-0.000,116,-1.048,-60.000,60.000,false,0.003
0.000,0.000,-0.000,116.000,-0.000,116,-1.048,-60.000,60.000,false,0.003
0.000,0.000,-0.000,116.000,-0.000,116,-1.048,-60.000,60.000,false,0.003
0.000,0.000,-0.000,116.000,-0.000,116,-1.048,-60.000,60.000,false,0.003
0.000,0.000,-0.000,116.000,-0.000,116,-1.048,-60.000,60.000,false,0.003
0.000,0.000,-0.000,116.000,-0.000,116,-1.048,-60.000,60.000,false,0.003
0.000,0.000,-0.000,116.000,-0.000,116,-1.048,-60.000,60.000,false,0.003
0.000,0.000,-0.000,116.000,-0.000,116,-1.048,-60.000,60.000,false,0.003
0.000,0.000,-0.000,116.000,-0.000,116,-1.048,-60.000,60.000,false,0.003
0.000,0.000,-0.000,116.000,-0.000,116,-1.048,-60.000,60.000,false,0.003
0.000,0.000,-0.000,116.000,-0.000,116,-1.048,-60.000,60.000,false,0.003
0.118,3000.000,41.463,116.573,-0.000,116,-1.048,-60.000,60.000,true,0.003
0.143,3000.000,91.493,118.099,-0.000,117,-1.043,-60.000,60.000,true,0.003
0.168,3000.000,143.522,120.588,40.000,118,-1.039,-60.000,60.000,true,0.003
0.191,3000.000,190.033,123.534,60.000,119,-1.035,-60.000,60.000,true,0.776
0.216,3000.000,240.268,127.557,80.000,121,-1.027,-60.000,60.000,true,0.776
0.243,3000.000,290.040,132.369,100.000,124,-1.014,-60.000,60.000,true,0.776
0.274,3000.000,350.567,139.442,160.000,127,-0.997,-60.000,60.000,true,0.776
0.300,3000.000,400.781,146.151,200.000,132,-0.981,-60.000,60.000,true,0.776
0.323,3000.000,446.012,152.875,240.000,136,-0.964,-60.000,60.000,true,0.776
0.346,3000.000,491.342,160.299,300.000,142,-0.935,-60.000,60.000,true,1.341
0.373,3000.000,544.954,170.038,340.000,149,-0.906,-60.000,60.000,true,1.341
0.398,3000.000,594.885,179.939,400.000,158,-0.872,-60.000,60.000,true,1.341
0.438,3000.000,674.162,197.754,520.000,174,-0.801,-60.000,60.000,true,1.341
0.470,3000.000,733.217,212.188,580.000,184,-0.760,-60.000,60.000,true,1.341
0.494,3000.000,782.139,224.942,620.000,195,-0.714,-60.000,60.000,true,1.341
0.519,3000.000,833.247,239.137,660.000,209,-0.655,-60.000,60.000,true,1.312
0.547,3000.000,888.587,255.529,740.000,222,-0.601,-60.000,60.000,true,1.312
0.574,3000.000,941.041,271.983,780.000,239,-0.530,-60.000,60.000,true,1.312
0.605,3000.000,1002.001,292.343,860.000,259,-0.447,-60.000,60.000,true,1.312
0.638,3000.000,1061.579,313.426,920.000,275,-0.380,-60.000,60.000,true,1.312
0.663,3000.000,1112.157,332.176,960.000,292,-0.309,-60.000,60.000,true,1.312
0.523,-2000.000,1079.940,349.572,1020.000,311,-0.230,-60.000,60.000,true,1.607
0.503,-2000.000,1043.541,368.564,1100.000,331,-0.146,-60.000,60.000,true,1.607
0.485,-2000.000,1011.110,384.959,1160.000,351,-0.058,-60.000,60.000,true,1.607
0.462,-2000.000,977.632,401.324,1220.000,378,0.050,-60.000,60.000,true,1.607
0.442,-2000.000,935.855,420.873,1260.000,398,0.138,-60.000,60.000,true,1.607
0.415,-2000.000,891.136,440.798,1200.000,425,0.246,-60.000,60.000,true,1.607
0.395,-2000.000,857.631,455.165,1200.000,445,0.334,-60.000,60.000,true,0.182
0.372,-2000.000,821.419,470.038,1140.000,466,0.417,-60.000,60.000,true,0.182
0.353,-2000.000,786.188,483.887,1100.000,484,0.492,-60.000,60.000,true,0.182
0.324,-2000.000,750.411,497.311,1020.000,504,0.580,-60.000,60.000,true,0.182
0.301,-2000.000,704.421,513.509,940.000,520,0.647,-60.000,60.000,true,0.182
0.280,-2000.000,665.707,526.395,880.000,538,0.718,-60.000,60.000,true,0.182
0.262,-2000.000,630.567,537.474,860.000,551,0.772,-60.000,60.000,true,0.098
0.245,-2000.000,598.217,547.150,800.000,562,0.818,-60.000,60.000,true,0.098
0.227,-2000.000,564.178,556.752,740.000,574,0.868,-60.000,60.000,true,0.098
0.208,-2000.000,532.371,565.219,680.000,587,0.922,-60.000,60.000,true,0.098
0.187,-2000.000,489.203,575.778,640.000,598,0.968,-60.000,60.000,true,0.098
0.171,-2000.000,457.021,583.132,620.000,606,1.002,-60.000,60.000,true,0.098
0.156,-2000.000,428.544,589.233,560.000,615,1.035,-60.000,60.000,true,0.094
0.000,-1232.280,560.000,621.000,520.000,622,1.068,-60.000,60.000,true,0.094
0.188,-3000.000,504.779,630.292,480.000,630,1.102,-60.000,60.000,true,0.094
0.167,-3000.000,458.883,637.312,460.000,636,1.127,-60.000,60.000,true,0.094
0.145,-3000.000,412.675,643.668,400.000,642,1.152,-60.000,60.000,true,0.094
0.123,-3000.000,361.730,649.811,340.000,646,1.169,-60.000,60.000,true,0.094
0.102,-3000.000,312.239,654.962,300.000,649,1.177,-60.000,60.000,true,0.094
0.083,-3000.000,268.433,658.881,220.000,651,1.185,-60.000,60.000,true,0.750
0.062,-3000.000,218.639,662.510,100.000,651,1.185,-60.000,60.000,true,0.750
0.042,-3000.000,170.181,665.259,60.000,651,1.185,-60.000,60.000,true,0.750
0.024,-3000.000,126.573,667.099,-20.000,650,1.181,-60.000,60.000,true,0.750
0.004,-3000.000,81.989,668.318,-20.000,650,1.177,-60.000,60.000,true,0.750
-0.021,-3000.000,26.503,668.808,-40.000,649,1.177,-60.000,60.000,true,0.750
-0.091,-3000.000,-18.496,668.530,-60.000,648,1.173,-60.000,60.000,true,0.750
-0.110,-3000.000,-60.636,667.679,-60.000,647,1.169,-60.000,60.000,true,0.156
-0.132,-3000.000,-107.146,666.018,-60.000,645,1.160,-60.000,60.000,true,0.156
-0.151,-3000.000,-148.690,663.959,-100.000,643,1.152,-60.000,60.000,true,0.156
-0.172,-3000.000,-190.802,661.280,-120.000,641,1.144,-60.000,60.000,true,0.156
-0.192,-3000.000,-233.361,657.970,-160.000,638,1.131,-60.000,60.000,true,0.156
-0.223,-3000.000,-294.932,651.917,-180.000,634,1.114,-60.000,60.000,true,0.156
-0.245,-3000.000,-338.833,646.958,-220.000,630,1.093,-60.000,60.000,true,0.156
-0.269,-3000.000,-386.359,640.837,-280.000,624,1.068,-60.000,60.000,true,1.129
0.000,-4615.273,-320.000,619.000,-320.000,618,1.043,-60.000,60.000,true,1.129
0.030,0.000,0.000,617.922,-380.000,611,1.014,-60.000,60.000,true,1.129
0.036,-0.000,0.000,617.922,-420.000,603,0.981,-60.000,60.000,true,1.129
0.040,-0.000,0.000,617.922,-360.000,598,0.964,-60.000,60.000,true,1.129
0.044,-0.000,0.000,617.922,-340.000,594,0.947,-60.000,60.000,true,1.129
0.046,-0.000,0.000,617.922,-220.000,592,0.939,-60.000,60.000,true,1.129
0.046,-0.000,0.000,617.922,-180.000,590,0.931,-60.000,60.000,true,0.885
0.048,-0.000,0.000,617.922,-100.000,590,0.931,-60.000,60.000,true,0.885
0.048,-0.000,0.000,617.922,-60.000,590,0.931,-60.000,60.000,true,0.885
0.048,-0.000,0.000,617.922,-0.000,590,0.935,-60.000,60.000,true,0.885
0.048,-0.000,0.000,617.922,20.000,591,0.935,-60.000,60.000,true,0.885
0.048,-0.000,0.000,617.922,20.000,591,0.935,-60.000,60.000,true,0.885
0.048,-0.000,0.000,617.922,-0.000,591,0.935,-60.000,60.000,true,0.885
0.048,-0.000,0.000,617.922,-0.000,591,0.935,-60.000,60.000,true,0.021
0.048,-0.000,0.000,617.922,-0.000,591,0.935,-60.000,60.000,true,0.021
0.048,-0.000,0.000,617.922,-0.000,591,0.935,-60.000,60.000,true,0.021
0.048,-0.000,0.000,617.922,-0.000,591,0.935,-60.000,60.000,true,0.021
0.048,-0.000,0.000,617.922,-0.000,591,0.935,-60.000,60.000,true,0.021
0.048,-0.000,0.000,617.922,-0.000,591,0.935,-60.000,60.000,true,0.021
0.048,-0.000,0.000,617.922,-0.000,591,0.935,-60.000,60.000,true,0.021
0.048,-0.000,0.000,617.922,-0.000,591,0.935,-60.000,60.000,true,0.102
0.048,-0.000,0.000,617.922,-0.000,591,0.935,-60.000,60.000,true,0.102
0.048,-0.000,0.000,617.922,-0.000,591,0.935,-60.000,60.000,true,0.102
0.048,-0.000,0.000,617.922,-0.000,591,0.935,-60.000,60.000,true,0.102
0.048,-0.000,0.000,617.922,-0.000,591,0.935,-60.000,60.000,true,0.102
0.048,-0.000,0.000,617.922,-0.000,591,0.935,-60.000,60.000,true,0.102
0.048,-0.000,0.000,617.922,-0.000,591,0.935,-60.000,60.000,true,0.102
0.048,-0.000,0.000,617.922,-0.000,591,0.935,-60.000,60.000,true,0.393
0.048,-0.000,0.000,617.922,-0.000,591,0.935,-60.000,60.000,true,0.393
0.048,-0.000,0.000,617.922,-0.000,591,0.935,-60.000,60.000,true,0.393
0.048,-0.000,0.000,617.922,-0.000,591,0.935,-60.000,60.000,true,0.393
0.048,-0.000,0.000,617.922,-0.000,591,0.935,-60.000,60.000,true,0.393
0.048,-0.000,0.000,617.922,-0.000,591,0.935,-60.000,60.000,true,0.393
0.048,-0.000,0.000,617.922,-0.000,591,0.935,-60.000,60.000,true,0.393
0.048,-0.000,0.000,617.922,-0.000,591,0.935,-60.000,60.000,true,0.564
0.048,-0.000,0.000,617.922,-0.000,591,0.935,-60.000,60.000,true,0.564
0.048,-0.000,0.000,617.922,-0.000,591,0.935,-60.000,60.000,true,0.564
0.048,-0.000,0.000,617.922,-0.000,591,0.935,-60.000,60.000,true,0.564
0.048,-0.000,0.000,617.922,-0.000,591,0.935,-60.000,60.000,true,0.564
0.047,-0.000,0.000,617.922,-0.000,591,0.935,-60.000,60.000,true,0.564
0.047,-0.000,0.000,617.922,-0.000,591,0.935,-60.000,60.000,true,0.729
0.047,-0.000,0.000,617.922,-0.000,591,0.935,-60.000,60.000,true,0.729
0.047,-0.000,0.000,617.922,-0.000,591,0.935,-60.000,60.000,true,0.729
0.047,-0.000,0.000,617.922,-0.000,591,0.935,-60.000,60.000,true,0.729
0.047,-0.000,0.000,617.922,-0.000,591,0.935,-60.000,60.000,true,0.729
0.047,-0.000,0.000,617.922,-0.000,591,0.935,-60.000,60.000,true,0.729
0.047,-0.000,0.000,617.922,-0.000,591,0.935,-60.000,60.000,true,0.729
0.047,-0.000,0.000,617.922,-0.000,591,0.935,-60.000,60.000,true,0.954
0.047,-0.000,0.000,617.922,-0.000,591,0.935,-60.000,60.000,true,0.954
0.046,-0.000,0.000,617.922,20.000,592,0.939,-60.000,60.000,true,0.954
0.046,-0.000,0.000,617.922,20.000,592,0.939,-60.000,60.000,true,0.954
0.046,-0.000,0.000,617.922,20.000,592,0.939,-60.000,60.000,true,0.954
0.046,-0.000,0.000,617.922,-0.000,592,0.939,-60.000,60.000,true,0.954
0.046,-0.000,0.000,617.922,-0.000,592,0.939,-60.000,60.000,true,0.954
0.046,-0.000,0.000,617.922,-0.000,592,0.939,-60.000,60.000,true,0.954
0.046,-0.000,0.000,617.922,-0.000,592,0.939,-60.000,60.000,true,1.031
0.046,-0.000,0.000,617.922,-0.000,592,0.939,-60.000,60.000,true,1.031
0.046,-0.000,0.000,617.922,-0.000,592,0.939,-60.000,60.000,true,1.031
0.046,-0.000,0.000,617.922,-0.000,592,0.939,-60.000,60.000,true,1.031
0.046,-0.000,0.000,617.922,-0.000,592,0.943,-60.000,60.000,true,1.031
0.046,-0.000,0.000,617.922,20.000,593,0.943,-60.000,60.000,true,1.031
0.046,-0.000,0.000,617.922,20.000,593,0.943,-60.000,60.000,true,1.031
0.045,-0.000,0.000,617.922,40.000,594,0.947,-60.000,60.000,true,0.962
0.045,-0.000,0.000,617.922,20.000,595,0.952,-60.000,60.000,true,0.962
0.045,-0.000,0.000,617.922,40.000,596,0.956,-60.000,60.000,true,0.962
0.043,-0.000,0.000,617.922,40.000,596,0.960,-60.000,60.000,true,0.962
0.043,-0.000,0.000,617.922,80.000,598,0.964,-60.000,60.000,true,0.962
0.040,-0.000,0.000,617.922,80.000,599,0.968,-60.000,60.000,true,0.962
0.040,-0.000,0.000,617.922,80.000,600,0.977,-60.000,60.000,true,0.962
0.038,-0.000,0.000,617.922,80.000,603,0.985,-60.000,60.000,true,0.750
0.036,-0.000,0.000,617.922,100.000,604,0.989,-60.000,60.000,true,0.750
0.035,-0.000,0.000,617.922,120.000,606,0.997,-60.000,60.000,true,0.750
0.033,-0.000,0.000,617.922,120.000,608,1.006,-60.000,60.000,true,0.750
0.031,-0.000,0.000,617.922,120.000,610,1.014,-60.000,60.000,true,0.750
0.030,-0.000,0.000,617.922,120.000,612,1.022,-60.000,60.000,true,0.750
0.030,-0.000,0.000,617.922,120.000,614,1.031,-60.000,60.000,true,0.750
0.000,0.000,120.000,615.000,120.000,615,1.035,-60.000,60.000,true,0.528
0.000,-1238.332,100.000,617.000,100.000,617,1.043,-60.000,60.000,true,0.528
0.000,0.000,100.000,618.000,100.000,618,1.048,-60.000,60.000,true,0.528
0.000,-1394.096,80.000,619.000,80.000,619,1.052,-60.000,60.000,true,0.528
0.000,0.000,80.000,619.000,60.000,619,1.052,-60.000,60.000,true,0.528
0.000,-2042.427,40.000,619.000,20.000,619,1.052,-60.000,60.000,true,0.528
0.000,-917.613,20.000,619.000,-0.000,619,1.052,-60.000,60.000,true,0.003
0.000,-1035.963,-0.000,619.000,-0.000,619,1.052,-60.000,60.000,true,0.003
0.000,0.000,-0.000,619.000,-0.000,619,1.052,-60.000,60.000,true,0.003
0.000,0.000,-0.000,619.000,-0.000,619,1.052,-60.000,60.000,true,0.003
0.000,0.000,-0.000,619.000,-0.000,619,1.052,-60.000,60.000,true,0.003
0.000,0.000,-0.000,619.000,-0.000,619,1.052,-60.000,60.000,true,0.003
0.000,0.000,-0.000,619.000,-0.000,619,1.052,-60.000,60.000,true,0.003
0.000,0.000,-0.000,619.000,-0.000,619,1.052,-60.000,60.000,true,0.003
0.000,0.000,-0.000,619.000,-0.000,619,1.052,-60.000,60.000,true,0.003
0.000,0.000,-0.000,619.000,-0.000,619,1.052,-60.000,60.000,true,0.003
0.000,0.000,-0.000,619.000,-0.000,619,1.052,-60.000,60.000,true,0.003
0.000,0.000,-0.000,619.000,-0.000,619,1.052,-60.000,60.000,true,0.003
0.000,0.000,-0.000,619.000,-0.000,619,1.052,-60.000,60.000,true,0.003
0.000,0.000,-0.000,619.000,-0.000,619,1.052,-60.000,60.000,true,0.003
0.000,0.000,-0.000,619.000,-0.000,619,1.052,-60.000,60.000,true,0.003
0.000,0.000,-0.000,619.000,-0.000,619,1.052,-60.000,60.000,true,0.003
0.000,0.000,-0.000,619.000,-0.000,619,1.052,-60.000,60.000,true,0.003
-0.119,-3000.000,-42.943,618.385,-0.000,619,1.052,-60.000,60.000,false,0.003
-0.145,-3000.000,-96.496,616.663,-0.000,619,1.052,-60.000,60.000,false,0.003
-0.169,-3000.000,-144.635,614.342,-20.000,618,1.048,-60.000,60.000,false,0.003
-0.191,-3000.000,-187.934,611.629,-40.000,617,1.043,-60.000,60.000,false,0.929
-0.221,-3000.000,-246.760,606.791,-60.000,615,1.035,-60.000,60.000,false,0.929
-0.251,-3000.000,-303.468,601.055,-100.000,612,1.022,-60.000,60.000,false,0.929
-0.280,-3000.000,-359.568,594.331,-140.000,609,1.006,-60.000,60.000,false,0.929
-0.308,-3000.000,-414.950,586.670,-220.000,604,0.985,-60.000,60.000,false,0.929
-0.334,-3000.000,-465.952,578.749,-260.000,598,0.964,-60.000,60.000,false,0.929
-0.359,-3000.000,-514.181,570.483,-320.000,591,0.931,-60.000,60.000,false,1.541
-0.388,-3000.000,-570.469,559.779,-420.000,581,0.889,-60.000,60.000,false,1.541
-0.420,-3000.000,-630.412,547.183,-480.000,572,0.856,-60.000,60.000,false,1.541
-0.446,-3000.000,-683.982,534.969,-540.000,562,0.810,-60.000,60.000,false,1.541
-0.472,-3000.000,-735.219,522.412,-600.000,549,0.755,-60.000,60.000,false,1.541
-0.511,-3000.000,-814.460,500.900,-680.000,531,0.680,-60.000,60.000,false,1.541
-0.538,-3000.000,-868.114,485.374,-720.000,516,0.618,-60.000,60.000,false,1.694
-0.565,-3000.000,-924.865,467.878,-820.000,497,0.538,-60.000,60.000,false,1.694
-0.597,-3000.000,-985.029,448.124,-860.000,482,0.476,-60.000,60.000,false,1.694
-0.622,-3000.000,-1035.472,430.713,-920.000,466,0.405,-60.000,60.000,false,1.694
-0.647,-3000.000,-1086.395,412.272,-940.000,448,0.334,-60.000,60.000,false,1.694
-0.674,-3000.000,-1140.640,391.647,-1020.000,429,0.250,-60.000,60.000,false,1.694
-0.532,2000.000,-1106.239,372.620,-1100.000,407,0.163,-60.000,60.000,false,1.909
-0.513,2000.000,-1071.429,353.972,-1180.000,383,0.063,-60.000,60.000,false,1.909
-0.495,2000.000,-1034.579,334.909,-1220.000,363,-0.021,-60.000,60.000,false,1.909
-0.475,2000.000,-1003.599,319.364,-1280.000,342,-0.109,-60.000,60.000,false,1.909
-0.458,2000.000,-970.409,303.260,-1260.000,323,-0.188,-60.000,60.000,false,1.909
-0.438,2000.000,-939.621,288.795,-1240.000,303,-0.271,-60.000,60.000,false,1.909
-0.418,2000.000,-904.174,272.770,-1200.000,283,-0.359,-60.000,60.000,false,0.287
-0.395,2000.000,-868.271,257.183,-1180.000,260,-0.455,-60.000,60.000,false,0.287
-0.358,2000.000,-821.003,237.780,-1140.000,233,-0.563,-60.000,60.000,false,0.287
-0.339,2000.000,-782.842,222.843,-1120.000,217,-0.630,-60.000,60.000,false,0.287
-0.322,2000.000,-752.106,211.284,-1040.000,201,-0.697,-60.000,60.000,false,0.287
-0.303,2000.000,-719.128,199.427,-1020.000,185,-0.764,-60.000,60.000,false,0.287
-0.283,2000.000,-685.563,187.921,-940.000,167,-0.839,-60.000,60.000,false,0.182
-0.261,2000.000,-644.527,174.697,-920.000,152,-0.901,-60.000,60.000,false,0.182
-0.238,2000.000,-609.174,163.929,-860.000,135,-0.977,-60.000,60.000,false,0.182
-0.217,2000.000,-566.900,151.946,-800.000,122,-1.027,-60.000,60.000,false,0.182
-0.198,2000.000,-531.606,142.565,-740.000,109,-1.081,-60.000,60.000,false,0.182
-0.180,2000.000,-497.747,134.138,-720.000,98,-1.123,-60.000,60.000,false,0.182
-0.164,2000.000,-467.676,127.106,-680.000,88,-1.164,-60.000,60.000,false,0.149
-0.146,2000.000,-434.504,119.900,-660.000,79,-1.202,-60.000,60.000,false,0.149
0.061,0.000,0.000,116.078,-600.000,71,-1.235,-60.000,60.000,false,0.149
0.068,-0.000,0.000,116.078,-540.000,62,-1.277,-60.000,60.000,false,0.149
0.074,-0.000,0.000,116.078,-480.000,55,-1.306,-60.000,60.000,false,0.149
0.079,-0.000,0.000,116.078,-340.000,50,-1.323,-60.000,60.000,false,0.149
0.081,-0.000,0.000,116.078,-200.000,48,-1.331,-60.000,60.000,false,0.820
0.081,-0.000,0.000,116.078,-140.000,47,-1.335,-60.000,60.000,false,0.820
0.081,-0.000,0.000,116.078,-60.000,47,-1.335,-60.000,60.000,false,0.820
0.081,-0.000,0.000,116.078,-40.000,47,-1.335,-60.000,60.000,false,0.820
0.081,-0.000,0.000,116.078,-0.000,47,-1.335,-60.000,60.000,false,0.820
0.081,-0.000,0.000,116.078,-0.000,47,-1.335,-60.000,60.000,false,0.820
0.081,-0.000,0.000,116.078,-0.000,47,-1.335,-60.000,60.000,false,0.820
0.081,-0.000,0.000,116.078,-0.000,47,-1.335,-60.000,60.000,false,0.204
0.081,-0.000,0.000,116.078,-0.000,47,-1.335,-60.000,60.000,false,0.204
0.081,-0.000,0.000,116.078,-0.000,47,-1.335,-60.000,60.000,false,0.204
0.081,-0.000,0.000,116.078,-0.000,47,-1.335,-60.000,60.000,false,0.204
0.081,-0.000,0.000,116.078,-0.000,47,-1.335,-60.000,60.000,false,0.204
0.081,-0.000,0.000,116.078,-0.000,47,-1.335,-60.000,60.000,false,0.204
0.081,-0.000,0.000,116.078,-0.000,47,-1.335,-60.000,60.000,false,0.204
0.081,-0.000,0.000,116.078,-0.000,47,-1.335,-60.000,60.000,false,0.102
0.081,-0.000,0.000,116.078,20.000,48,-1.331,-60.000,60.000,false,0.102
0.081,-0.000,0.000,116.078,20.000,48,-1.331,-60.000,60.000,false,0.102
0.081,-0.000,0.000,116.078,-0.000,48,-1.327,-60.000,60.000,false,0.102
0.081,-0.000,0.000,116.078,20.000,49,-1.327,-60.000,60.000,false,0.102
0.081,-0.000,0.000,116.078,20.000,49,-1.327,-60.000,60.000,false,0.102
0.079,-0.000,0.000,116.078,40.000,50,-1.323,-60.000,60.000,false,0.291
0.079,-0.000,0.000,116.078,20.000,50,-1.323,-60.000,60.000,false,0.291
0.079,-0.000,0.000,116.078,20.000,50,-1.323,-60.000,60.000,false,0.291
0.079,-0.000,0.000,116.078,40.000,51,-1.319,-60.000,60.000,false,0.291
0.079,-0.000,0.000,116.078,20.000,51,-1.319,-60.000,60.000,false,0.291
0.077,-0.000,0.000,116.078,40.000,52,-1.315,-60.000,60.000,false,0.291
0.077,-0.000,0.000,116.078,60.000,53,-1.310,-60.000,60.000,false,0.291
0.076,-0.000,0.000,116.078,60.000,54,-1.306,-60.000,60.000,false,0.371
0.076,-0.000,0.000,116.078,40.000,55,-1.302,-60.000,60.000,false,0.371
0.074,-0.000,0.000,116.078,60.000,56,-1.298,-60.000,60.000,false,0.371
0.074,-0.000,0.000,116.078,60.000,57,-1.294,-60.000,60.000,false,0.371
0.072,-0.000,0.000,116.078,80.000,59,-1.285,-60.000,60.000,false,0.371
0.072,-0.000,0.000,116.078,60.000,60,-1.281,-60.000,60.000,false,0.371
0.070,-0.000,0.000,116.078,80.000,61,-1.273,-60.000,60.000,false,0.331
0.068,-0.000,0.000,116.078,80.000,63,-1.269,-60.000,60.000,false,0.331
0.068,-0.000,0.000,116.078,80.000,64,-1.265,-60.000,60.000,false,0.331
0.067,-0.000,0.000,116.078,80.000,65,-1.260,-60.000,60.000,false,0.331
0.067,-0.000,0.000,116.078,80.000,67,-1.252,-60.000,60.000,false,0.331
0.064,-0.000,0.000,116.078,80.000,68,-1.248,-60.000,60.000,false,0.331
0.063,-0.000,0.000,116.078,100.000,70,-1.239,-60.000,60.000,false,0.331
0.063,-0.000,0.000,116.078,100.000,71,-1.235,-60.000,60.000,false,0.266
0.061,-0.000,0.000,116.078,80.000,73,-1.227,-60.000,60.000,false,0.266
0.059,-0.000,0.000,116.078,80.000,74,-1.223,-60.000,60.000,false,0.266
0.058,-0.000,0.000,116.078,80.000,76,-1.214,-60.000,60.000,false,0.266
0.058,-0.000,0.000,116.078,100.000,78,-1.206,-60.000,60.000,false,0.266
0.055,-0.000,0.000,116.078,80.000,80,-1.198,-60.000,60.000,false,0.266
0.053,-0.000,0.000,116.078,100.000,82,-1.185,-60.000,60.000,false,0.255
0.051,-0.000,0.000,116.078,80.000,84,-1.181,-60.000,60.000,false,0.255
0.049,-0.000,0.000,116.078,120.000,86,-1.173,-60.000,60.000,false,0.255
0.049,-0.000,0.000,116.078,100.000,88,-1.164,-60.000,60.000,false,0.255
0.047,-0.000,0.000,116.078,120.000,89,-1.156,-60.000,60.000,false,0.255
0.045,-0.000,0.000,116.078,100.000,91,-1.152,-60.000,60.000,false,0.255
0.045,-0.000,0.000,116.078,100.000,93,-1.144,-60.000,60.000,false,0.255
0.043,-0.000,0.000,116.078,100.000,94,-1.135,-60.000,60.000,false,0.222
0.041,-0.000,0.000,116.078,100.000,96,-1.131,-60.000,60.000,false,0.222
0.040,-0.000,0.000,116.078,100.000,98,-1.123,-60.000,60.000,false,0.222
0.038,-0.000,0.000,116.078,120.000,100,-1.114,-60.000,60.000,false,0.222
0.038,-0.000,0.000,116.078,100.000,102,-1.106,-60.000,60.000,false,0.222
0.035,-0.000,0.000,116.078,100.000,103,-1.102,-60.000,60.000,false,0.222
0.035,-0.000,0.000,116.078,80.000,104,-1.098,-60.000,60.000,false,0.153
0.034,-0.000,0.000,116.078,80.000,105,-1.093,-60.000,60.000,false,0.153
0.034,-0.000,0.000,116.078,80.000,106,-1.089,-60.000,60.000,false,0.153
0.032,-0.000,0.000,116.078,60.000,107,-1.085,-60.000,60.000,false,0.153
0.032,-0.000,0.000,116.078,60.000,108,-1.081,-60.000,60.000,false,0.153
0.031,-0.000,0.000,116.078,60.000,109,-1.077,-60.000,60.000,false,0.153
0.031,-0.000,0.000,116.078,60.000,110,-1.073,-60.000,60.000,false,0.353
0.029,-0.000,0.000,116.078,60.000,111,-1.068,-60.000,60.000,false,0.353
0.000,1284.470,80.000,112.000,80.000,112,-1.064,-60.000,60.000,false,0.353
0.000,-1356.024,60.000,113.000,60.000,113,-1.060,-60.000,60.000,false,0.353
0.000,1416.677,80.000,114.000,60.000,114,-1.056,-60.000,60.000,false,0.353
0.000,-1160.045,60.000,114.000,40.000,114,-1.056,-60.000,60.000,false,0.353
0.000,-1341.067,40.000,114.000,40.000,114,-1.056,-60.000,60.000,false,0.353
0.000,-1456.580,20.000,114.000,-0.000,114,-1.056,-60.000,60.000,false,0.010
0.000,-1320.001,-0.000,114.000,-0.000,114,-1.056,-60.000,60.000,false,0.010
0.000,0.000,-0.000,114.000,-0.000,114,-1.056,-60.000,60.000,false,0.010
0.000,0.000,-0.000,114.000,-0.000,114,-1.056,-60.000,60.000,false,0.010
0.000,0.000,-0.000,114.000,-0.000,114,-1.056,-60.000,60.000,false,0.010
0.000,0.000,-0.000,114.000,-0.000,114,-1.056,-60.000,60.000,false,0.010
0.000,0.000,-0.000,114.000,-0.000,114,-1.056,-60.000,60.000,false,0.010
0.000,0.000,-0.000,114.000,-0.000,114,-1.056,-60.000,60.000,false,0.000
0.000,0.000,-0.000,114.000,-0.000,114,-1.056,-60.000,60.000,false,0.000
0.000,0.000,-0.000,114.000,-0.000,114,-1.056,-60.000,60.000,false,0.000
0.000,0.000,-0.000,114.000,-0.000,114,-1.056,-60.000,60.000,false,0.000
0.000,0.000,-0.000,114.000,-0.000,114,-1.056,-60.000,60.000,false,0.000
0.000,0.000,-0.000,114.000,-0.000,114,-1.056,-60.000,60.000,false,0.000
0.000,0.000,-0.000,114.000,-0.000,114,-1.056,-60.000,60.000,false,0.000
0.000,0.000,-0.000,114.000,-0.000,114,-1.056,-60.000,60.000,false,0.003
0.000,0.000,-0.000,114.000,-0.000,114,-1.056,-60.000,60.000,false,0.003
0.000,0.000,-0.000,114.000,-0.000,114,-1.056,-60.000,60.000,false,0.003
0.000,0.000,-0.000,114.000,-0.000,114,-1.056,-60.000,60.000,false,0.003
0.000,0.000,-0.000,114.000,-0.000,114,-1.056,-60.000,60.000,false,0.003
0.000,0.000,-0.000,114.000,-0.000,114,-1.056,-60.000,60.000,false,0.003
0.000,0.000,-0.000,114.000,-0.000,114,-1.056,-60.000,60.000,false,0.003
0.000,0.000,-0.000,114.000,-0.000,114,-1.056,-60.000,60.000,false,0.003
0.000,0.000,-0.000,114.000,-0.000,114,-1.056,-60.000,60.000,false,0.003
0.119,3000.000,42.180,114.593,-0.000,114,-1.056,-60.000,60.000,true,0.003
0.154,3000.000,113.424,117.287,-0.000,114,-1.056,-60.000,60.000,true,0.003
0.183,3000.000,169.393,120.447,-0.000,114,-1.056,-60.000,60.000,true,0.003
0.206,3000.000,213.472,123.583,-0.000,115,-1.052,-60.000,60.000,true,0.003
0.229,3000.000,259.693,127.585,60.000,117,-1.043,-60.000,60.000,true,0.670
0.258,3000.000,314.542,133.335,80.000,118,-1.039,-60.000,60.000,true,0.670
0.285,3000.000,362.639,139.149,100.000,120,-1.031,-60.000,60.000,true,0.670
0.310,3000.000,410.087,145.635,100.000,123,-1.018,-60.000,60.000,true,0.670
0.338,3000.000,459.114,153.138,180.000,127,-1.002,-60.000,60.000,true,0.670
0.373,3000.000,521.842,164.050,260.000,132,-0.981,-60.000,60.000,true,0.670
0.400,3000.000,574.378,174.108,300.000,139,-0.947,-60.000,60.000,true,1.745
0.428,3000.000,627.756,185.277,380.000,147,-0.914,-60.000,60.000,true,1.745
0.453,3000.000,676.891,196.364,460.000,155,-0.881,-60.000,60.000,true,1.745
0.476,3000.000,721.914,207.198,500.000,164,-0.843,-60.000,60.000,true,1.745
0.500,3000.000,768.369,219.096,560.000,174,-0.801,-60.000,60.000,true,1.745
0.524,3000.000,815.533,231.918,660.000,188,-0.743,-60.000,60.000,true,1.745
0.567,3000.000,896.809,256.214,740.000,208,-0.659,-60.000,60.000,true,1.742
0.590,3000.000,944.297,271.162,820.000,221,-0.605,-60.000,60.000,true,1.742
0.613,3000.000,992.002,286.936,860.000,236,-0.538,-60.000,60.000,true,1.742
0.635,3000.000,1037.650,302.725,940.000,251,-0.480,-60.000,60.000,true,1.742
0.657,3000.000,1082.591,318.943,980.000,267,-0.409,-60.000,60.000,true,1.742
0.679,3000.000,1128.982,336.401,1060.000,290,-0.317,-60.000,60.000,true,1.742
0.536,-2000.000,1088.152,358.615,1120.000,309,-0.234,-60.000,60.000,true,1.742
0.517,-2000.000,1052.128,377.566,1180.000,334,-0.134,-60.000,60.000,true,1.592
0.496,-2000.000,1014.976,396.420,1220.000,354,-0.046,-60.000,60.000,true,1.592
0.472,-2000.000,973.210,416.744,1220.000,380,0.058,-60.000,60.000,true,1.592
0.451,-2000.000,938.070,433.226,1200.000,400,0.142,-60.000,60.000,true,1.592
0.422,-2000.000,904.377,448.461,1180.000,424,0.242,-60.000,60.000,true,1.592
0.401,-2000.000,860.929,467.164,1140.000,443,0.321,-60.000,60.000,true,1.592
0.383,-2000.000,828.267,480.691,1060.000,462,0.401,-60.000,60.000,true,0.207
0.362,-2000.000,789.477,496.003,1020.000,477,0.463,-60.000,60.000,true,0.207
0.337,-2000.000,743.053,513.250,940.000,498,0.551,-60.000,60.000,true,0.207
0.320,-2000.000,710.383,524.854,900.000,512,0.609,-60.000,60.000,true,0.207
0.302,-2000.000,680.539,535.010,840.000,527,0.672,-60.000,60.000,true,0.207
0.284,-2000.000,642.246,547.306,820.000,540,0.726,-60.000,60.000,true,0.207
0.267,-2000.000,609.010,557.427,780.000,553,0.780,-60.000,60.000,true,0.422
0.245,-2000.000,568.830,568.855,760.000,567,0.839,-60.000,60.000,true,0.422
0.228,-2000.000,538.851,576.932,740.000,578,0.881,-60.000,60.000,true,0.422
0.209,-2000.000,501.619,586.270,720.000,591,0.939,-60.000,60.000,true,0.422
0.178,-2000.000,449.622,597.959,640.000,610,1.018,-60.000,60.000,true,0.422
0.148,-2000.000,391.651,609.311,600.000,626,1.085,-60.000,60.000,true,0.346
0.126,-2000.000,351.089,616.432,560.000,636,1.127,-60.000,60.000,true,0.346
-0.045,0.000,0.000,617.922,560.000,644,1.156,-60.000,60.000,true,0.346
-0.051,-0.000,0.000,617.922,520.000,651,1.185,-60.000,60.000,true,0.346
-0.056,-0.000,0.000,617.922,500.000,657,1.210,-60.000,60.000,true,0.346
-0.063,-0.000,0.000,617.922,440.000,666,1.248,-60.000,60.000,true,0.346
-0.067,-0.000,0.000,617.922,380.000,670,1.265,-60.000,60.000,true,0.579
-0.070,-0.000,0.000,617.922,300.000,673,1.281,-60.000,60.000,true,0.579
-0.072,-0.000,0.000,617.922,240.000,676,1.290,-60.000,60.000,true,0.579
-0.073,-0.000,0.000,617.922,160.000,677,1.294,-60.000,60.000,true,0.579
-0.073,-0.000,0.000,617.922,120.000,677,1.294,-60.000,60.000,true,0.579
-0.073,-0.000,0.000,617.922,40.000,677,1.294,-60.000,60.000,true,0.579
-0.073,-0.000,0.000,617.922,-0.000,677,1.294,-60.000,60.000,true,0.579
-0.073,-0.000,0.000,617.922,-0.000,677,1.294,-60.000,60.000,true,0.189
-0.073,-0.000,0.000,617.922,-0.000,677,1.294,-60.000,60.000,true,0.189
-0.073,-0.000,0.000,617.922,-0.000,677,1.294,-60.000,60.000,true,0.189
-0.073,-0.000,0.000,617.922,-0.000,677,1.294,-60.000,60.000,true,0.189
-0.073,-0.000,0.000,617.922,-0.000,677,1.294,-60.000,60.000,true,0.189
-0.073,-0.000,0.000,617.922,-0.000,677,1.294,-60.000,60.000,true,0.189
-0.073,-0.000,0.000,617.922,-0.000,677,1.294,-60.000,60.000,true,0.189
-0.073,-0.000,0.000,617.922,-0.000,677,1.294,-60.000,60.000,true,0.091
-0.073,-0.000,0.000,617.922,-0.000,677,1.294,-60.000,60.000,true,0.091
-0.073,-0.000,0.000,617.922,-0.000,677,1.294,-60.000,60.000,true,0.091
-0.073,-0.000,0.000,617.922,-0.000,677,1.294,-60.000,60.000,true,0.091
-0.073,-0.000,0.000,617.922,-0.000,677,1.294,-60.000,60.000,true,0.091
-0.073,-0.000,0.000,617.922,-0.000,677,1.294,-60.000,60.000,true,0.091
-0.073,-0.000,0.000,617.922,-0.000,677,1.294,-60.000,60.000,true,0.091
-0.073,-0.000,0.000,617.922,-0.000,677,1.294,-60.000,60.000,true,0.145
-0.073,-0.000,0.000,617.922,-0.000,677,1.290,-60.000,60.000,true,0.145
-0.073,-0.000,0.000,617.922,-40.000,675,1.285,-60.000,60.000,true,0.145
-0.072,-0.000,0.000,617.922,-40.000,675,1.285,-60.000,60.000,true,0.145
-0.072,-0.000,0.000,617.922,-40.000,675,1.285,-60.000,60.000,true,0.145
-0.072,-0.000,0.000,617.922,-0.000,675,1.285,-60.000,60.000,true,0.145
-0.072,-0.000,0.000,617.922,-0.000,675,1.285,-60.000,60.000,true,0.182
-0.072,-0.000,0.000,617.922,-20.000,674,1.281,-60.000,60.000,true,0.182
-0.072,-0.000,0.000,617.922,-20.000,674,1.281,-60.000,60.000,true,0.182
-0.070,-0.000,0.000,617.922,-40.000,673,1.277,-60.000,60.000,true,0.182
-0.070,-0.000,0.000,617.922,-40.000,672,1.273,-60.000,60.000,true,0.182
-0.070,-0.000,0.000,617.922,-40.000,672,1.269,-60.000,60.000,true,0.182
-0.068,-0.000,0.000,617.922,-20.000,670,1.265,-60.000,60.000,true,0.357
-0.068,-0.000,0.000,617.922,-40.000,669,1.260,-60.000,60.000,true,0.357
-0.067,-0.000,0.000,617.922,-40.000,668,1.256,-60.000,60.000,true,0.357
-0.065,-0.000,0.000,617.922,-80.000,667,1.252,-60.000,60.000,true,0.357
-0.065,-0.000,0.000,617.922,-60.000,666,1.248,-60.000,60.000,true,0.357
-0.063,-0.000,0.000,617.922,-80.000,664,1.239,-60.000,60.000,true,0.357
-0.062,-0.000,0.000,617.922,-80.000,663,1.235,-60.000,60.000,true,0.357
-0.062,-0.000,0.000,617.922,-100.000,661,1.227,-60.000,60.000,true,0.346
-0.059,-0.000,0.000,617.922,-100.000,660,1.223,-60.000,60.000,true,0.346
-0.059,-0.000,0.000,617.922,-100.000,659,1.219,-60.000,60.000,true,0.346
-0.058,-0.000,0.000,617.922,-80.000,657,1.210,-60.000,60.000,true,0.346
-0.056,-0.000,0.000,617.922,-80.000,656,1.206,-60.000,60.000,true,0.346
-0.056,-0.000,0.000,617.922,-100.000,655,1.202,-60.000,60.000,true,0.346
-0.054,-0.000,0.000,617.922,-100.000,654,1.198,-60.000,60.000,true,0.346
-0.052,-0.000,0.000,617.922,-80.000,651,1.181,-60.000,60.000,true,0.233
-0.050,-0.000,0.000,617.922,-80.000,649,1.177,-60.000,60.000,true,0.233
-0.050,-0.000,0.000,617.922,-100.000,648,1.169,-60.000,60.000,true,0.233
-0.049,-0.000,0.000,617.922,-80.000,646,1.164,-60.000,60.000,true,0.233
-0.047,-0.000,0.000,617.922,-80.000,644,1.156,-60.000,60.000,true,0.233
-0.045,-0.000,0.000,617.922,-80.000,643,1.152,-60.000,60.000,true,0.233
-0.044,-0.000,0.000,617.922,-100.000,641,1.144,-60.000,60.000,true,0.302
-0.044,-0.000,0.000,617.922,-100.000,640,1.139,-60.000,60.000,true,0.302
-0.042,-0.000,0.000,617.922,-100.000,639,1.135,-60.000,60.000,true,0.302
-0.042,-0.000,0.000,617.922,-80.000,638,1.131,-60.000,60.000,true,0.302
-0.040,-0.000,0.000,617.922,-80.000,637,1.127,-60.000,60.000,true,0.302
-0.040,-0.000,0.000,617.922,-60.000,636,1.123,-60.000,60.000,true,0.302
-0.039,-0.000,0.000,617.922,-80.000,635,1.118,-60.000,60.000,true,0.302
-0.039,-0.000,0.000,617.922,-80.000,634,1.114,-60.000,60.000,true,0.302
-0.037,-0.000,0.000,617.922,-60.000,633,1.106,-60.000,60.000,true,0.273
-0.037,-0.000,0.000,617.922,-60.000,632,1.106,-60.000,60.000,true,0.273
-0.035,-0.000,0.000,617.922,-80.000,630,1.098,-60.000,60.000,true,0.273
-0.035,-0.000,0.000,617.922,-60.000,629,1.093,-60.000,60.000,true,0.273
-0.033,-0.000,0.000,617.922,-80.000,628,1.089,-60.000,60.000,true,0.273
-0.033,-0.000,0.000,617.922,-60.000,627,1.085,-60.000,60.000,true,0.273
-0.031,-0.000,0.000,617.922,-80.000,626,1.081,-60.000,60.000,true,0.273
-0.030,-0.000,0.000,617.922,-60.000,624,1.073,-60.000,60.000,true,0.240
-0.030,-0.000,0.000,617.922,-80.000,623,1.068,-60.000,60.000,true,0.240
0.000,-1477.323,-80.000,622.000,-60.000,622,1.064,-60.000,60.000,true,0.240
0.000,0.000,-80.000,621.000,-80.000,621,1.060,-60.000,60.000,true,0.240
0.000,1416.180,-60.000,620.000,-60.000,620,1.056,-60.000,60.000,true,0.240
0.000,1303.094,-40.000,620.000,-40.000,620,1.056,-60.000,60.000,true,0.240
0.000,-1307.318,-60.000,619.000,-40.000,619,1.052,-60.000,60.000,true,0.240
0.000,1320.917,-40.000,619.000,-20.000,619,1.052,-60.000,60.000,true,0.007
0.000,952.579,-20.000,619.000,-20.000,619,1.052,-60.000,60.000,true,0.007
0.000,1229.319,-0.000,619.000,-0.000,619,1.052,-60.000,60.000,true,0.007
0.000,0.000,-0.000,619.000,-0.000,619,1.052,-60.000,60.000,true,0.007
0.000,0.000,-0.000,619.000,-0.000,619,1.052,-60.000,60.000,true,0.007
0.000,0.000,-0.000,619.000,-0.000,619,1.052,-60.000,60.000,true,0.007
0.000,0.000,-0.000,619.000,-0.000,619,1.052,-60.000,60.000,true,0.003
0.000,0.000,-0.000,619.000,-0.000,619,1.052,-60.000,60.000,true,0.003
0.000,0.000,-0.000,619.000,-0.000,619,1.052,-60.000,60.000,true,0.003
0.000,0.000,-0.000,619.000,-0.000,619,1.052,-60.000,60.000,true,0.003
0.000,0.000,-0.000,619.000,-0.000,619,1.052,-60.000,60.000,true,0.003
0.000,0.000,-0.000,619.000,-0.000,619,1.052,-60.000,60.000,true,0.003
0.000,0.000,-0.000,619.000,-0.000,619,1.052,-60.000,60.000,true,0.003
0.000,0.000,-0.000,619.000,-0.000,619,1.052,-60.000,60.000,true,0.003
0.000,0.000,-0.000,619.000,-0.000,619,1.052,-60.000,60.000,true,0.003
0.000,0.000,-0.000,619.000,-0.000,619,1.052,-60.000,60.000,true,0.003
0.000,0.000,-0.000,619.000,-0.000,619,1.052,-60.000,60.000,true,0.003
0.000,0.000,-0.000,619.000,-0.000,619,1.052,-60.000,60.000,true,0.003
0.000,0.000,-0.000,619.000,-0.000,619,1.052,-60.000,60.000,true,0.003
0.000,0.000,-0.000,619.000,-0.000,619,1.052,-60.000,60.000,true,0.003
0.000,0.000,-0.000,619.000,-0.000,619,1.052,-60.000,60.000,true,0.003
0.000,0.000,-0.000,619.000,-0.000,619,1.052,-60.000,60.000,true,0.003
0.000,0.000,-0.000,619.000,-0.000,619,1.052,-60.000,60.000,true,0.003
0.000,0.000,-0.000,619.000,-0.000,619,1.052,-60.000,60.000,true,0.003
0.000,0.000,-0.000,619.000,-0.000,619,1.052,-60.000,60.000,true,0.003
0.000,0.000,-0.000,619.000,-0.000,619,1.052,-60.000,60.000,true,0.003
-0.119,-3000.000,-42.003,618.412,-0.000,619,1.052,-60.000,60.000,false,0.003
-0.142,-3000.000,-88.695,617.031,-0.000,619,1.052,-60.000,60.000,false,0.003
-0.165,-3000.000,-134.342,614.987,-0.000,619,1.052,-60.000,60.000,false,0.003
-0.197,-3000.000,-195.886,610.969,-0.000,618,1.048,-60.000,60.000,false,0.003
-0.225,-3000.000,-250.782,606.380,-20.000,617,1.043,-60.000,60.000,false,0.003
-0.252,-3000.000,-302.152,601.206,-60.000,616,1.039,-60.000,60.000,false,0.003
-0.276,-3000.000,-348.371,595.839,-80.000,614,1.027,-60.000,60.000,false,0.003
-0.299,-3000.000,-392.799,590.022,-140.000,611,1.018,-60.000,60.000,false,0.003
-0.323,-3000.000,-437.198,583.551,-180.000,607,1.002,-60.000,60.000,false,0.003
-0.348,-3000.000,-481.261,576.483,-260.000,600,0.972,-60.000,60.000,false,1.745
-0.379,-3000.000,-540.982,565.713,-340.000,594,0.943,-60.000,60.000,false,1.745
-0.421,-3000.000,-624.437,548.343,-440.000,580,0.885,-60.000,60.000,false,1.745
-0.455,-3000.000,-687.901,533.790,-520.000,568,0.835,-60.000,60.000,false,1.745
-0.483,-3000.000,-744.218,519.820,-580.000,557,0.789,-60.000,60.000,false,1.745
-0.510,-3000.000,-795.067,506.344,-640.000,541,0.722,-60.000,60.000,false,1.909
-0.545,-3000.000,-858.559,488.173,-680.000,530,0.676,-60.000,60.000,false,1.909
-0.567,-3000.000,-902.228,475.040,-760.000,518,0.622,-60.000,60.000,false,1.909
-0.588,-3000.000,-945.888,461.274,-800.000,505,0.568,-60.000,60.000,false,1.909
-0.608,-3000.000,-988.283,447.308,-880.000,491,0.513,-60.000,60.000,false,1.909
-0.629,-3000.000,-1030.623,432.762,-920.000,476,0.451,-60.000,60.000,false,1.909
-0.649,-3000.000,-1073.323,417.485,-980.000,462,0.388,-60.000,60.000,false,1.909
-0.667,-3000.000,-1116.712,401.335,-1060.000,441,0.305,-60.000,60.000,false,1.840
-0.526,2000.000,-1079.765,381.388,-1120.000,424,0.234,-60.000,60.000,false,1.840
-0.510,2000.000,-1051.464,366.509,-1140.000,407,0.159,-60.000,60.000,false,1.840
-0.495,2000.000,-1022.787,351.844,-1160.000,390,0.092,-60.000,60.000,false,1.840
-0.479,2000.000,-993.678,337.381,-1180.000,372,0.017,-60.000,60.000,false,1.840
-0.461,2000.000,-961.531,321.926,-1160.000,354,-0.063,-60.000,60.000,false,1.840
-0.434,2000.000,-913.072,299.803,-1160.000,327,-0.175,-60.000,60.000,false,1.840
-0.408,2000.000,-881.564,285.915,-1100.000,306,-0.263,-60.000,60.000,false,0.320
-0.391,2000.000,-844.344,270.201,-1040.000,292,-0.321,-60.000,60.000,false,0.320
-0.375,2000.000,-815.689,258.514,-1020.000,276,-0.384,-60.000,60.000,false,0.320
-0.358,2000.000,-783.931,246.066,-980.000,262,-0.442,-60.000,60.000,false,0.320
-0.340,2000.000,-752.299,234.168,-960.000,247,-0.505,-60.000,60.000,false,0.320
-0.323,2000.000,-718.369,221.981,-920.000,232,-0.563,-60.000,60.000,false,0.320
-0.306,2000.000,-688.606,211.733,-900.000,219,-0.622,-60.000,60.000,false,0.320
-0.286,2000.000,-656.394,201.161,-840.000,202,-0.697,-60.000,60.000,false,0.430
-0.267,2000.000,-615.401,188.548,-840.000,190,-0.743,-60.000,60.000,false,0.430
-0.250,2000.000,-586.048,179.947,-800.000,179,-0.789,-60.000,60.000,false,0.430
-0.235,2000.000,-557.027,171.864,-780.000,168,-0.835,-60.000,60.000,false,0.430
-0.219,2000.000,-528.290,164.273,-760.000,158,-0.876,-60.000,60.000,false,0.430
-0.203,2000.000,-498.643,156.882,-720.000,146,-0.922,-60.000,60.000,false,0.430
-0.184,2000.000,-463.422,148.721,-660.000,137,-0.964,-60.000,60.000,false,0.430
-0.165,2000.000,-431.243,141.782,-620.000,125,-1.014,-60.000,60.000,false,0.211
0.000,1489.097,-600.000,114.000,-580.000,113,-1.064,-60.000,60.000,false,0.211
-0.212,3000.000,-557.007,106.018,-560.000,106,-1.093,-60.000,60.000,false,0.211
-0.193,3000.000,-514.571,98.739,-500.000,98,-1.123,-60.000,60.000,false,0.211
-0.171,3000.000,-468.381,91.527,-500.000,92,-1.152,-60.000,60.000,false,0.211
-0.148,3000.000,-420.799,84.853,-460.000,84,-1.185,-60.000,60.000,false,0.211
-0.124,3000.000,-371.037,78.699,-460.000,77,-1.214,-60.000,60.000,false,0.743
-0.100,3000.000,-325.324,73.741,-440.000,69,-1.244,-60.000,60.000,false,0.743
-0.074,3000.000,-272.082,68.913,-420.000,64,-1.269,-60.000,60.000,false,0.743
-0.051,3000.000,-227.017,65.503,-400.000,58,-1.294,-60.000,60.000,false,0.743
-0.027,3000.000,-180.843,62.719,-380.000,53,-1.315,-60.000,60.000,false,0.743
-0.005,3000.000,-135.762,60.679,-360.000,48,-1.335,-60.000,60.000,false,0.743
0.020,3000.000,-88.999,59.292,-320.000,44,-1.348,-60.000,60.000,false,0.743
0.044,3000.000,-41.702,58.634,-260.000,41,-1.365,-60.000,60.000,false,0.225
0.119,3000.000,6.126,58.732,-220.000,38,-1.373,-60.000,60.000,false,0.225
0.149,3000.000,64.848,60.001,-160.000,36,-1.381,-60.000,60.000,false,0.225
0.179,3000.000,125.617,62.546,-80.000,36,-1.381,-60.000,60.000,false,0.225
0.215,3000.000,195.663,67.114,-20.000,37,-1.377,-60.000,60.000,false,0.225
0.239,3000.000,240.333,70.693,20.000,38,-1.373,-60.000,60.000,false,0.225
0.262,3000.000,284.854,74.920,60.000,39,-1.369,-60.000,60.000,false,0.459
0.292,3000.000,339.781,81.141,80.000,40,-1.365,-60.000,60.000,false,0.459
0.320,3000.000,391.848,87.942,100.000,42,-1.352,-60.000,60.000,false,0.459
0.185,-2000.000,362.302,93.294,120.000,45,-1.340,-60.000,60.000,false,0.459
0.173,-2000.000,334.614,97.927,160.000,48,-1.327,-60.000,60.000,false,0.459
0.160,-2000.000,305.324,102.398,200.000,52,-1.315,-60.000,60.000,false,0.459
0.146,-2000.000,272.836,106.830,200.000,55,-1.302,-60.000,60.000,false,0.459
0.133,-2000.000,242.501,110.508,200.000,58,-1.290,-60.000,60.000,false,0.273
0.116,-2000.000,208.343,114.067,180.000,62,-1.273,-60.000,60.000,false,0.273
0.067,0.000,0.000,116.078,200.000,65,-1.260,-60.000,60.000,false,0.273
0.064,-0.000,0.000,116.078,200.000,68,-1.248,-60.000,60.000,false,0.273
0.062,-0.000,0.000,116.078,200.000,72,-1.231,-60.000,60.000,false,0.273
0.060,-0.000,0.000,116.078,180.000,74,-1.223,-60.000,60.000,false,0.273
0.058,-0.000,0.000,116.078,160.000,76,-1.214,-60.000,60.000,false,0.007
0.056,-0.000,0.000,116.078,120.000,78,-1.206,-60.000,60.000,false,0.007
0.056,-0.000,0.000,116.078,80.000,79,-1.202,-60.000,60.000,false,0.007
0.054,-0.000,0.000,116.078,60.000,80,-1.198,-60.000,60.000,false,0.007
0.054,-0.000,0.000,116.078,60.000,81,-1.194,-60.000,60.000,false,0.007
0.053,-0.000,0.000,116.078,60.000,82,-1.189,-60.000,60.000,false,0.007
0.053,-0.000,0.000,116.078,40.000,82,-1.189,-60.000,60.000,false,0.094
0.053,-0.000,0.000,116.078,40.000,83,-1.185,-60.000,60.000,false,0.094
0.051,-0.000,0.000,116.078,60.000,84,-1.181,-60.000,60.000,false,0.094
0.051,-0.000,0.000,116.078,60.000,85,-1.177,-60.000,60.000,false,0.094
0.049,-0.000,0.000,116.078,40.000,86,-1.173,-60.000,60.000,false,0.094
0.049,-0.000,0.000,116.078,40.000,86,-1.173,-60.000,60.000,false,0.094
0.049,-0.000,0.000,116.078,60.000,87,-1.169,-60.000,60.000,false,0.094
0.048,-0.000,0.000,116.078,60.000,88,-1.164,-60.000,60.000,false,0.244
0.048,-0.000,0.000,116.078,60.000,89,-1.160,-60.000,60.000,false,0.244
0.048,-0.000,0.000,116.078,40.000,89,-1.156,-60.000,60.000,false,0.244
0.046,-0.000,0.000,116.078,40.000,90,-1.156,-60.000,60.000,false,0.244
0.046,-0.000,0.000,116.078,40.000,91,-1.152,-60.000,60.000,false,0.244
0.046,-0.000,0.000,116.078,20.000,91,-1.152,-60.000,60.000,false,0.244
0.045,-0.000,0.000,116.078,40.000,92,-1.148,-60.000,60.000,false,0.328
0.045,-0.000,0.000,116.078,20.000,92,-1.148,-60.000,60.000,false,0.328
0.045,-0.000,0.000,116.078,40.000,93,-1.144,-60.000,60.000,false,0.328
0.043,-0.000,0.000,116.078,40.000,94,-1.139,-60.000,60.000,false,0.328
0.043,-0.000,0.000,116.078,40.000,94,-1.139,-60.000,60.000,false,0.328
0.043,-0.000,0.000,116.078,40.000,95,-1.135,-60.000,60.000,false,0.328
0.043,-0.000,0.000,116.078,40.000,95,-1.135,-60.000,60.000,false,0.328
0.041,-0.000,0.000,116.078,40.000,96,-1.131,-60.000,60.000,false,0.379
0.041,-0.000,0.000,116.078,40.000,97,-1.127,-60.000,60.000,false,0.379
0.040,-0.000,0.000,116.078,60.000,98,-1.123,-60.000,60.000,false,0.379
0.040,-0.000,0.000,116.078,60.000,99,-1.118,-60.000,60.000,false,0.379
0.040,-0.000,0.000,116.078,60.000,100,-1.114,-60.000,60.000,false,0.379
0.038,-0.000,0.000,116.078,40.000,100,-1.114,-60.000,60.000,false,0.379
0.038,-0.000,0.000,116.078,40.000,101,-1.106,-60.000,60.000,false,0.371
0.036,-0.000,0.000,116.078,40.000,102,-1.106,-60.000,60.000,false,0.371
0.036,-0.000,0.000,116.078,60.000,103,-1.102,-60.000,60.000,false,0.371
0.036,-0.000,0.000,116.078,40.000,104,-1.098,-60.000,60.000,false,0.371
0.035,-0.000,0.000,116.078,40.000,104,-1.098,-60.000,60.000,false,0.371
0.035,-0.000,0.000,116.078,40.000,105,-1.093,-60.000,60.000,false,0.371
0.033,-0.000,0.000,116.078,60.000,106,-1.089,-60.000,60.000,false,0.371
0.033,-0.000,0.000,116.078,40.000,106,-1.085,-60.000,60.000,false,0.386
0.033,-0.000,0.000,116.078,40.000,107,-1.085,-60.000,60.000,false,0.386
0.031,-0.000,0.000,116.078,40.000,108,-1.077,-60.000,60.000,false,0.386
0.030,-0.000,0.000,116.078,80.000,110,-1.073,-60.000,60.000,false,0.386
0.030,-0.000,0.000,116.078,60.000,111,-1.068,-60.000,60.000,false,0.386
0.000,0.000,60.000,112.000,80.000,112,-1.064,-60.000,60.000,false,0.386
0.000,1173.867,80.000,113.000,60.000,113,-1.060,-60.000,60.000,false,0.317
0.000,0.000,80.000,114.000,80.000,114,-1.056,-60.000,60.000,false,0.317
0.000,-1416.765,60.000,114.000,40.000,114,-1.056,-60.000,60.000,false,0.317
0.000,-1874.458,20.000,114.000,20.000,114,-1.056,-60.000,60.000,false,0.317
0.000,-1199.472,-0.000,114.000,-0.000,114,-1.056,-60.000,60.000,false,0.317
0.000,0.000,-0.000,114.000,-0.000,114,-1.056,-60.000,60.000,false,0.317
0.000,0.000,-0.000,114.000,-0.000,114,-1.056,-60.000,60.000,false,0.317
0.000,0.000,-0.000,114.000,-0.000,114,-1.056,-60.000,60.000,false,0.003
0.000,0.000,-0.000,114.000,-0.000,114,-1.056,-60.000,60.000,false,0.003
0.000,0.000,-0.000,114.000,-0.000,114,-1.056,-60.000,60.000,false,0.003
0.000,0.000,-0.000,114.000,-0.000,114,-1.056,-60.000,60.000,false,0.003
0.000,0.000,-0.000,114.000,-0.000,114,-1.056,-60.000,60.000,false,0.003
0.000,0.000,-0.000,114.000,-0.000,114,-1.056,-60.000,60.000,false,0.003
0.000,0.000,-0.000,114.000,-0.000,114,-1.056,-60.000,60.000,false,0.003
0.000,0.000,-0.000,114.000,-0.000,114,-1.056,-60.000,60.000,false,0.003
0.000,0.000,-0.000,114.000,-0.000,114,-1.056,-60.000,60.000,false,0.003
0.000,0.000,-0.000,114.000,-0.000,114,-1.056,-60.000,60.000,false,0.003
0.000,0.000,-0.000,114.000,-0.000,114,-1.056,-60.000,60.000,false,0.003
0.000,0.000,-0.000,114.000,-0.000,114,-1.056,-60.000,60.000,false,0.003
0.000,0.000,-0.000,114.000,-0.000,114,-1.056,-60.000,60.000,false,0.003
0.000,0.000,-0.000,114.000,-0.000,114,-1.056,-60.000,60.000,false,0.003
0.000,0.000,-0.000,114.000,-0.000,114,-1.056,-60.000,60.000,false,0.003
0.000,0.000,-0.000,114.000,-0.000,114,-1.056,-60.000,60.000,false,0.003
0.000,0.000,-0.000,114.000,-0.000,114,-1.056,-60.000,60.000,false,0.003
0.117,3000.000,39.534,114.521,-0.000,114,-1.056,-60.000,60.000,true,0.003
0.151,3000.000,107.941,116.982,20.000,115,-1.052,-60.000,60.000,true,0.003
0.178,3000.000,162.732,119.954,40.000,116,-1.048,-60.000,60.000,true,0.003
0.203,3000.000,211.739,123.413,60.000,117,-1.043,-60.000,60.000,true,0.805
0.230,3000.000,264.644,128.080,80.000,119,-1.035,-60.000,60.000,true,0.805
0.259,3000.000,322.545,134.306,120.000,122,-1.022,-60.000,60.000,true,0.805
0.286,3000.000,370.197,140.186,160.000,126,-1.006,-60.000,60.000,true,0.805
0.316,3000.000,427.851,148.408,200.000,131,-0.985,-60.000,60.000,true,0.805
0.339,3000.000,473.609,155.632,260.000,136,-0.964,-60.000,60.000,true,0.805
0.362,3000.000,520.026,163.678,340.000,142,-0.935,-60.000,60.000,true,1.552
0.387,3000.000,568.932,172.953,360.000,149,-0.906,-60.000,60.000,true,1.552
0.422,3000.000,638.370,187.728,460.000,161,-0.856,-60.000,60.000,true,1.552
0.445,3000.000,684.135,198.165,520.000,173,-0.810,-60.000,60.000,true,1.552
0.474,3000.000,738.777,211.621,620.000,183,-0.764,-60.000,60.000,true,1.552
0.497,3000.000,784.830,223.669,640.000,193,-0.722,-60.000,60.000,true,1.552
0.519,3000.000,829.420,235.997,720.000,206,-0.668,-60.000,60.000,true,1.385
0.543,3000.000,878.425,250.346,720.000,218,-0.618,-60.000,60.000,true,1.385
0.566,3000.000,925.291,264.801,800.000,233,-0.555,-60.000,60.000,true,1.385
0.589,3000.000,972.647,280.154,860.000,246,-0.501,-60.000,60.000,true,1.385
0.616,3000.000,1023.407,297.470,940.000,266,-0.413,-60.000,60.000,true,1.385
0.647,3000.000,1080.898,318.184,960.000,283,-0.342,-60.000,60.000,true,1.385
0.670,3000.000,1128.667,336.156,1040.000,302,-0.263,-60.000,60.000,true,1.673
0.527,-2000.000,1093.844,355.201,1100.000,321,-0.184,-60.000,60.000,true,1.673
0.509,-2000.000,1062.460,371.874,1160.000,341,-0.104,-60.000,60.000,true,1.673
0.491,-2000.000,1031.736,387.723,1240.000,361,-0.017,-60.000,60.000,true,1.673
0.472,-2000.000,999.623,403.774,1280.000,381,0.067,-60.000,60.000,true,1.673
0.443,-2000.000,968.474,418.857,1280.000,405,0.163,-60.000,60.000,true,1.673
0.415,-2000.000,916.228,442.792,1240.000,435,0.288,-60.000,60.000,true,0.211
0.394,-2000.000,880.583,458.486,1220.000,454,0.371,-60.000,60.000,true,0.211
0.376,-2000.000,849.461,471.704,1200.000,472,0.442,-60.000,60.000,true,0.211
0.359,-2000.000,819.386,484.026,1160.000,489,0.513,-60.000,60.000,true,0.211
0.342,-2000.000,788.951,496.032,1060.000,502,0.568,-60.000,60.000,true,0.211
0.322,-2000.000,758.996,507.400,1000.000,520,0.643,-60.000,60.000,true,0.211
0.304,-2000.000,721.479,520.934,960.000,534,0.701,-60.000,60.000,true,0.211
0.288,-2000.000,690.772,531.539,920.000,549,0.764,-60.000,60.000,true,0.109
0.269,-2000.000,656.333,542.841,880.000,561,0.814,-60.000,60.000,true,0.109
0.253,-2000.000,627.194,551.979,820.000,573,0.864,-60.000,60.000,true,0.109
0.238,-2000.000,597.209,560.933,780.000,584,0.906,-60.000,60.000,true,0.109
0.223,-2000.000,569.268,568.886,760.000,594,0.947,-60.000,60.000,true,0.109
0.206,-2000.000,540.744,576.598,720.000,605,0.997,-60.000,60.000,true,0.109
0.000,-1025.474,700.000,614.000,680.000,616,1.039,-60.000,60.000,true,0.109
-0.029,0.000,0.000,617.922,620.000,625,1.081,-60.000,60.000,true,0.123
-0.037,-0.000,0.000,617.922,580.000,634,1.118,-60.000,60.000,true,0.123
-0.044,-0.000,0.000,617.922,460.000,642,1.148,-60.000,60.000,true,0.123
-0.048,-0.000,0.000,617.922,400.000,647,1.169,-60.000,60.000,true,0.123
-0.051,-0.000,0.000,617.922,280.000,650,1.181,-60.000,60.000,true,0.123
-0.053,-0.000,0.000,617.922,220.000,652,1.194,-60.000,60.000,true,0.123
-0.054,-0.000,0.000,617.922,180.000,654,1.202,-60.000,60.000,true,0.094
-0.054,-0.000,0.000,617.922,100.000,655,1.202,-60.000,60.000,true,0.094
-0.054,-0.000,0.000,617.922,80.000,655,1.202,-60.000,60.000,true,0.094
-0.054,-0.000,0.000,617.922,20.000,655,1.202,-60.000,60.000,true,0.094
-0.054,-0.000,0.000,617.922,-0.000,655,1.202,-60.000,60.000,true,0.094
-0.054,-0.000,0.000,617.922,-0.000,655,1.202,-60.000,60.000,true,0.094
-0.054,-0.000,0.000,617.922,-0.000,655,1.202,-60.000,60.000,true,0.094
-0.054,-0.000,0.000,617.922,-0.000,655,1.202,-60.000,60.000,true,0.408
-0.054,-0.000,0.000,617.922,-0.000,655,1.202,-60.000,60.000,true,0.408
-0.054,-0.000,0.000,617.922,-0.000,655,1.202,-60.000,60.000,true,0.408
-0.054,-0.000,0.000,617.922,-0.000,655,1.202,-60.000,60.000,true,0.408
-0.054,-0.000,0.000,617.922,-0.000,655,1.202,-60.000,60.000,true,0.408
-0.054,-0.000,0.000,617.922,-0.000,655,1.202,-60.000,60.000,true,0.408
-0.054,-0.000,0.000,617.922,-0.000,655,1.202,-60.000,60.000,true,0.408
-0.054,-0.000,0.000,617.922,-0.000,655,1.202,-60.000,60.000,true,0.134
-0.054,-0.000,0.000,617.922,-0.000,655,1.202,-60.000,60.000,true,0.134
-0.054,-0.000,0.000,617.922,-0.000,655,1.202,-60.000,60.000,true,0.134
-0.054,-0.000,0.000,617.922,-0.000,655,1.202,-60.000,60.000,true,0.134
-0.054,-0.000,0.000,617.922,-0.000,655,1.202,-60.000,60.000,true,0.134
-0.054,-0.000,0.000,617.922,-0.000,655,1.202,-60.000,60.000,true,0.134
-0.054,-0.000,0.000,617.922,-0.000,655,1.202,-60.000,60.000,true,0.014
-0.054,-0.000,0.000,617.922,-0.000,655,1.202,-60.000,60.000,true,0.014
-0.054,-0.000,0.000,617.922,-0.000,655,1.202,-60.000,60.000,true,0.014
-0.054,-0.000,0.000,617.922,-0.000,655,1.202,-60.000,60.000,true,0.014
-0.054,-0.000,0.000,617.922,-0.000,655,1.202,-60.000,60.000,true,0.014
-0.054,-0.000,0.000,617.922,-0.000,655,1.202,-60.000,60.000,true,0.014
-0.054,-0.000,0.000,617.922,-0.000,655,1.202,-60.000,60.000,true,0.174
-0.054,-0.000,0.000,617.922,-0.000,655,1.202,-60.000,60.000,true,0.174
-0.054,-0.000,0.000,617.922,-0.000,655,1.202,-60.000,60.000,true,0.174
-0.054,-0.000,0.000,617.922,-0.000,655,1.202,-60.000,60.000,true,0.174
-0.054,-0.000,0.000,617.922,-0.000,655,1.202,-60.000,60.000,true,0.174
-0.054,-0.000,0.000,617.922,-0.000,655,1.202,-60.000,60.000,true,0.174
-0.054,-0.000,0.000,617.922,-0.000,655,1.202,-60.000,60.000,true,0.174
-0.054,-0.000,0.000,617.922,-0.000,655,1.202,-60.000,60.000,true,0.266
-0.054,-0.000,0.000,617.922,-0.000,655,1.202,-60.000,60.000,true,0.266
-0.054,-0.000,0.000,617.922,-20.000,654,1.198,-60.000,60.000,true,0.266
-0.054,-0.000,0.000,617.922,-20.000,654,1.198,-60.000,60.000,true,0.266
-0.054,-0.000,0.000,617.922,-40.000,653,1.194,-60.000,60.000,true,0.266
-0.054,-0.000,0.000,617.922,-40.000,653,1.194,-60.000,60.000,true,0.266
-0.053,-0.000,0.000,617.922,-40.000,652,1.189,-60.000,60.000,true,0.266
-0.053,-0.000,0.000,617.922,-20.000,652,1.189,-60.000,60.000,true,0.364
-0.053,-0.000,0.000,617.922,-40.000,651,1.185,-60.000,60.000,true,0.364
-0.053,-0.000,0.000,617.922,-20.000,651,1.181,-60.000,60.000,true,0.364
-0.051,-0.000,0.000,617.922,-40.000,650,1.181,-60.000,60.000,true,0.364
-0.051,-0.000,0.000,617.922,-40.000,649,1.177,-60.000,60.000,true,0.364
-0.049,-0.000,0.000,617.922,-60.000,648,1.173,-60.000,60.000,true,0.364
-0.049,-0.000,0.000,617.922,-60.000,647,1.169,-60.000,60.000,true,0.364
-0.048,-0.000,0.000,617.922,-60.000,646,1.164,-60.000,60.000,true,0.277
-0.048,-0.000,0.000,617.922,-60.000,645,1.160,-60.000,60.000,true,0.277
-0.046,-0.000,0.000,617.922,-60.000,644,1.156,-60.000,60.000,true,0.277
-0.046,-0.000,0.000,617.922,-60.000,643,1.152,-60.000,60.000,true,0.277
-0.045,-0.000,0.000,617.922,-60.000,642,1.148,-60.000,60.000,true,0.277
-0.045,-0.000,0.000,617.922,-60.000,641,1.144,-60.000,60.000,true,0.277
-0.043,-0.000,0.000,617.922,-60.000,640,1.139,-60.000,60.000,true,0.277
-0.043,-0.000,0.000,617.922,-40.000,639,1.135,-60.000,60.000,true,0.317
-0.041,-0.000,0.000,617.922,-60.000,638,1.131,-60.000,60.000,true,0.317
-0.041,-0.000,0.000,617.922,-60.000,637,1.127,-60.000,60.000,true,0.317
-0.040,-0.000,0.000,617.922,-60.000,636,1.123,-60.000,60.000,true,0.317
-0.040,-0.000,0.000,617.922,-60.000,635,1.118,-60.000,60.000,true,0.317
-0.038,-0.000,0.000,617.922,-60.000,634,1.114,-60.000,60.000,true,0.317
-0.038,-0.000,0.000,617.922,-60.000,632,1.106,-60.000,60.000,true,0.317
-0.035,-0.000,0.000,617.922,-60.000,631,1.102,-60.000,60.000,true,0.269
-0.034,-0.000,0.000,617.922,-60.000,629,1.093,-60.000,60.000,true,0.269
-0.034,-0.000,0.000,617.922,-80.000,628,1.089,-60.000,60.000,true,0.269
-0.032,-0.000,0.000,617.922,-60.000,627,1.085,-60.000,60.000,true,0.269
-0.032,-0.000,0.000,617.922,-60.000,626,1.081,-60.000,60.000,true,0.269
-0.030,-0.000,0.000,617.922,-60.000,624,1.073,-60.000,60.000,true,0.269
-0.029,-0.000,0.000,617.922,-80.000,623,1.068,-60.000,60.000,true,0.240
0.000,1082.200,-60.000,622.000,-60.000,622,1.064,-60.000,60.000,true,0.240
0.000,-1478.183,-80.000,622.000,-80.000,621,1.060,-60.000,60.000,true,0.240
0.000,0.000,-80.000,621.000,-60.000,621,1.060,-60.000,60.000,true,0.240
0.000,1406.247,-60.000,620.000,-60.000,620,1.056,-60.000,60.000,true,0.240
0.000,0.000,-60.000,619.000,-60.000,619,1.052,-60.000,60.000,true,0.240
0.000,0.000,-60.000,619.000,-40.000,619,1.052,-60.000,60.000,true,0.240
0.000,1528.531,-40.000,619.000,-40.000,619,1.052,-60.000,60.000,true,0.240
0.000,1520.869,-20.000,619.000,-20.000,619,1.052,-60.000,60.000,true,0.007
0.000,1175.013,-0.000,619.000,-0.000,619,1.052,-60.000,60.000,true,0.007
0.000,0.000,-0.000,619.000,-0.000,619,1.052,-60.000,60.000,true,0.007
0.000,0.000,-0.000,619.000,-0.000,619,1.052,-60.000,60.000,true,0.007
0.000,0.000,-0.000,619.000,-0.000,619,1.052,-60.000,60.000,true,0.007
0.000,0.000,-0.000,619.000,-0.000,619,1.052,-60.000,60.000,true,0.007
0.000,0.000,-0.000,619.000,-0.000,619,1.052,-60.000,60.000,true,0.007
0.000,0.000,-0.000,619.000,-0.000,619,1.052,-60.000,60.000,true,0.003
0.000,0.000,-0.000,619.000,-0.000,619,1.052,-60.000,60.000,true,0.003
0.000,0.000,-0.000,619.000,-0.000,619,1.052,-60.000,60.000,true,0.003
0.000,0.000,-0.000,619.000,-0.000,619,1.052,-60.000,60.000,true,0.003
0.000,0.000,-0.000,619.000,-0.000,619,1.052,-60.000,60.000,true,0.003
0.000,0.000,-0.000,619.000,-0.000,619,1.052,-60.000,60.000,true,0.003
0.000,0.000,-0.000,619.000,-0.000,619,1.052,-60.000,60.000,true,0.003
0.000,0.000,-0.000,619.000,-0.000,619,1.052,-60.000,60.000,true,0.000
0.000,0.000,-0.000,619.000,-0.000,619,1.052,-60.000,60.000,true,0.000
0.000,0.000,-0.000,619.000,-0.000,619,1.052,-60.000,60.000,true,0.000
0.000,0.000,-0.000,619.000,-0.000,619,1.052,-60.000,60.000,true,0.000
0.000,0.000,-0.000,619.000,-0.000,619,1.052,-60.000,60.000,true,0.000
0.000,0.000,-0.000,619.000,-0.000,619,1.052,-60.000,60.000,true,0.000
0.000,0.000,-0.000,619.000,-0.000,619,1.052,-60.000,60.000,true,0.000
-0.129,-3000.000,-62.474,617.699,-0.000,619,1.052,-60.000,60.000,false,0.003
-0.162,-3000.000,-128.853,614.848,-0.000,618,1.048,-60.000,60.000,false,0.003
-0.186,-3000.000,-177.669,611.957,-40.000,617,1.043,-60.000,60.000,false,0.003
-0.210,-3000.000,-223.732,608.522,-60.000,616,1.039,-60.000,60.000,false,0.003
-0.233,-3000.000,-267.830,604.585,-80.000,614,1.031,-60.000,60.000,false,0.003
-0.256,-3000.000,-314.445,599.699,-120.000,612,1.022,-60.000,60.000,false,0.003
-0.279,-3000.000,-359.029,594.363,-140.000,609,1.006,-60.000,60.000,false,0.003
-0.306,-3000.000,-408.275,587.661,-220.000,603,0.985,-60.000,60.000,false,1.450
-0.338,-3000.000,-468.102,578.326,-260.000,598,0.960,-60.000,60.000,false,1.450
-0.362,-3000.000,-517.400,569.824,-300.000,591,0.935,-60.000,60.000,false,1.450
-0.386,-3000.000,-563.809,561.102,-380.000,584,0.901,-60.000,60.000,false,1.450
-0.408,-3000.000,-608.606,552.014,-440.000,576,0.872,-60.000,60.000,false,1.450
-0.431,-3000.000,-654.729,541.948,-500.000,568,0.835,-60.000,60.000,false,1.450
-0.454,-3000.000,-699.277,531.564,-520.000,559,0.797,-60.000,60.000,false,1.450
-0.477,-3000.000,-745.663,520.035,-580.000,546,0.743,-60.000,60.000,false,1.749
-0.508,-3000.000,-803.527,504.536,-660.000,535,0.697,-60.000,60.000,false,1.749
-0.540,-3000.000,-870.212,485.193,-720.000,516,0.618,-60.000,60.000,false,1.749
-0.569,-3000.000,-925.965,467.984,-800.000,502,0.555,-60.000,60.000,false,1.749
-0.593,-3000.000,-973.424,452.585,-840.000,487,0.497,-60.000,60.000,false,1.749
-0.616,-3000.000,-1021.967,436.049,-900.000,471,0.430,-60.000,60.000,false,1.749
-0.639,-3000.000,-1069.148,419.234,-960.000,450,0.338,-60.000,60.000,false,1.946
-0.672,-3000.000,-1130.876,395.965,-1040.000,432,0.267,-60.000,60.000,false,1.946
-0.530,2000.000,-1098.432,378.146,-1080.000,413,0.184,-60.000,60.000,false,1.946
-0.513,2000.000,-1067.055,361.406,-1180.000,392,0.096,-60.000,60.000,false,1.946
-0.494,2000.000,-1034.399,344.516,-1260.000,373,0.017,-60.000,60.000,false,1.946
-0.476,2000.000,-1004.749,329.621,-1280.000,353,-0.063,-60.000,60.000,false,1.946
-0.458,2000.000,-973.488,314.405,-1260.000,334,-0.146,-60.000,60.000,false,1.946
-0.426,2000.000,-939.303,298.350,-1240.000,307,-0.255,-60.000,60.000,false,0.349
-0.402,2000.000,-894.005,278.101,-1220.000,285,-0.351,-60.000,60.000,false,0.349
-0.380,2000.000,-856.959,262.228,-1180.000,263,-0.442,-60.000,60.000,false,0.349
-0.358,2000.000,-822.121,247.907,-1140.000,240,-0.534,-60.000,60.000,false,0.349
-0.326,2000.000,-764.641,225.932,-1060.000,214,-0.643,-60.000,60.000,false,0.349
-0.304,2000.000,-729.507,213.116,-980.000,195,-0.722,-60.000,60.000,false,0.174
-0.285,2000.000,-690.746,199.729,-960.000,181,-0.785,-60.000,60.000,false,0.174
-0.266,2000.000,-657.794,188.892,-940.000,166,-0.843,-60.000,60.000,false,0.174
-0.250,2000.000,-628.032,179.546,-900.000,154,-0.893,-60.000,60.000,false,0.174
-0.233,2000.000,-599.150,170.894,-880.000,142,-0.943,-60.000,60.000,false,0.174
-0.218,2000.000,-572.045,163.141,-820.000,131,-0.985,-60.000,60.000,false,0.174
-0.203,2000.000,-545.146,155.809,-780.000,122,-1.027,-60.000,60.000,false,0.174
0.000,4482.769,-760.000,112.000,-720.000,109,-1.081,-60.000,60.000,false,0.149
-0.282,3000.000,-703.572,98.766,-680.000,100,-1.114,-60.000,60.000,false,0.149
-0.262,3000.000,-658.990,88.973,-660.000,91,-1.152,-60.000,60.000,false,0.149
-0.241,3000.000,-613.088,79.593,-640.000,82,-1.189,-60.000,60.000,false,0.149
-0.220,3000.000,-570.982,71.579,-600.000,74,-1.223,-60.000,60.000,false,0.149
-0.201,3000.000,-529.893,64.321,-580.000,67,-1.256,-60.000,60.000,false,0.149
-0.180,3000.000,-486.184,57.238,-540.000,58,-1.290,-60.000,60.000,false,0.149
-0.153,3000.000,-432.500,49.498,-500.000,47,-1.335,-60.000,60.000,false,0.564
-0.102,3000.000,-325.790,37.910,-440.000,35,-1.390,-60.000,60.000,false,0.564
-0.077,3000.000,-277.084,33.411,-420.000,29,-1.415,-60.000,60.000,false,0.564
-0.053,3000.000,-229.435,29.767,-400.000,23,-1.436,-60.000,60.000,false,0.564
-0.030,3000.000,-183.769,26.970,-360.000,18,-1.457,-60.000,60.000,false,0.564
-0.006,3000.000,-136.454,24.818,-320.000,14,-1.473,-60.000,60.000,false,0.564
0.020,3000.000,-83.719,23.346,-220.000,10,-1.490,-60.000,60.000,false,0.247
0.053,3000.000,-19.564,22.928,-200.000,7,-1.502,-60.000,60.000,false,0.247
0.128,3000.000,31.379,23.460,-140.000,6,-1.511,-60.000,60.000,false,0.247
0.153,3000.000,81.569,24.825,-120.000,4,-1.515,-60.000,60.000,false,0.247
0.181,3000.000,135.129,27.238,-80.000,4,-1.515,-60.000,60.000,false,0.247
0.210,3000.000,190.428,30.748,-40.000,4,-1.515,-60.000,60.000,false,0.247
0.237,3000.000,242.466,34.954,20.000,5,-1.511,-60.000,60.000,false,0.244
0.272,3000.000,307.377,41.604,40.000,7,-1.502,-60.000,60.000,false,0.244
0.300,3000.000,361.243,48.091,80.000,9,-1.494,-60.000,60.000,false,0.244
0.327,3000.000,411.292,54.952,100.000,11,-1.486,-60.000,60.000,false,0.244
0.363,3000.000,477.023,65.404,140.000,15,-1.469,-60.000,60.000,false,0.244
0.229,-2000.000,447.243,72.063,180.000,19,-1.452,-60.000,60.000,false,0.244
0.217,-2000.000,417.065,78.356,240.000,25,-1.427,-60.000,60.000,false,1.330
0.199,-2000.000,374.812,86.275,280.000,29,-1.406,-60.000,60.000,false,1.330
0.185,-2000.000,343.155,91.706,280.000,34,-1.390,-60.000,60.000,false,1.330
0.170,-2000.000,311.255,96.671,280.000,39,-1.365,-60.000,60.000,false,1.330
0.155,-2000.000,279.366,101.125,320.000,44,-1.344,-60.000,60.000,false,1.330
0.139,-2000.000,248.781,104.930,320.000,49,-1.323,-60.000,60.000,false,1.330
0.124,-2000.000,218.562,108.232,320.000,54,-1.306,-60.000,60.000,false,1.330
0.107,-2000.000,189.135,111.015,300.000,59,-1.285,-60.000,60.000,false,0.098
0.088,-2000.000,149.353,113.986,280.000,63,-1.269,-60.000,60.000,false,0.098
0.073,-2000.000,120.367,115.730,260.000,66,-1.256,-60.000,60.000,false,0.098
0.063,0.000,0.000,116.078,240.000,70,-1.239,-60.000,60.000,false,0.098
0.060,-0.000,0.000,116.078,240.000,74,-1.223,-60.000,60.000,false,0.098
0.058,-0.000,0.000,116.078,240.000,76,-1.210,-60.000,60.000,false,0.098
0.055,-0.000,0.000,116.078,200.000,79,-1.202,-60.000,60.000,false,0.098
0.053,-0.000,0.000,116.078,140.000,83,-1.185,-60.000,60.000,false,0.003
0.051,-0.000,0.000,116.078,120.000,85,-1.177,-60.000,60.000,false,0.003
0.049,-0.000,0.000,116.078,120.000,86,-1.173,-60.000,60.000,false,0.003
0.049,-0.000,0.000,116.078,80.000,87,-1.169,-60.000,60.000,false,0.003
0.049,-0.000,0.000,116.078,60.000,87,-1.169,-60.000,60.000,false,0.003
0.048,-0.000,0.000,116.078,60.000,88,-1.164,-60.000,60.000,false,0.003
0.048,-0.000,0.000,116.078,40.000,88,-1.164,-60.000,60.000,false,0.003
0.048,-0.000,0.000,116.078,40.000,89,-1.160,-60.000,60.000,false,0.266
0.048,-0.000,0.000,116.078,20.000,89,-1.160,-60.000,60.000,false,0.266
0.046,-0.000,0.000,116.078,40.000,90,-1.156,-60.000,60.000,false,0.266
0.046,-0.000,0.000,116.078,20.000,90,-1.156,-60.000,60.000,false,0.266
0.046,-0.000,0.000,116.078,-0.000,90,-1.156,-60.000,60.000,false,0.266
0.046,-0.000,0.000,116.078,20.000,91,-1.152,-60.000,60.000,false,0.266
0.046,-0.000,0.000,116.078,20.000,91,-1.152,-60.000,60.000,false,0.411
0.046,-0.000,0.000,116.078,20.000,91,-1.152,-60.000,60.000,false,0.411
0.046,-0.000,0.000,116.078,-0.000,91,-1.152,-60.000,60.000,false,0.411
0.044,-0.000,0.000,116.078,20.000,92,-1.148,-60.000,60.000,false,0.411
0.044,-0.000,0.000,116.078,20.000,92,-1.148,-60.000,60.000,false,0.411
0.044,-0.000,0.000,116.078,40.000,93,-1.144,-60.000,60.000,false,0.411
0.043,-0.000,0.000,116.078,40.000,94,-1.139,-60.000,60.000,false,0.411
0.043,-0.000,0.000,116.078,40.000,95,-1.135,-60.000,60.000,false,0.594
0.041,-0.000,0.000,116.078,60.000,96,-1.131,-60.000,60.000,false,0.594
0.041,-0.000,0.000,116.078,80.000,97,-1.123,-60.000,60.000,false,0.594
0.040,-0.000,0.000,116.078,80.000,98,-1.123,-60.000,60.000,false,0.594
0.040,-0.000,0.000,116.078,80.000,100,-1.114,-60.000,60.000,false,0.594
0.038,-0.000,0.000,116.078,60.000,101,-1.110,-60.000,60.000,false,0.594
0.036,-0.000,0.000,116.078,60.000,102,-1.106,-60.000,60.000,false,0.594
0.036,-0.000,0.000,116.078,60.000,103,-1.102,-60.000,60.000,false,0.382
0.035,-0.000,0.000,116.078,80.000,104,-1.098,-60.000,60.000,false,0.382
0.035,-0.000,0.000,116.078,60.000,105,-1.093,-60.000,60.000,false,0.382
0.033,-0.000,0.000,116.078,80.000,106,-1.089,-60.000,60.000,false,0.382
0.033,-0.000,0.000,116.078,60.000,107,-1.085,-60.000,60.000,false,0.382
0.031,-0.000,0.000,116.078,80.000,108,-1.077,-60.000,60.000,false,0.382
0.030,-0.000,0.000,116.078,60.000,110,-1.073,-60.000,60.000,false,0.382
0.030,-0.000,0.000,116.078,80.000,111,-1.068,-60.000,60.000,false,0.346
0.000,0.000,80.000,112.000,80.000,112,-1.064,-60.000,60.000,false,0.346
0.000,-1449.253,60.000,113.000,80.000,113,-1.060,-60.000,60.000,false,0.346
0.000,1488.224,80.000,113.000,60.000,113,-1.060,-60.000,60.000,false,0.346
0.000,-2993.144,40.000,113.000,40.000,113,-1.060,-60.000,60.000,false,0.346
0.000,-1480.960,20.000,113.000,20.000,113,-1.060,-60.000,60.000,false,0.346
0.000,0.000,20.000,113.000,-0.000,113,-1.060,-60.000,60.000,false,0.346
0.000,-1488.644,-0.000,113.000,-0.000,113,-1.060,-60.000,60.000,false,0.346
0.000,0.000,-0.000,113.000,-0.000,113,-1.060,-60.000,60.000,false,0.003
0.000,0.000,-0.000,113.000,-0.000,113,-1.060,-60.000,60.000,false,0.003
0.000,0.000,-0.000,113.000,-0.000,113,-1.060,-60.000,60.000,false,0.003
0.000,0.000,-0.000,113.000,-0.000,113,-1.060,-60.000,60.000,false,0.003
0.000,0.000,-0.000,113.000,-0.000,113,-1.060,-60.000,60.000,false,0.003
0.000,0.000,-0.000,113.000,-0.000,113,-1.060,-60.000,60.000,false,0.003
0.000,0.000,-0.000,113.000,-0.000,113,-1.060,-60.000,60.000,false,0.003
0.000,0.000,-0.000,113.000,-0.000,113,-1.060,-60.000,60.000,false,0.003
0.000,0.000,-0.000,113.000,-0.000,113,-1.060,-60.000,60.000,false,0.003
0.000,0.000,-0.000,113.000,-0.000,113,-1.060,-60.000,60.000,false,0.003
0.000,0.000,-0.000,113.000,-0.000,113,-1.060,-60.000,60.000,false,0.003
0.000,0.000,-0.000,113.000,-0.000,113,-1.060,-60.000,60.000,false,0.003
0.000,0.000,-0.000,113.000,-0.000,113,-1.060,-60.000,60.000,false,0.003
0.000,0.000,-0.000,113.000,-0.000,113,-1.060,-60.000,60.000,false,0.003
0.000,0.000,-0.000,113.000,-0.000,113,-1.060,-60.000,60.000,false,0.003
0.000,0.000,-0.000,113.000,-0.000,113,-1.060,-60.000,60.000,false,0.003
0.000,0.000,-0.000,113.000,-0.000,113,-1.060,-60.000,60.000,false,0.003
0.000,0.000,-0.000,113.000,-0.000,113,-1.060,-60.000,60.000,false,0.003
0.000,0.000,-0.000,113.000,-0.000,113,-1.060,-60.000,60.000,false,0.003
0.000,0.000,-0.000,113.000,-0.000,113,-1.060,-60.000,60.000,false,0.003
0.119,3000.000,43.104,113.619,-0.000,113,-1.060,-60.000,60.000,true,0.003
0.145,3000.000,95.336,115.279,-0.000,113,-1.060,-60.000,60.000,true,0.003
0.169,3000.000,141.749,117.472,-0.000,113,-1.060,-60.000,60.000,true,0.003
0.198,3000.000,197.768,121.165,-0.000,113,-1.060,-60.000,60.000,true,0.003
0.231,3000.000,264.240,127.020,40.000,116,-1.048,-60.000,60.000,true,0.003
0.255,3000.000,307.833,131.493,60.000,116,-1.048,-60.000,60.000,true,0.003
0.278,3000.000,350.349,136.458,80.000,118,-1.039,-60.000,60.000,true,0.003
0.302,3000.000,395.588,142.423,100.000,120,-1.027,-60.000,60.000,true,0.003
0.325,3000.000,438.076,148.628,140.000,124,-1.014,-60.000,60.000,true,0.003
0.348,3000.000,480.877,155.489,220.000,129,-0.993,-60.000,60.000,true,1.556
0.380,3000.000,539.021,165.936,260.000,134,-0.968,-60.000,60.000,true,1.556
0.401,3000.000,580.394,173.940,320.000,140,-0.947,-60.000,60.000,true,1.556
0.424,3000.000,622.954,182.777,360.000,146,-0.918,-60.000,60.000,true,1.556
0.447,3000.000,667.655,192.726,440.000,154,-0.889,-60.000,60.000,true,1.556
0.470,3000.000,714.536,203.892,480.000,163,-0.847,-60.000,60.000,true,1.556
0.495,3000.000,762.450,216.069,580.000,173,-0.805,-60.000,60.000,true,1.556
0.517,3000.000,807.435,228.177,640.000,188,-0.743,-60.000,60.000,true,1.753
0.551,3000.000,870.264,246.402,740.000,201,-0.689,-60.000,60.000,true,1.753
0.574,3000.000,915.884,260.330,780.000,214,-0.634,-60.000,60.000,true,1.753
0.595,3000.000,959.849,274.397,800.000,227,-0.580,-60.000,60.000,true,1.753
0.616,3000.000,1003.799,289.102,900.000,241,-0.522,-60.000,60.000,true,1.753
0.647,3000.000,1068.523,312.155,960.000,264,-0.422,-60.000,60.000,true,1.753
0.670,3000.000,1115.745,329.718,1040.000,281,-0.355,-60.000,60.000,true,1.753
0.529,-2000.000,1083.997,346.925,1120.000,306,-0.250,-60.000,60.000,true,1.647
0.511,-2000.000,1042.636,368.487,1140.000,324,-0.171,-60.000,60.000,true,1.647
0.492,-2000.000,1010.929,384.514,1180.000,342,-0.096,-60.000,60.000,true,1.647
0.474,-2000.000,978.235,400.505,1180.000,362,-0.013,-60.000,60.000,true,1.647
0.456,-2000.000,946.422,415.560,1200.000,381,0.063,-60.000,60.000,true,1.647
0.439,-2000.000,916.013,429.487,1160.000,398,0.142,-60.000,60.000,true,1.647
0.417,-2000.000,878.042,446.157,1140.000,421,0.230,-60.000,60.000,true,0.196
0.388,-2000.000,841.311,461.609,1080.000,442,0.317,-60.000,60.000,true,0.196
0.369,-2000.000,801.853,477.428,1020.000,459,0.388,-60.000,60.000,true,0.196
0.348,-2000.000,764.008,491.885,1000.000,475,0.455,-60.000,60.000,true,0.196
0.330,-2000.000,730.735,504.042,940.000,491,0.522,-60.000,60.000,true,0.196
0.313,-2000.000,700.135,514.754,900.000,504,0.576,-60.000,60.000,true,0.196
0.296,-2000.000,669.487,525.013,880.000,519,0.639,-60.000,60.000,true,0.338
0.263,-2000.000,610.424,543.040,800.000,544,0.743,-60.000,60.000,true,0.338
0.240,-2000.000,565.382,555.773,760.000,557,0.797,-60.000,60.000,true,0.338
0.222,-2000.000,531.322,564.821,740.000,569,0.847,-60.000,60.000,true,0.338
0.201,-2000.000,493.533,574.146,700.000,581,0.897,-60.000,60.000,true,0.338
0.184,-2000.000,459.735,581.915,660.000,592,0.943,-60.000,60.000,true,0.215
0.166,-2000.000,427.721,588.762,640.000,602,0.981,-60.000,60.000,true,0.215
0.147,-2000.000,394.491,595.316,580.000,612,1.027,-60.000,60.000,true,0.215
0.000,0.000,580.000,619.000,540.000,621,1.060,-60.000,60.000,true,0.215
0.201,-3000.000,534.360,627.129,500.000,628,1.089,-60.000,60.000,true,0.215
0.181,-3000.000,488.849,634.545,480.000,634,1.118,-60.000,60.000,true,0.215
0.160,-3000.000,444.021,641.180,440.000,640,1.139,-60.000,60.000,true,0.215
0.141,-3000.000,401.641,646.854,400.000,645,1.160,-60.000,60.000,true,0.010
0.121,-3000.000,353.461,652.531,360.000,648,1.173,-60.000,60.000,true,0.010
0.099,-3000.000,305.366,657.426,260.000,651,1.185,-60.000,60.000,true,0.010
0.074,-3000.000,245.515,662.324,100.000,652,1.189,-60.000,60.000,true,0.010
0.038,-3000.000,159.982,666.886,20.000,652,1.189,-60.000,60.000,true,0.010
0.009,-3000.000,95.809,668.935,-0.000,652,1.189,-60.000,60.000,true,0.193
-0.014,-3000.000,42.709,669.691,-20.000,651,1.185,-60.000,60.000,true,0.193
-0.085,-3000.000,-3.508,669.637,-20.000,651,1.185,-60.000,60.000,true,0.193
-0.110,-3000.000,-56.794,668.628,-20.000,650,1.181,-60.000,60.000,true,0.193
-0.136,-3000.000,-112.178,666.557,-60.000,647,1.169,-60.000,60.000,true,0.193
-0.159,-3000.000,-160.417,663.978,-100.000,646,1.164,-60.000,60.000,true,0.193
-0.182,-3000.000,-207.691,660.705,-120.000,643,1.152,-60.000,60.000,true,1.031
-0.206,-3000.000,-256.182,656.564,-140.000,640,1.139,-60.000,60.000,true,1.031
-0.230,-3000.000,-305.391,651.555,-180.000,637,1.123,-60.000,60.000,true,1.031
-0.252,-3000.000,-350.502,646.284,-240.000,632,1.106,-60.000,60.000,true,1.031
-0.114,2000.000,-320.666,641.500,-300.000,626,1.077,-60.000,60.000,true,1.031
0.000,-3330.003,-320.000,621.000,-320.000,619,1.052,-60.000,60.000,true,1.031
0.029,0.000,0.000,617.922,-400.000,612,1.018,-60.000,60.000,true,1.031
0.034,-0.000,0.000,617.922,-400.000,606,0.993,-60.000,60.000,true,0.473
0.042,-0.000,0.000,617.922,-360.000,595,0.947,-60.000,60.000,true,0.473
0.046,-0.000,0.000,617.922,-280.000,592,0.935,-60.000,60.000,true,0.473
0.046,-0.000,0.000,617.922,-160.000,591,0.935,-60.000,60.000,true,0.473
0.046,-0.000,0.000,617.922,-80.000,591,0.935,-60.000,60.000,true,0.473
0.046,-0.000,0.000,617.922,-20.000,591,0.935,-60.000,60.000,true,0.473
0.046,-0.000,0.000,617.922,20.000,592,0.939,-60.000,60.000,true,1.177
0.046,-0.000,0.000,617.922,60.000,593,0.947,-60.000,60.000,true,1.177
0.045,-0.000,0.000,617.922,60.000,595,0.952,-60.000,60.000,true,1.177
0.045,-0.000,0.000,617.922,80.000,595,0.956,-60.000,60.000,true,1.177
0.043,-0.000,0.000,617.922,80.000,596,0.960,-60.000,60.000,true,1.177
0.041,-0.000,0.000,617.922,80.000,598,0.964,-60.000,60.000,true,1.177
0.041,-0.000,0.000,617.922,40.000,598,0.964,-60.000,60.000,true,1.177
0.041,-0.000,0.000,617.922,40.000,598,0.964,-60.000,60.000,true,0.393
0.041,-0.000,0.000,617.922,20.000,599,0.968,-60.000,60.000,true,0.393
0.041,-0.000,0.000,617.922,20.000,599,0.968,-60.000,60.000,true,0.393
0.039,-0.000,0.000,617.922,40.000,600,0.972,-60.000,60.000,true,0.393
0.039,-0.000,0.000,617.922,60.000,602,0.981,-60.000,60.000,true,0.393
0.037,-0.000,0.000,617.922,60.000,603,0.985,-60.000,60.000,true,0.393
0.037,-0.000,0.000,617.922,80.000,604,0.989,-60.000,60.000,true,0.619
0.037,-0.000,0.000,617.922,60.000,604,0.993,-60.000,60.000,true,0.619
0.035,-0.000,0.000,617.922,60.000,605,0.997,-60.000,60.000,true,0.619
0.035,-0.000,0.000,617.922,40.000,606,0.997,-60.000,60.000,true,0.619
0.034,-0.000,0.000,617.922,40.000,607,1.002,-60.000,60.000,true,0.619
0.034,-0.000,0.000,617.922,40.000,607,1.002,-60.000,60.000,true,0.619
0.034,-0.000,0.000,617.922,40.000,608,1.006,-60.000,60.000,true,0.732
0.034,-0.000,0.000,617.922,20.000,608,1.006,-60.000,60.000,true,0.732
0.032,-0.000,0.000,617.922,40.000,609,1.010,-60.000,60.000,true,0.732
0.032,-0.000,0.000,617.922,20.000,609,1.010,-60.000,60.000,true,0.732
0.032,-0.000,0.000,617.922,40.000,610,1.014,-60.000,60.000,true,0.732
0.032,-0.000,0.000,617.922,20.000,610,1.014,-60.000,60.000,true,0.732
0.030,-0.000,0.000,617.922,40.000,611,1.018,-60.000,60.000,true,0.729
0.030,-0.000,0.000,617.922,40.000,612,1.027,-60.000,60.000,true,0.729
0.029,-0.000,0.000,617.922,40.000,613,1.031,-60.000,60.000,true,0.729
0.000,1248.274,60.000,614.000,40.000,614,1.031,-60.000,60.000,true,0.729
0.000,0.000,60.000,615.000,60.000,615,1.035,-60.000,60.000,true,0.729
0.000,0.000,60.000,616.000,60.000,616,1.039,-60.000,60.000,true,0.729
0.000,0.000,60.000,617.000,40.000,617,1.043,-60.000,60.000,true,0.244
0.000,-826.899,40.000,617.000,40.000,617,1.043,-60.000,60.000,true,0.244
0.000,-1273.993,20.000,617.000,20.000,617,1.043,-60.000,60.000,true,0.244
0.000,-1253.499,-0.000,617.000,-0.000,617,1.043,-60.000,60.000,true,0.244
0.000,0.000,-0.000,617.000,-0.000,617,1.043,-60.000,60.000,true,0.244
0.000,0.000,-0.000,617.000,-0.000,617,1.043,-60.000,60.000,true,0.244
0.000,0.000,-0.000,617.000,-0.000,617,1.043,-60.000,60.000,true,0.244
0.000,0.000,-0.000,617.000,-0.000,617,1.043,-60.000,60.000,true,0.003
0.000,0.000,-0.000,617.000,-0.000,617,1.043,-60.000,60.000,true,0.003
0.000,0.000,-0.000,617.000,-0.000,617,1.043,-60.000,60.000,true,0.003
0.000,0.000,-0.000,617.000,-0.000,617,1.043,-60.000,60.000,true,0.003
0.000,0.000,-0.000,617.000,-0.000,617,1.043,-60.000,60.000,true,0.003
0.000,0.000,-0.000,617.000,-0.000,617,1.043,-60.000,60.000,true,0.003
0.000,0.000,-0.000,617.000,-0.000,617,1.043,-60.000,60.000,true,0.003
0.000,0.000,-0.000,617.000,-0.000,617,1.043,-60.000,60.000,true,0.000
0.000,0.000,-0.000,617.000,-0.000,617,1.043,-60.000,60.000,true,0.000
0.000,0.000,-0.000,617.000,-0.000,617,1.043,-60.000,60.000,true,0.000
0.000,0.000,-0.000,617.000,-0.000,617,1.043,-60.000,60.000,true,0.000
0.000,0.000,-0.000,617.000,-0.000,617,1.043,-60.000,60.000,true,0.000
0.000,0.000,-0.000,617.000,-0.000,617,1.043,-60.000,60.000,true,0.000
0.000,0.000,-0.000,617.000,-0.000,617,1.043,-60.000,60.000,true,0.000
0.000,0.000,-0.000,617.000,-0.000,617,1.043,-60.000,60.000,true,0.003
0.000,0.000,-0.000,617.000,-0.000,617,1.043,-60.000,60.000,true,0.003
0.000,0.000,-0.000,617.000,-0.000,617,1.043,-60.000,60.000,true,0.003
0.000,0.000,-0.000,617.000,-0.000,617,1.043,-60.000,60.000,true,0.003
0.000,0.000,-0.000,617.000,-0.000,617,1.043,-60.000,60.000,true,0.003
0.000,0.000,-0.000,617.000,-0.000,617,1.043,-60.000,60.000,true,0.003
0.000,0.000,-0.000,617.000,-0.000,617,1.043,-60.000,60.000,true,0.003
-0.129,-3000.000,-62.556,615.696,-0.000,617,1.043,-60.000,60.000,false,0.003
-0.162,-3000.000,-129.034,612.836,-0.000,617,1.043,-60.000,60.000,false,0.003
-0.188,-3000.000,-178.617,609.884,-0.000,617,1.043,-60.000,60.000,false,0.003
-0.214,-3000.000,-229.058,606.033,-20.000,615,1.035,-60.000,60.000,false,0.003
-0.239,-3000.000,-278.003,601.497,-60.000,614,1.031,-60.000,60.000,false,0.003
-0.264,-3000.000,-324.170,596.509,-80.000,612,1.022,-60.000,60.000,false,0.003
-0.287,-3000.000,-367.938,591.141,-120.000,610,1.014,-60.000,60.000,false,0.003
-0.311,-3000.000,-410.994,585.242,-120.000,606,0.997,-60.000,60.000,false,1.552
-0.341,-3000.000,-466.197,576.663,-200.000,602,0.981,-60.000,60.000,false,1.552
-0.365,-3000.000,-512.852,568.688,-240.000,597,0.960,-60.000,60.000,false,1.552
-0.387,-3000.000,-556.487,560.594,-320.000,591,0.931,-60.000,60.000,false,1.552
-0.412,-3000.000,-604.546,550.909,-400.000,584,0.901,-60.000,60.000,false,1.552
-0.435,-3000.000,-649.235,541.238,-440.000,576,0.872,-60.000,60.000,false,1.552
-0.458,-3000.000,-694.966,530.644,-520.000,567,0.831,-60.000,60.000,false,1.552
-0.481,-3000.000,-742.492,518.882,-580.000,554,0.776,-60.000,60.000,false,1.665
-0.514,-3000.000,-805.283,502.027,-640.000,540,0.718,-60.000,60.000,false,1.665
-0.555,-3000.000,-882.563,479.292,-700.000,524,0.651,-60.000,60.000,false,1.665
-0.580,-3000.000,-931.760,464.012,-740.000,511,0.597,-60.000,60.000,false,1.665
-0.602,-3000.000,-976.133,449.574,-800.000,497,0.538,-60.000,60.000,false,1.665
-0.626,-3000.000,-1022.567,433.747,-840.000,484,0.480,-60.000,60.000,false,1.665
-0.648,-3000.000,-1065.283,418.578,-920.000,463,0.396,-60.000,60.000,false,2.059
-0.681,-3000.000,-1125.663,395.923,-1000.000,448,0.330,-60.000,60.000,false,2.059
-0.540,2000.000,-1094.318,378.772,-1080.000,429,0.255,-60.000,60.000,false,2.059
-0.525,2000.000,-1064.999,363.159,-1120.000,412,0.179,-60.000,60.000,false,2.059
-0.509,2000.000,-1035.325,347.798,-1140.000,394,0.104,-60.000,60.000,false,2.059
-0.491,2000.000,-1004.518,332.325,-1200.000,374,0.025,-60.000,60.000,false,2.059
-0.472,2000.000,-972.090,316.563,-1220.000,355,-0.054,-60.000,60.000,false,2.059
-0.443,2000.000,-939.429,301.222,-1180.000,330,-0.159,-60.000,60.000,false,0.481
-0.424,2000.000,-897.934,282.593,-1160.000,313,-0.230,-60.000,60.000,false,0.481
-0.406,2000.000,-866.870,269.128,-1120.000,296,-0.300,-60.000,60.000,false,0.481
-0.389,2000.000,-835.585,256.058,-1080.000,280,-0.367,-60.000,60.000,false,0.481
-0.373,2000.000,-805.471,243.930,-1040.000,263,-0.438,-60.000,60.000,false,0.481
-0.343,2000.000,-752.627,224.044,-1000.000,239,-0.543,-60.000,60.000,false,0.481
-0.321,2000.000,-718.712,211.856,-960.000,220,-0.618,-60.000,60.000,false,0.240
-0.302,2000.000,-678.196,198.117,-920.000,206,-0.676,-60.000,60.000,false,0.240
-0.284,2000.000,-646.061,187.737,-860.000,193,-0.730,-60.000,60.000,false,0.240
-0.266,2000.000,-613.467,177.739,-820.000,180,-0.789,-60.000,60.000,false,0.240
-0.248,2000.000,-578.703,167.680,-820.000,167,-0.839,-60.000,60.000,false,0.240
-0.231,2000.000,-547.397,159.111,-760.000,156,-0.885,-60.000,60.000,false,0.240
-0.212,2000.000,-513.218,150.341,-720.000,144,-0.935,-60.000,60.000,false,0.240
-0.194,2000.000,-481.978,142.812,-660.000,132,-0.985,-60.000,60.000,false,0.277
-0.173,2000.000,-441.693,133.916,-660.000,122,-1.027,-60.000,60.000,false,0.277
0.000,2396.262,-620.000,114.000,-600.000,113,-1.064,-60.000,60.000,false,0.277
-0.221,3000.000,-575.743,105.507,-600.000,105,-1.098,-60.000,60.000,false,0.277
-0.201,3000.000,-533.111,97.931,-540.000,98,-1.127,-60.000,60.000,false,0.277
-0.181,3000.000,-490.883,91.021,-540.000,91,-1.156,-60.000,60.000,false,0.277
-0.161,3000.000,-447.908,84.605,-520.000,84,-1.185,-60.000,60.000,false,0.277
-0.138,3000.000,-404.406,78.740,-480.000,75,-1.223,-60.000,60.000,false,0.714
-0.100,3000.000,-324.960,70.135,-440.000,65,-1.260,-60.000,60.000,false,0.714
-0.078,3000.000,-282.694,66.152,-460.000,59,-1.285,-60.000,60.000,false,0.714
-0.057,3000.000,-240.421,62.764,-440.000,54,-1.310,-60.000,60.000,false,0.714
-0.034,3000.000,-197.044,59.915,-400.000,48,-1.331,-60.000,60.000,false,0.714
-0.011,3000.000,-151.501,57.615,-380.000,44,-1.348,-60.000,60.000,false,0.714
0.011,3000.000,-108.987,56.071,-320.000,40,-1.365,-60.000,60.000,false,0.714
0.037,3000.000,-59.811,55.090,-260.000,36,-1.386,-60.000,60.000,false,0.171
0.066,3000.000,-2.162,55.049,-240.000,33,-1.394,-60.000,60.000,false,0.171
0.148,3000.000,59.970,56.291,-140.000,31,-1.406,-60.000,60.000,false,0.171
0.179,3000.000,123.300,58.894,-60.000,31,-1.402,-60.000,60.000,false,0.171
0.208,3000.000,180.319,62.321,20.000,32,-1.398,-60.000,60.000,false,0.171
0.238,3000.000,237.420,66.840,40.000,33,-1.394,-60.000,60.000,false,0.171
0.262,3000.000,281.802,71.009,40.000,34,-1.390,-60.000,60.000,false,0.506
0.296,3000.000,345.254,78.311,60.000,35,-1.381,-60.000,60.000,false,0.506
0.322,3000.000,392.137,84.439,100.000,38,-1.373,-60.000,60.000,false,0.506
0.180,-2000.000,346.695,92.317,160.000,42,-1.356,-60.000,60.000,false,0.506
0.167,-2000.000,317.588,96.939,180.000,45,-1.340,-60.000,60.000,false,0.506
0.155,-2000.000,289.340,101.025,220.000,49,-1.327,-60.000,60.000,false,0.506
0.141,-2000.000,258.837,104.973,220.000,52,-1.315,-60.000,60.000,false,0.506
0.126,-2000.000,228.061,108.482,220.000,56,-1.294,-60.000,60.000,false,0.178
0.105,-2000.000,185.792,112.409,220.000,61,-1.277,-60.000,60.000,false,0.178
0.090,-2000.000,155.560,114.761,240.000,64,-1.260,-60.000,60.000,false,0.178
0.065,0.000,0.000,116.078,240.000,67,-1.248,-60.000,60.000,false,0.178
0.063,-0.000,0.000,116.078,200.000,70,-1.239,-60.000,60.000,false,0.178
0.061,-0.000,0.000,116.078,180.000,72,-1.231,-60.000,60.000,false,0.178
0.059,-0.000,0.000,116.078,140.000,74,-1.223,-60.000,60.000,false,0.178
0.059,-0.000,0.000,116.078,80.000,74,-1.223,-60.000,60.000,false,0.153
0.059,-0.000,0.000,116.078,40.000,74,-1.223,-60.000,60.000,false,0.153
0.059,-0.000,0.000,116.078,-0.000,74,-1.223,-60.000,60.000,false,0.153
0.059,-0.000,0.000,116.078,-0.000,74,-1.223,-60.000,60.000,false,0.153
0.059,-0.000,0.000,116.078,20.000,75,-1.219,-60.000,60.000,false,0.153
0.057,-0.000,0.000,116.078,60.000,77,-1.210,-60.000,60.000,false,0.153
0.057,-0.000,0.000,116.078,40.000,77,-1.210,-60.000,60.000,false,0.342
0.057,-0.000,0.000,116.078,20.000,77,-1.210,-60.000,60.000,false,0.342
0.057,-0.000,0.000,116.078,20.000,78,-1.206,-60.000,60.000,false,0.342
0.057,-0.000,0.000,116.078,20.000,78,-1.206,-60.000,60.000,false,0.342
0.055,-0.000,0.000,116.078,40.000,79,-1.202,-60.000,60.000,false,0.342
0.055,-0.000,0.000,116.078,20.000,79,-1.202,-60.000,60.000,false,0.342
0.055,-0.000,0.000,116.078,40.000,80,-1.198,-60.000,60.000,false,0.342
0.054,-0.000,0.000,116.078,60.000,82,-1.189,-60.000,60.000,false,0.466
0.052,-0.000,0.000,116.078,60.000,83,-1.185,-60.000,60.000,false,0.466
0.052,-0.000,0.000,116.078,80.000,84,-1.181,-60.000,60.000,false,0.466
0.050,-0.000,0.000,116.078,80.000,86,-1.173,-60.000,60.000,false,0.466
0.049,-0.000,0.000,116.078,100.000,87,-1.169,-60.000,60.000,false,0.466
0.049,-0.000,0.000,116.078,100.000,89,-1.160,-60.000,60.000,false,0.466
0.046,-0.000,0.000,116.078,100.000,90,-1.156,-60.000,60.000,false,0.466
0.046,-0.000,0.000,116.078,80.000,92,-1.148,-60.000,60.000,false,0.255
0.044,-0.000,0.000,116.078,80.000,93,-1.144,-60.000,60.000,false,0.255
0.044,-0.000,0.000,116.078,80.000,94,-1.139,-60.000,60.000,false,0.255
0.042,-0.000,0.000,116.078,80.000,95,-1.135,-60.000,60.000,false,0.255
0.042,-0.000,0.000,116.078,60.000,96,-1.131,-60.000,60.000,false,0.255
0.040,-0.000,0.000,116.078,80.000,97,-1.123,-60.000,60.000,false,0.255
0.040,-0.000,0.000,116.078,60.000,98,-1.118,-60.000,60.000,false,0.255
0.038,-0.000,0.000,116.078,80.000,100,-1.114,-60.000,60.000,false,0.302
0.038,-0.000,0.000,116.078,60.000,101,-1.110,-60.000,60.000,false,0.302
0.036,-0.000,0.000,116.078,80.000,102,-1.106,-60.000,60.000,false,0.302
0.036,-0.000,0.000,116.078,80.000,103,-1.102,-60.000,60.000,false,0.302
0.035,-0.000,0.000,116.078,60.000,104,-1.098,-60.000,60.000,false,0.302
0.035,-0.000,0.000,116.078,60.000,104,-1.098,-60.000,60.000,false,0.302
0.035,-0.000,0.000,116.078,60.000,105,-1.093,-60.000,60.000,false,0.302
0.033,-0.000,0.000,116.078,60.000,106,-1.089,-60.000,60.000,false,0.302
0.033,-0.000,0.000,116.078,60.000,107,-1.085,-60.000,60.000,false,0.364
0.031,-0.000,0.000,116.078,60.000,108,-1.081,-60.000,60.000,false,0.364
0.031,-0.000,0.000,116.078,60.000,109,-1.077,-60.000,60.000,false,0.364
0.029,-0.000,0.000,116.078,80.000,111,-1.068,-60.000,60.000,false,0.364
0.000,1364.714,80.000,112.000,80.000,112,-1.064,-60.000,60.000,false,0.364
0.000,0.000,80.000,113.000,80.000,113,-1.060,-60.000,60.000,false,0.364
0.000,-1505.278,60.000,113.000,60.000,113,-1.060,-60.000,60.000,false,0.364
0.000,-1343.747,40.000,113.000,20.000,113,-1.060,-60.000,60.000,false,0.029
0.000,-2103.644,-0.000,113.000,-0.000,113,-1.060,-60.000,60.000,false,0.029
0.000,0.000,-0.000,113.000,-0.000,113,-1.060,-60.000,60.000,false,0.029
0.000,0.000,-0.000,113.000,-0.000,113,-1.060,-60.000,60.000,false,0.029
0.000,0.000,-0.000,113.000,-0.000,113,-1.060,-60.000,60.000,false,0.029
0.000,0.000,-0.000,113.000,-0.000,113,-1.060,-60.000,60.000,false,0.029
0.000,0.000,-0.000,113.000,-0.000,113,-1.060,-60.000,60.000,false,0.029
0.000,0.000,-0.000,113.000,-0.000,113,-1.060,-60.000,60.000,false,0.029
0.000,0.000,-0.000,113.000,-0.000,113,-1.060,-60.000,60.000,false,0.003
0.000,0.000,-0.000,113.000,-0.000,113,-1.060,-60.000,60.000,false,0.003
0.000,0.000,-0.000,113.000,-0.000,113,-1.060,-60.000,60.000,false,0.003
0.000,0.000,-0.000,113.000,-0.000,113,-1.060,-60.000,60.000,false,0.003
0.000,0.000,-0.000,113.000,-0.000,113,-1.060,-60.000,60.000,false,0.003
0.000,0.000,-0.000,113.000,-0.000,113,-1.060,-60.000,60.000,false,0.003
0.000,0.000,-0.000,113.000,-0.000,113,-1.060,-60.000,60.000,false,0.003
0.000,0.000,-0.000,113.000,-0.000,113,-1.060,-60.000,60.000,false,0.003
0.000,0.000,-0.000,113.000,-0.000,113,-1.060,-60.000,60.000,false,0.003
0.000,0.000,-0.000,113.000,-0.000,113,-1.060,-60.000,60.000,false,0.003
0.000,0.000,-0.000,113.000,-0.000,113,-1.060,-60.000,60.000,false,0.003
0.000,0.000,-0.000,113.000,-0.000,113,-1.060,-60.000,60.000,false,0.003
0.000,0.000,-0.000,113.000,-0.000,113,-1.060,-60.000,60.000,false,0.003
0.000,0.000,-0.000,113.000,-0.000,113,-1.060,-60.000,60.000,false,0.003
0.000,0.000,-0.000,113.000,-0.000,113,-1.060,-60.000,60.000,false,0.003
0.000,0.000,-0.000,113.000,-0.000,113,-1.060,-60.000,60.000,false,0.003
0.000,0.000,-0.000,113.000,-0.000,113,-1.060,-60.000,60.000,false,0.003
0.000,0.000,-0.000,113.000,-0.000,113,-1.060,-60.000,60.000,false,0.003
0.000,0.000,-0.000,113.000,-0.000,113,-1.060,-60.000,60.000,false,0.003
0.000,0.000,-0.000,113.000,-0.000,113,-1.060,-60.000,60.000,false,0.003
0.000,0.000,-0.000,113.000,-0.000,113,-1.060,-60.000,60.000,false,0.003
0.000,0.000,-0.000,113.000,-0.000,113,-1.060,-60.000,60.000,false,0.003
-0.000,0.000,-0.000,113.000,-0.000,113,-1.060,-60.000,60.000,false,0.003
-0.000,0.000,-0.000,113.000,-0.000,113,-1.060,-60.000,60.000,false,0.003
-0.000,0.000,-0.000,113.000,-0.000,113,-1.060,-60.000,60.000,false,0.003
-0.000,0.000,-0.000,113.000,-0.000,113,-1.060,-60.000,60.000,false,0.003
-0.000,0.000,-0.000,113.000,-0.000,113,-1.060,-60.000,60.000,false,0.003
-0.000,0.000,-0.000,113.000,-0.000,113,-1.060,-60.000,60.000,false,0.003
-0.000,0.000,-0.000,113.000,-0.000,113,-1.060,-60.000,60.000,false,0.003
-0.000,0.000,-0.000,113.000,-0.000,113,-1.060,-60.000,60.000,false,0.003
-0.000,0.000,-0.000,113.000,-0.000,113,-1.060,-60.000,60.000,false,0.003
-0.000,0.000,-0.000,113.000,-0.000,113,-1.060,-60.000,60.000,false,0.003
-0.000,0.000,-0.000,113.000,-0.000,113,-1.060,-60.000,60.000,false,0.003
-0.000,0.000,-0.000,113.000,-0.000,113,-1.060,-60.000,60.000,false,0.003
-0.000,0.000,-0.000,113.000,-0.000,113,-1.060,-60.000,60.000,false,0.003
-0.000,0.000,-0.000,113.000,-0.000,113,-1.060,-60.000,60.000,false,0.003
-0.000,0.000,-0.000,113.000,-0.000,113,-1.060,-60.000,60.000,false,0.003
-0.000,0.000,-0.000,113.000,-0.000,113,-1.060,-60.000,60.000,false,0.003
-0.000,0.000,-0.000,113.000,-0.000,113,-1.060,-60.000,60.000,false,0.003
-0.000,0.000,-0.000,113.000,-0.000,113,-1.060,-60.000,60.000,false,0.003
-0.000,0.000,-0.000,113.000,-0.000,113,-1.060,-60.000,60.000,false,0.003
-0.000,0.000,-0.000,113.000,-0.000,113,-1.060,-60.000,60.000,false,0.003
-0.000,0.000,-0.000,113.000,-0.000,113,-1.060,-60.000,60.000,false,0.003
-0.000,0.000,-0.000,113.000,-0.000,113,-1.060,-60.000,60.000,false,0.003
-0.000,0.000,-0.000,113.000,-0.000,113,-1.060,-60.000,60.000,false,0.003
-0.000,0.000,-0.000,113.000,-0.000,113,-1.060,-60.000,60.000,false,0.003
-0.000,0.000,-0.000,113.000,-0.000,113,-1.060,-60.000,60.000,false,0.003
-0.000,0.000,-0.000,113.000,-0.000,113,-1.060,-60.000,60.000,false,0.003
-0.000,0.000,-0.000,113.000,-0.000,113,-1.060,-60.000,60.000,false,0.003
-0.000,0.000,-0.000,113.000,-0.000,113,-1.060,-60.000,60.000,false,0.003
