251.194720156,system.limelight_pose,position=(-3.457 -0.869 -0.000)m, orientation={yaw=2.730, pitch=0.000, roll=0.000},system.loop_hz,21.198695949508167,system.loop_avg_fps,25.568988117499483,system.loop_worst_fps,13.878550910520515,system.loop_1pct_low_fps,15.037593984962406,system.loop_0_1pct_low_fps,13.84083044982699,drive.heading_rad,-0.37574200266888985,intake.over_current,0.0,intake.shooting,false,robot.shot_preset,close,robot.shooter_hood_luts_enabled,true,robot.slow_mode,false,robot.turret_forward_override,false,robot.hang_mode,false,shooter.running,true,shooter.busy,false,shooter.impact_detected,false,shooter.over_current,false,turret.over_current,false
251.40369351,system.limelight_pose,position=(-3.457 -0.869 -0.000)m, orientation={yaw=2.730, pitch=0.000, roll=0.000},system.loop_hz,25.985441344659314,system.loop_avg_fps,25.55744566194208,system.loop_worst_fps,13.878550910520515,system.loop_1pct_low_fps,15.037593984962406,system.loop_0_1pct_low_fps,13.84083044982699,drive.heading_rad,-0.37600012955754575,intake.over_current,0.0,intake.shooting,false,robot.shot_preset,close,robot.shooter_hood_luts_enabled,true,robot.slow_mode,false,robot.turret_forward_override,false,robot.hang_mode,false,shooter.running,true,shooter.busy,false,shooter.impact_detected,false,shooter.over_current,false,turret.over_current,false
251.627051574,system.limelight_pose,position=(-3.457 -0.869 -0.000)m, orientation={yaw=2.730, pitch=0.000, roll=0.000},system.loop_hz,25.75607273462887,system.loop_avg_fps,25.567176489800577,system.loop_worst_fps,13.878550910520515,system.loop_1pct_low_fps,15.037593984962406,system.loop_0_1pct_low_fps,13.84083044982699,drive.heading_rad,-0.3763448424711429,intake.over_current,0.0,intake.shooting,false,robot.shot_preset,close,robot.shooter_hood_luts_enabled,true,robot.slow_mode,false,robot.turret_forward_override,false,robot.hang_mode,false,shooter.running,true,shooter.busy,false,shooter.impact_detected,false,shooter.over_current,false,turret.over_current,false
251.865311473,system.limelight_pose,position=(-3.459 -0.868 -0.000)m, orientation={yaw=2.730, pitch=0.000, roll=0.000},system.loop_hz,21.678412970217874,system.loop_avg_fps,25.56414214241947,system.loop_worst_fps,13.878550910520515,system.loop_1pct_low_fps,15.037593984962406,system.loop_0_1pct_low_fps,13.84083044982699,drive.heading_rad,-0.3763448424711429,intake.over_current,0.0,intake.shooting,false,robot.shot_preset,close,robot.shooter_hood_luts_enabled,true,robot.slow_mode,false,robot.turret_forward_override,false,robot.hang_mode,false,shooter.running,true,shooter.busy,false,shooter.impact_detected,false,shooter.over_current,false,turret.over_current,false
252.075175578,system.limelight_pose,position=(-3.459 -0.868 -0.000)m, orientation={yaw=2.730, pitch=0.000, roll=0.000},system.loop_hz,24.309038078471293,system.loop_avg_fps,25.51925338730514,system.loop_worst_fps,13.878550910520515,system.loop_1pct_low_fps,14.84230055658627,system.loop_0_1pct_low_fps,13.84083044982699,drive.heading_rad,-0.38409317650467395,intake.over_current,0.0,intake.shooting,false,robot.shot_preset,close,robot.shooter_hood_luts_enabled,true,robot.slow_mode,false,robot.turret_forward_override,false,robot.hang_mode,false,shooter.running,true,shooter.busy,false,shooter.impact_detected,false,shooter.over_current,false,turret.over_current,false
252.300513475,system.limelight_pose,position=(-3.459 -0.868 -0.000)m, orientation={yaw=2.730, pitch=0.000, roll=0.000},system.loop_hz,26.909537803121584,system.loop_avg_fps,25.527399471289478,system.loop_worst_fps,13.878550910520515,system.loop_1pct_low_fps,14.84230055658627,system.loop_0_1pct_low_fps,13.84083044982699,drive.heading_rad,-0.3908236836590903,intake.over_current,0.0,intake.shooting,false,robot.shot_preset,close,robot.shooter_hood_luts_enabled,true,robot.slow_mode,false,robot.turret_forward_override,false,robot.hang_mode,false,shooter.running,true,shooter.busy,false,shooter.impact_detected,false,shooter.over_current,false,turret.over_current,false
252.53267754,system.limelight_pose,position=(-3.459 -0.868 -0.000)m, orientation={yaw=2.730, pitch=0.000, roll=0.000},system.loop_hz,20.853025975294802,system.loop_avg_fps,25.49738108929426,system.loop_worst_fps,13.878550910520515,system.loop_1pct_low_fps,14.84230055658627,system.loop_0_1pct_low_fps,13.84083044982699,drive.heading_rad,-0.3759593831928676,intake.over_current,0.0,intake.shooting,false,robot.shot_preset,close,robot.shooter_hood_luts_enabled,true,robot.slow_mode,false,robot.turret_forward_override,false,robot.hang_mode,false,shooter.running,true,shooter.busy,false,shooter.impact_detected,false,shooter.over_current,false,turret.over_current,false
252.738248311,system.limelight_pose,position=(-3.459 -0.868 -0.000)m, orientation={yaw=2.730, pitch=0.000, roll=0.000},system.loop_hz,15.42442059359286,system.loop_avg_fps,25.457424316897814,system.loop_worst_fps,13.878550910520515,system.loop_1pct_low_fps,14.773776546629731,system.loop_0_1pct_low_fps,13.84083044982699,drive.heading_rad,-0.3794145351016227,intake.over_current,0.0,intake.shooting,false,robot.shot_preset,close,robot.shooter_hood_luts_enabled,true,robot.slow_mode,false,robot.turret_forward_override,false,robot.hang_mode,false,shooter.running,true,shooter.busy,false,shooter.impact_detected,true,shooter.over_current,false,turret.over_current,false
252.967786501,system.limelight_pose,position=(-3.459 -0.868 -0.000)m, orientation={yaw=2.730, pitch=0.000, roll=0.000},system.loop_hz,21.187036787811344,system.loop_avg_fps,25.39853004250886,system.loop_worst_fps,13.391757285008346,system.loop_1pct_low_fps,14.479638009049774,system.loop_0_1pct_low_fps,13.377926421404682,drive.heading_rad,-0.38984963249039384,intake.over_current,0.0,intake.shooting,false,robot.shot_preset,close,robot.shooter_hood_luts_enabled,true,robot.slow_mode,false,robot.turret_forward_override,false,robot.hang_mode,false,shooter.running,true,shooter.busy,true,shooter.impact_detected,true,shooter.over_current,false,turret.over_current,false
253.2106069,system.limelight_pose,position=(-3.459 -0.868 -0.000)m, orientation={yaw=2.730, pitch=0.000, roll=0.000},system.loop_hz,23.049372516559398,system.loop_avg_fps,25.39322690962213,system.loop_worst_fps,13.391757285008346,system.loop_1pct_low_fps,14.604462474645029,system.loop_0_1pct_low_fps,13.377926421404682,drive.heading_rad,-0.3607064942340886,intake.over_current,0.0,intake.shooting,false,robot.shot_preset,close,robot.shooter_hood_luts_enabled,true,robot.slow_mode,false,robot.turret_forward_override,false,robot.hang_mode,false,shooter.running,true,shooter.busy,true,shooter.impact_detected,true,shooter.over_current,false,turret.over_current,false
253.426292963,system.limelight_pose,position=(-3.459 -0.868 -0.000)m, orientation={yaw=2.730, pitch=0.000, roll=0.000},system.loop_hz,25.169920877349735,system.loop_avg_fps,25.37820889357677,system.loop_worst_fps,13.391757285008346,system.loop_1pct_low_fps,14.604462474645029,system.loop_0_1pct_low_fps,13.377926421404682,drive.heading_rad,-0.35480376412549613,intake.over_current,0.0,intake.shooting,false,robot.shot_preset,close,robot.shooter_hood_luts_enabled,true,robot.slow_mode,false,robot.turret_forward_override,false,robot.hang_mode,false,shooter.running,true,shooter.busy,true,shooter.impact_detected,true,shooter.over_current,false,turret.over_current,false
253.664660487,system.limelight_pose,position=(-3.459 -0.868 -0.000)m, orientation={yaw=2.730, pitch=0.000, roll=0.000},system.loop_hz,24.04766034661882,system.loop_avg_fps,25.37666689174145,system.loop_worst_fps,13.391757285008346,system.loop_1pct_low_fps,14.604462474645029,system.loop_0_1pct_low_fps,13.377926421404682,drive.heading_rad,-0.34355949852901807,intake.over_current,0.0,intake.shooting,false,robot.shot_preset,close,robot.shooter_hood_luts_enabled,true,robot.slow_mode,false,robot.turret_forward_override,false,robot.hang_mode,false,shooter.running,true,shooter.busy,true,shooter.impact_detected,true,shooter.over_current,false,turret.over_current,false
253.899283886,system.limelight_pose,position=(-3.459 -0.868 -0.000)m, orientation={yaw=2.730, pitch=0.000, roll=0.000},system.loop_hz,22.131521835803635,system.loop_avg_fps,25.34707070135343,system.loop_worst_fps,13.391757285008346,system.loop_1pct_low_fps,14.604462474645029,system.loop_0_1pct_low_fps,13.377926421404682,drive.heading_rad,-0.6923019080134939,intake.over_current,0.0,intake.shooting,false,robot.shot_preset,close,robot.shooter_hood_luts_enabled,true,robot.slow_mode,false,robot.turret_forward_override,false,robot.hang_mode,false,shooter.running,true,shooter.busy,true,shooter.impact_detected,true,shooter.over_current,false,turret.over_current,false
254.146146786,system.limelight_pose,position=(-3.459 -0.868 -0.000)m, orientation={yaw=2.730, pitch=0.000, roll=0.000},system.loop_hz,14.76731176387996,system.loop_avg_fps,25.30836148918337,system.loop_worst_fps,13.391757285008346,system.loop_1pct_low_fps,14.510278113663844,system.loop_0_1pct_low_fps,13.377926421404682,drive.heading_rad,-1.5657206080733144,intake.over_current,0.0,intake.shooting,false,robot.shot_preset,close,robot.shooter_hood_luts_enabled,true,robot.slow_mode,false,robot.turret_forward_override,false,robot.hang_mode,false,shooter.running,true,shooter.busy,true,shooter.impact_detected,true,shooter.over_current,false,turret.over_current,false
254.40164127,system.limelight_pose,position=(-3.459 -0.868 -0.000)m, orientation={yaw=2.730, pitch=0.000, roll=0.000},system.loop_hz,17.897129839079327,system.loop_avg_fps,25.26357296966162,system.loop_worst_fps,13.391757285008346,system.loop_1pct_low_fps,14.510278113663844,system.loop_0_1pct_low_fps,13.377926421404682,drive.heading_rad,-2.1718171900234338,intake.over_current,0.0,intake.shooting,false,robot.shot_preset,close,robot.shooter_hood_luts_enabled,true,robot.slow_mode,false,robot.turret_forward_override,false,robot.hang_mode,false,shooter.running,true,shooter.busy,true,shooter.impact_detected,true,shooter.over_current,false,turret.over_current,false
254.607972999,system.limelight_pose,position=(-3.459 -0.868 -0.000)m, orientation={yaw=2.730, pitch=0.000, roll=0.000},system.loop_hz,25.861369816756902,system.loop_avg_fps,25.257116719635214,system.loop_worst_fps,13.391757285008346,system.loop_1pct_low_fps,14.510278113663844,system.loop_0_1pct_low_fps,13.377926421404682,drive.heading_rad,-2.2251926640649655,intake.over_current,0.0,intake.shooting,false,robot.shot_preset,close,robot.shooter_hood_luts_enabled,true,robot.slow_mode,false,robot.turret_forward_override,false,robot.hang_mode,false,shooter.running,true,shooter.busy,true,shooter.impact_detected,true,shooter.over_current,false,turret.over_current,false
254.82294127,system.limelight_pose,position=(-3.459 -0.868 -0.000)m, orientation={yaw=2.730, pitch=0.000, roll=0.000},system.loop_hz,17.018028252441322,system.loop_avg_fps,25.244163516738872,system.loop_worst_fps,13.391757285008346,system.loop_1pct_low_fps,14.510278113663844,system.loop_0_1pct_low_fps,13.377926421404682,drive.heading_rad,-2.227986320048459,intake.over_current,0.0,intake.shooting,false,robot.shot_preset,close,robot.shooter_hood_luts_enabled,true,robot.slow_mode,false,robot.turret_forward_override,false,robot.hang_mode,false,shooter.running,true,shooter.busy,true,shooter.impact_detected,true,shooter.over_current,false,turret.over_current,false
255.053213294,system.limelight_pose,position=(-3.459 -0.868 -0.000)m, orientation={yaw=2.730, pitch=0.000, roll=0.000},system.loop_hz,30.987970562792114,system.loop_avg_fps,25.219811583353763,system.loop_worst_fps,13.391757285008346,system.loop_1pct_low_fps,14.510278113663844,system.loop_0_1pct_low_fps,13.377926421404682,drive.heading_rad,-2.330124273649341,intake.over_current,0.0,intake.shooting,false,robot.shot_preset,close,robot.shooter_hood_luts_enabled,true,robot.slow_mode,false,robot.turret_forward_override,false,robot.hang_mode,false,shooter.running,true,shooter.busy,true,shooter.impact_detected,true,shooter.over_current,false,turret.over_current,false
255.284408733,system.limelight_pose,position=(-3.459 -0.868 -0.000)m, orientation={yaw=2.730, pitch=0.000, roll=0.000},system.loop_hz,19.39577129515419,system.loop_avg_fps,25.224847468020066,system.loop_worst_fps,13.391757285008346,system.loop_1pct_low_fps,14.510278113663844,system.loop_0_1pct_low_fps,13.377926421404682,drive.heading_rad,-2.3337898485737263,intake.over_current,0.0,intake.shooting,false,robot.shot_preset,close,robot.shooter_hood_luts_enabled,true,robot.slow_mode,false,robot.turret_forward_override,false,robot.hang_mode,false,shooter.running,true,shooter.busy,true,shooter.impact_detected,true,shooter.over_current,false,turret.over_current,false
255.524776216,system.limelight_pose,position=(-3.459 -0.868 -0.000)m, orientation={yaw=2.730, pitch=0.000, roll=0.000},system.loop_hz,22.695398072292267,system.loop_avg_fps,25.19344476666996,system.loop_worst_fps,13.391757285008346,system.loop_1pct_low_fps,14.510278113663844,system.loop_0_1pct_low_fps,13.377926421404682,drive.heading_rad,-2.3420680185061284,intake.over_current,0.0,intake.shooting,false,robot.shot_preset,close,robot.shooter_hood_luts_enabled,true,robot.slow_mode,false,robot.turret_forward_override,false,robot.hang_mode,false,shooter.running,true,shooter.busy,true,shooter.impact_detected,true,shooter.over_current,false,turret.over_current,false
255.732867279,system.limelight_pose,position=(-3.459 -0.868 -0.000)m, orientation={yaw=2.730, pitch=0.000, roll=0.000},system.loop_hz,38.24140036949537,system.loop_avg_fps,25.215680044270062,system.loop_worst_fps,13.391757285008346,system.loop_1pct_low_fps,14.510278113663844,system.loop_0_1pct_low_fps,13.377926421404682,drive.heading_rad,-2.3509475302126708,intake.over_current,0.0,intake.shooting,false,robot.shot_preset,close,robot.shooter_hood_luts_enabled,true,robot.slow_mode,false,robot.turret_forward_override,false,robot.hang_mode,false,shooter.running,true,shooter.busy,true,shooter.impact_detected,true,shooter.over_current,false,turret.over_current,false
255.948226384,system.limelight_pose,position=(-3.459 -0.868 -0.000)m, orientation={yaw=2.730, pitch=0.000, roll=0.000},system.loop_hz,22.659998282365887,system.loop_avg_fps,25.20312438774994,system.loop_worst_fps,13.391757285008346,system.loop_1pct_low_fps,14.510278113663844,system.loop_0_1pct_low_fps,13.377926421404682,drive.heading_rad,-2.3507406025959714,intake.over_current,0.0,intake.shooting,false,robot.shot_preset,close,robot.shooter_hood_luts_enabled,true,robot.slow_mode,false,robot.turret_forward_override,false,robot.hang_mode,false,shooter.running,true,shooter.busy,true,shooter.impact_detected,true,shooter.over_current,false,turret.over_current,false
256.183327824,system.limelight_pose,position=(-3.459 -0.868 -0.000)m, orientation={yaw=2.730, pitch=0.000, roll=0.000},system.loop_hz,22.306323008317857,system.loop_avg_fps,25.205288831491885,system.loop_worst_fps,13.391757285008346,system.loop_1pct_low_fps,14.510278113663844,system.loop_0_1pct_low_fps,13.377926421404682,drive.heading_rad,-2.3496255370475554,intake.over_current,0.0,intake.shooting,false,robot.shot_preset,close,robot.shooter_hood_luts_enabled,true,robot.slow_mode,false,robot.turret_forward_override,false,robot.hang_mode,false,shooter.running,true,shooter.busy,true,shooter.impact_detected,true,shooter.over_current,false,turret.over_current,false
256.420164681,system.limelight_pose,position=(-3.459 -0.868 -0.000)m, orientation={yaw=2.730, pitch=0.000, roll=0.000},system.loop_hz,23.838823426277262,system.loop_avg_fps,25.177391091297213,system.loop_worst_fps,13.391757285008346,system.loop_1pct_low_fps,14.510278113663844,system.loop_0_1pct_low_fps,13.377926421404682,drive.heading_rad,-2.316213518011421,intake.over_current,0.0,intake.shooting,false,robot.shot_preset,close,robot.shooter_hood_luts_enabled,true,robot.slow_mode,false,robot.turret_forward_override,false,robot.hang_mode,false,shooter.running,true,shooter.busy,true,shooter.impact_detected,true,shooter.over_current,false,turret.over_current,false
256.643924953,system.limelight_pose,position=(-3.459 -0.868 -0.000)m, orientation={yaw=2.730, pitch=0.000, roll=0.000},system.loop_hz,21.66293529825474,system.loop_avg_fps,25.159273558790538,system.loop_worst_fps,13.391757285008346,system.loop_1pct_low_fps,14.510278113663844,system.loop_0_1pct_low_fps,13.377926421404682,drive.heading_rad,-2.302969085278239,intake.over_current,0.0,intake.shooting,false,robot.shot_preset,close,robot.shooter_hood_luts_enabled,true,robot.slow_mode,false,robot.turret_forward_override,false,robot.hang_mode,false,shooter.running,true,shooter.busy,true,shooter.impact_detected,true,shooter.over_current,false,turret.over_current,false
256.864032684,system.limelight_pose,position=(-3.459 -0.868 -0.000)m, orientation={yaw=2.730, pitch=0.000, roll=0.000},system.loop_hz,20.558556659397357,system.loop_avg_fps,25.14399536781464,system.loop_worst_fps,13.391757285008346,system.loop_1pct_low_fps,14.510278113663844,system.loop_0_1pct_low_fps,13.377926421404682,drive.heading_rad,-2.229811118027381,intake.over_current,0.0,intake.shooting,false,robot.shot_preset,close,robot.shooter_hood_luts_enabled,true,robot.slow_mode,false,robot.turret_forward_override,false,robot.hang_mode,false,shooter.running,true,shooter.busy,true,shooter.impact_detected,true,shooter.over_current,false,turret.over_current,false
257.071702871,system.limelight_pose,position=(-3.459 -0.868 -0.000)m, orientation={yaw=2.730, pitch=0.000, roll=0.000},system.loop_hz,18.734644499900995,system.loop_avg_fps,25.137734709916135,system.loop_worst_fps,13.391757285008346,system.loop_1pct_low_fps,14.510278113663844,system.loop_0_1pct_low_fps,13.377926421404682,drive.heading_rad,-2.1757111310112935,intake.over_current,0.0,intake.shooting,false,robot.shot_preset,close,robot.shooter_hood_luts_enabled,true,robot.slow_mode,false,robot.turret_forward_override,false,robot.hang_mode,false,shooter.running,true,shooter.busy,true,shooter.impact_detected,true,shooter.over_current,false,turret.over_current,false
257.310383645,system.limelight_pose,position=(-3.459 -0.868 -0.000)m, orientation={yaw=2.730, pitch=0.000, roll=0.000},system.loop_hz,22.421857975142053,system.loop_avg_fps,25.109682173632283,system.loop_worst_fps,13.391757285008346,system.loop_1pct_low_fps,14.394242303078768,system.loop_0_1pct_low_fps,13.377926421404682,drive.heading_rad,-2.1839244529711523,intake.over_current,0.0,intake.shooting,false,robot.shot_preset,close,robot.shooter_hood_luts_enabled,true,robot.slow_mode,false,robot.turret_forward_override,false,robot.hang_mode,false,shooter.running,true,shooter.busy,true,shooter.impact_detected,true,shooter.over_current,false,turret.over_current,false
257.513518416,system.limelight_pose,position=(-3.459 -0.868 -0.000)m, orientation={yaw=2.730, pitch=0.000, roll=0.000},system.loop_hz,20.755067271841387,system.loop_avg_fps,25.078977873948094,system.loop_worst_fps,13.391757285008346,system.loop_1pct_low_fps,14.394242303078768,system.loop_0_1pct_low_fps,13.377926421404682,drive.heading_rad,-2.1488552819467164,intake.over_current,0.0,intake.shooting,false,robot.shot_preset,close,robot.shooter_hood_luts_enabled,true,robot.slow_mode,false,robot.turret_forward_override,false,robot.hang_mode,false,shooter.running,true,shooter.busy,true,shooter.impact_detected,true,shooter.over_current,false,turret.over_current,false
257.720362312,system.limelight_pose,position=(-3.459 -0.868 -0.000)m, orientation={yaw=2.730, pitch=0.000, roll=0.000},system.loop_hz,21.41745882706417,system.loop_avg_fps,25.046042647082313,system.loop_worst_fps,13.391757285008346,system.loop_1pct_low_fps,14.487504527345164,system.loop_0_1pct_low_fps,13.377926421404682,drive.heading_rad,-2.071047302274525,intake.over_current,0.0,intake.shooting,false,robot.shot_preset,close,robot.shooter_hood_luts_enabled,true,robot.slow_mode,false,robot.turret_forward_override,false,robot.hang_mode,false,shooter.running,true,shooter.busy,true,shooter.impact_detected,true,shooter.over_current,false,turret.over_current,false
257.93626275,system.limelight_pose,position=(-3.459 -0.868 -0.000)m, orientation={yaw=2.730, pitch=0.000, roll=0.000},system.loop_hz,18.13646152955849,system.loop_avg_fps,25.034808646774113,system.loop_worst_fps,13.391757285008346,system.loop_1pct_low_fps,14.487504527345164,system.loop_0_1pct_low_fps,13.377926421404682,drive.heading_rad,-2.1783821484265884,intake.over_current,0.0,intake.shooting,false,robot.shot_preset,close,robot.shooter_hood_luts_enabled,true,robot.slow_mode,false,robot.turret_forward_override,false,robot.hang_mode,false,shooter.running,true,shooter.busy,true,shooter.impact_detected,true,shooter.over_current,false,turret.over_current,false
258.142400812,system.limelight_pose,position=(-3.459 -0.868 -0.000)m, orientation={yaw=2.730, pitch=0.000, roll=0.000},system.loop_hz,16.669200107253822,system.loop_avg_fps,25.002989411011395,system.loop_worst_fps,13.391757285008346,system.loop_1pct_low_fps,14.487504527345164,system.loop_0_1pct_low_fps,13.377926421404682,drive.heading_rad,-2.6598843366740046,intake.over_current,0.0,intake.shooting,false,robot.shot_preset,close,robot.shooter_hood_luts_enabled,true,robot.slow_mode,false,robot.turret_forward_override,false,robot.hang_mode,false,shooter.running,true,shooter.busy,true,shooter.impact_detected,true,shooter.over_current,false,turret.over_current,false
258.404208714,system.limelight_pose,position=(-3.459 -0.868 -0.000)m, orientation={yaw=2.730, pitch=0.000, roll=0.000},system.loop_hz,15.705920583920427,system.loop_avg_fps,24.933687364745936,system.loop_worst_fps,10.77005331962946,system.loop_1pct_low_fps,13.922728854855551,system.loop_0_1pct_low_fps,10.75268817204301,drive.heading_rad,-2.950449858987645,intake.over_current,0.0,intake.shooting,false,robot.shot_preset,close,robot.shooter_hood_luts_enabled,true,robot.slow_mode,false,robot.turret_forward_override,false,robot.hang_mode,false,shooter.running,true,shooter.busy,false,shooter.impact_detected,true,shooter.over_current,false,turret.over_current,false
258.64520153,system.limelight_pose,position=(-3.459 -0.868 -0.000)m, orientation={yaw=2.730, pitch=0.000, roll=0.000},system.loop_hz,20.15194323375324,system.loop_avg_fps,24.906405533600722,system.loop_worst_fps,10.77005331962946,system.loop_1pct_low_fps,13.922728854855551,system.loop_0_1pct_low_fps,10.75268817204301,drive.heading_rad,3.118827419959578,intake.over_current,0.0,intake.shooting,false,robot.shot_preset,close,robot.shooter_hood_luts_enabled,true,robot.slow_mode,false,robot.turret_forward_override,false,robot.hang_mode,false,shooter.running,true,shooter.busy,false,shooter.impact_detected,true,shooter.over_current,false,turret.over_current,false
258.84842205,system.limelight_pose,position=(-3.459 -0.868 -0.000)m, orientation={yaw=2.730, pitch=0.000, roll=0.000},system.loop_hz,21.509768500037143,system.loop_avg_fps,24.904751689084026,system.loop_worst_fps,10.77005331962946,system.loop_1pct_low_fps,13.922728854855551,system.loop_0_1pct_low_fps,10.75268817204301,drive.heading_rad,3.0748479777180093,intake.over_current,0.0,intake.shooting,false,robot.shot_preset,close,robot.shooter_hood_luts_enabled,true,robot.slow_mode,false,robot.turret_forward_override,false,robot.hang_mode,false,shooter.running,true,shooter.busy,false,shooter.impact_detected,true,shooter.over_current,false,turret.over_current,false
259.052540904,system.limelight_pose,position=(-3.459 -0.868 -0.000)m, orientation={yaw=2.730, pitch=0.000, roll=0.000},system.loop_hz,20.84947517076074,system.loop_avg_fps,24.875769294750718,system.loop_worst_fps,10.77005331962946,system.loop_1pct_low_fps,13.864818024263432,system.loop_0_1pct_low_fps,10.75268817204301,drive.heading_rad,3.1142768766049596,intake.over_current,0.0,intake.shooting,false,robot.shot_preset,close,robot.shooter_hood_luts_enabled,true,robot.slow_mode,false,robot.turret_forward_override,false,robot.hang_mode,false,shooter.running,true,shooter.busy,false,shooter.impact_detected,false,shooter.over_current,false,turret.over_current,false
259.292478178,system.limelight_pose,position=(-3.459 -0.868 -0.000)m, orientation={yaw=2.730, pitch=0.000, roll=0.000},system.loop_hz,16.977158235236967,system.loop_avg_fps,24.850025617741238,system.loop_worst_fps,10.77005331962946,system.loop_1pct_low_fps,13.864818024263432,system.loop_0_1pct_low_fps,10.75268817204301,drive.heading_rad,-2.5538737473739834,intake.over_current,0.0,intake.shooting,false,robot.shot_preset,close,robot.shooter_hood_luts_enabled,true,robot.slow_mode,false,robot.turret_forward_override,false,robot.hang_mode,false,shooter.running,true,shooter.busy,false,shooter.impact_detected,false,shooter.over_current,false,turret.over_current,false
259.554522038,system.limelight_pose,position=(-3.459 -0.868 -0.000)m, orientation={yaw=2.730, pitch=0.000, roll=0.000},system.loop_hz,14.81094597629709,system.loop_avg_fps,24.836517386075162,system.loop_worst_fps,10.77005331962946,system.loop_1pct_low_fps,13.831258644536653,system.loop_0_1pct_low_fps,10.75268817204301,drive.heading_rad,-1.6841300764604177,intake.over_current,0.0,intake.shooting,false,robot.shot_preset,close,robot.shooter_hood_luts_enabled,true,robot.slow_mode,false,robot.turret_forward_override,false,robot.hang_mode,false,shooter.running,true,shooter.busy,false,shooter.impact_detected,false,shooter.over_current,false,turret.over_current,false
259.75954185,system.limelight_pose,position=(-3.459 -0.868 -0.000)m, orientation={yaw=2.730, pitch=0.000, roll=0.000},system.loop_hz,18.742837658865398,system.loop_avg_fps,24.807851110153262,system.loop_worst_fps,10.77005331962946,system.loop_1pct_low_fps,13.831258644536653,system.loop_0_1pct_low_fps,10.75268817204301,drive.heading_rad,-1.512060575269308,intake.over_current,0.0,intake.shooting,false,robot.shot_preset,close,robot.shooter_hood_luts_enabled,true,robot.slow_mode,false,robot.turret_forward_override,false,robot.hang_mode,false,shooter.running,true,shooter.busy,false,shooter.impact_detected,false,shooter.over_current,false,turret.over_current,false
259.99385404,system.limelight_pose,position=(-3.459 -0.868 -0.000)m, orientation={yaw=2.730, pitch=0.000, roll=0.000},system.loop_hz,20.56644937528108,system.loop_avg_fps,24.786644650470006,system.loop_worst_fps,10.77005331962946,system.loop_1pct_low_fps,13.831258644536653,system.loop_0_1pct_low_fps,10.75268817204301,drive.heading_rad,-1.520180153958796,intake.over_current,0.0,intake.shooting,false,robot.shot_preset,close,robot.shooter_hood_luts_enabled,true,robot.slow_mode,false,robot.turret_forward_override,false,robot.hang_mode,false,shooter.running,true,shooter.busy,false,shooter.impact_detected,false,shooter.over_current,false,turret.over_current,false
260.214417062,system.limelight_pose,position=(-3.459 -0.868 -0.000)m, orientation={yaw=2.730, pitch=0.000, roll=0.000},system.loop_hz,18.311592772743694,system.loop_avg_fps,24.774529328437684,system.loop_worst_fps,10.77005331962946,system.loop_1pct_low_fps,13.831258644536653,system.loop_0_1pct_low_fps,10.75268817204301,drive.heading_rad,-1.5190203473040664,intake.over_current,0.0,intake.shooting,false,robot.shot_preset,close,robot.shooter_hood_luts_enabled,true,robot.slow_mode,false,robot.turret_forward_override,false,robot.hang_mode,false,shooter.running,true,shooter.busy,false,shooter.impact_detected,true,shooter.over_current,false,turret.over_current,false
260.430772792,system.limelight_pose,position=(-3.459 -0.868 -0.000)m, orientation={yaw=2.730, pitch=0.000, roll=0.000},system.loop_hz,26.69478232325378,system.loop_avg_fps,24.739442365920763,system.loop_worst_fps,10.77005331962946,system.loop_1pct_low_fps,13.831258644536653,system.loop_0_1pct_low_fps,10.75268817204301,drive.heading_rad,-1.4867224617099672,intake.over_current,0.0,intake.shooting,false,robot.shot_preset,close,robot.shooter_hood_luts_enabled,true,robot.slow_mode,false,robot.turret_forward_override,false,robot.hang_mode,false,shooter.running,true,shooter.busy,false,shooter.impact_detected,true,shooter.over_current,false,turret.over_current,false
260.662801524,system.limelight_pose,position=(-3.459 -0.868 -0.000)m, orientation={yaw=2.730, pitch=0.000, roll=0.000},system.loop_hz,22.806055208359883,system.loop_avg_fps,24.720459375342237,system.loop_worst_fps,10.77005331962946,system.loop_1pct_low_fps,13.831258644536653,system.loop_0_1pct_low_fps,10.75268817204301,drive.heading_rad,-1.472265758048581,intake.over_current,0.0,intake.shooting,false,robot.shot_preset,close,robot.shooter_hood_luts_enabled,true,robot.slow_mode,false,robot.turret_forward_override,false,robot.hang_mode,false,shooter.running,true,shooter.busy,false,shooter.impact_detected,false,shooter.over_current,false,turret.over_current,false
260.87595417,system.limelight_pose,position=(-3.459 -0.868 -0.000)m, orientation={yaw=2.730, pitch=0.000, roll=0.000},system.loop_hz,19.24088105380552,system.loop_avg_fps,24.713592839351456,system.loop_worst_fps,10.77005331962946,system.loop_1pct_low_fps,13.831258644536653,system.loop_0_1pct_low_fps,10.75268817204301,drive.heading_rad,-1.4726754853822897,intake.over_current,0.0,intake.shooting,false,robot.shot_preset,close,robot.shooter_hood_luts_enabled,true,robot.slow_mode,false,robot.turret_forward_override,false,robot.hang_mode,false,shooter.running,true,shooter.busy,false,shooter.impact_detected,false,shooter.over_current,false,turret.over_current,false
261.119043778,system.limelight_pose,position=(-3.459 -0.868 -0.000)m, orientation={yaw=2.730, pitch=0.000, roll=0.000},system.loop_hz,21.633820289725676,system.loop_avg_fps,24.713399755571995,system.loop_worst_fps,10.77005331962946,system.loop_1pct_low_fps,13.831258644536653,system.loop_0_1pct_low_fps,10.75268817204301,drive.heading_rad,-1.4734271625999644,intake.over_current,0.0,intake.shooting,false,robot.shot_preset,close,robot.shooter_hood_luts_enabled,true,robot.slow_mode,false,robot.turret_forward_override,false,robot.hang_mode,false,shooter.running,true,shooter.busy,false,shooter.impact_detected,false,shooter.over_current,false,turret.over_current,false
261.364458553,system.limelight_pose,position=(-3.459 -0.868 -0.000)m, orientation={yaw=2.730, pitch=0.000, roll=0.000},system.loop_hz,19.698204983332953,system.loop_avg_fps,24.711761538575402,system.loop_worst_fps,10.77005331962946,system.loop_1pct_low_fps,13.831258644536653,system.loop_0_1pct_low_fps,10.75268817204301,drive.heading_rad,-1.4737063950402594,intake.over_current,0.0,intake.shooting,false,robot.shot_preset,close,robot.shooter_hood_luts_enabled,true,robot.slow_mode,false,robot.turret_forward_override,false,robot.hang_mode,false,shooter.running,true,shooter.busy,false,shooter.impact_detected,true,shooter.over_current,false,turret.over_current,false
261.603555535,system.limelight_pose,position=(-3.459 -0.868 -0.000)m, orientation={yaw=2.730, pitch=0.000, roll=0.000},system.loop_hz,20.043324849272395,system.loop_avg_fps,24.714052468545756,system.loop_worst_fps,10.77005331962946,system.loop_1pct_low_fps,13.831258644536653,system.loop_0_1pct_low_fps,10.75268817204301,drive.heading_rad,-1.4741592655836273,intake.over_current,0.0,intake.shooting,true,robot.shot_preset,close,robot.shooter_hood_luts_enabled,true,robot.slow_mode,false,robot.turret_forward_override,false,robot.hang_mode,false,shooter.running,true,shooter.busy,false,shooter.impact_detected,true,shooter.over_current,false,turret.over_current,false
261.857972894,system.limelight_pose,position=(-3.459 -0.868 -0.000)m, orientation={yaw=2.730, pitch=0.000, roll=0.000},system.loop_hz,16.128076799581244,system.loop_avg_fps,24.706894586113805,system.loop_worst_fps,10.77005331962946,system.loop_1pct_low_fps,13.831258644536653,system.loop_0_1pct_low_fps,10.75268817204301,drive.heading_rad,-1.473903735277034,intake.over_current,0.0,intake.shooting,true,robot.shot_preset,close,robot.shooter_hood_luts_enabled,true,robot.slow_mode,false,robot.turret_forward_override,false,robot.hang_mode,false,shooter.running,true,shooter.busy,false,shooter.impact_detected,false,shooter.over_current,false,turret.over_current,false
262.086512417,system.limelight_pose,position=(-3.459 -0.868 -0.000)m, orientation={yaw=2.730, pitch=0.000, roll=0.000},system.loop_hz,17.62516826086797,system.loop_avg_fps,24.69089988293346,system.loop_worst_fps,10.77005331962946,system.loop_1pct_low_fps,13.831258644536653,system.loop_0_1pct_low_fps,10.75268817204301,drive.heading_rad,-1.4734727026546048,intake.over_current,0.0,intake.shooting,true,robot.shot_preset,close,robot.shooter_hood_luts_enabled,true,robot.slow_mode,false,robot.turret_forward_override,false,robot.hang_mode,false,shooter.running,true,shooter.busy,false,shooter.impact_detected,true,shooter.over_current,false,turret.over_current,false
262.309876314,system.limelight_pose,position=(-3.459 -0.868 -0.000)m, orientation={yaw=2.730, pitch=0.000, roll=0.000},system.loop_hz,23.36048140532584,system.loop_avg_fps,24.678227241268427,system.loop_worst_fps,10.77005331962946,system.loop_1pct_low_fps,13.941698352344739,system.loop_0_1pct_low_fps,11.922503725782414,drive.heading_rad,-1.471826070152609,intake.over_current,0.0,intake.shooting,true,robot.shot_preset,close,robot.shooter_hood_luts_enabled,true,robot.slow_mode,false,robot.turret_forward_override,false,robot.hang_mode,false,shooter.running,true,shooter.busy,false,shooter.impact_detected,true,shooter.over_current,false,turret.over_current,false
262.524745128,system.limelight_pose,position=(-3.459 -0.868 -0.000)m, orientation={yaw=2.730, pitch=0.000, roll=0.000},system.loop_hz,24.902643736879583,system.loop_avg_fps,24.67082155456928,system.loop_worst_fps,10.77005331962946,system.loop_1pct_low_fps,13.941698352344739,system.loop_0_1pct_low_fps,11.922503725782414,drive.heading_rad,-1.4724178245468245,intake.over_current,0.0,intake.shooting,true,robot.shot_preset,close,robot.shooter_hood_luts_enabled,true,robot.slow_mode,false,robot.turret_forward_override,false,robot.hang_mode,false,shooter.running,true,shooter.busy,false,shooter.impact_detected,false,shooter.over_current,false,turret.over_current,false
262.727708106,system.limelight_pose,position=(-3.459 -0.868 -0.000)m, orientation={yaw=2.730, pitch=0.000, roll=0.000},system.loop_hz,15.977906262506181,system.loop_avg_fps,24.64629061900362,system.loop_worst_fps,10.77005331962946,system.loop_1pct_low_fps,13.941698352344739,system.loop_0_1pct_low_fps,11.922503725782414,drive.heading_rad,-1.473346468818935,intake.over_current,0.0,intake.shooting,false,robot.shot_preset,close,robot.shooter_hood_luts_enabled,true,robot.slow_mode,false,robot.turret_forward_override,false,robot.hang_mode,false,shooter.running,true,shooter.busy,false,shooter.impact_detected,false,shooter.over_current,false,turret.over_current,false
262.93020471,system.limelight_pose,position=(-3.459 -0.868 -0.000)m, orientation={yaw=2.730, pitch=0.000, roll=0.000},system.loop_hz,23.49253511776558,system.loop_avg_fps,24.622279288464647,system.loop_worst_fps,10.77005331962946,system.loop_1pct_low_fps,13.941698352344739,system.loop_0_1pct_low_fps,11.922503725782414,drive.heading_rad,-1.4739213121402288,intake.over_current,0.0,intake.shooting,false,robot.shot_preset,close,robot.shooter_hood_luts_enabled,true,robot.slow_mode,false,robot.turret_forward_override,false,robot.hang_mode,false,shooter.running,true,shooter.busy,false,shooter.impact_detected,false,shooter.over_current,false,turret.over_current,false
263.180539027,system.limelight_pose,position=(-3.459 -0.868 -0.000)m, orientation={yaw=2.730, pitch=0.000, roll=0.000},system.loop_hz,16.48668536938498,system.loop_avg_fps,24.594245185949443,system.loop_worst_fps,10.77005331962946,system.loop_1pct_low_fps,13.771517996870111,system.loop_0_1pct_low_fps,11.851851851851851,drive.heading_rad,-1.4757808643713766,intake.over_current,0.0,intake.shooting,false,robot.shot_preset,close,robot.shooter_hood_luts_enabled,true,robot.slow_mode,false,robot.turret_forward_override,false,robot.hang_mode,false,shooter.running,true,shooter.busy,true,shooter.impact_detected,true,shooter.over_current,false,turret.over_current,false
263.393341382,system.limelight_pose,position=(-3.459 -0.868 -0.000)m, orientation={yaw=2.730, pitch=0.000, roll=0.000},system.loop_hz,16.684612357635086,system.loop_avg_fps,24.564678580532235,system.loop_worst_fps,10.77005331962946,system.loop_1pct_low_fps,13.771517996870111,system.loop_0_1pct_low_fps,11.851851851851851,drive.heading_rad,-1.4861835710633895,intake.over_current,0.0,intake.shooting,false,robot.shot_preset,close,robot.shooter_hood_luts_enabled,true,robot.slow_mode,false,robot.turret_forward_override,false,robot.hang_mode,false,shooter.running,true,shooter.busy,true,shooter.impact_detected,true,shooter.over_current,false,turret.over_current,false
263.609795112,system.limelight_pose,position=(-3.459 -0.868 -0.000)m, orientation={yaw=2.730, pitch=0.000, roll=0.000},system.loop_hz,29.27200208814931,system.loop_avg_fps,24.580959799401594,system.loop_worst_fps,10.77005331962946,system.loop_1pct_low_fps,13.771517996870111,system.loop_0_1pct_low_fps,11.851851851851851,drive.heading_rad,-1.7846468307477144,intake.over_current,0.0,intake.shooting,false,robot.shot_preset,close,robot.shooter_hood_luts_enabled,true,robot.slow_mode,false,robot.turret_forward_override,false,robot.hang_mode,false,shooter.running,true,shooter.busy,true,shooter.impact_detected,true,shooter.over_current,false,turret.over_current,false
263.83911251,system.limelight_pose,position=(-3.459 -0.868 -0.000)m, orientation={yaw=2.730, pitch=0.000, roll=0.000},system.loop_hz,22.03083691491149,system.loop_avg_fps,24.56585886856729,system.loop_worst_fps,10.77005331962946,system.loop_1pct_low_fps,13.771517996870111,system.loop_0_1pct_low_fps,11.851851851851851,drive.heading_rad,-2.0906650789704306,intake.over_current,0.0,intake.shooting,false,robot.shot_preset,close,robot.shooter_hood_luts_enabled,true,robot.slow_mode,false,robot.turret_forward_override,false,robot.hang_mode,false,shooter.running,true,shooter.busy,true,shooter.impact_detected,true,shooter.over_current,false,turret.over_current,false
264.061256949,system.limelight_pose,position=(-3.459 -0.868 -0.000)m, orientation={yaw=2.730, pitch=0.000, roll=0.000},system.loop_hz,28.121020611977656,system.loop_avg_fps,24.55507518209586,system.loop_worst_fps,10.77005331962946,system.loop_1pct_low_fps,13.771517996870111,system.loop_0_1pct_low_fps,11.851851851851851,drive.heading_rad,-2.7358004067078037,intake.over_current,0.0,intake.shooting,false,robot.shot_preset,close,robot.shooter_hood_luts_enabled,true,robot.slow_mode,false,robot.turret_forward_override,false,robot.hang_mode,false,shooter.running,true,shooter.busy,true,shooter.impact_detected,true,shooter.over_current,false,turret.over_current,false
264.298118014,system.limelight_pose,position=(-3.459 -0.868 -0.000)m, orientation={yaw=2.730, pitch=0.000, roll=0.000},system.loop_hz,21.491836025192278,system.loop_avg_fps,24.535931027569717,system.loop_worst_fps,10.77005331962946,system.loop_1pct_low_fps,13.771517996870111,system.loop_0_1pct_low_fps,11.851851851851851,drive.heading_rad,2.7396798334677217,intake.over_current,0.0,intake.shooting,false,robot.shot_preset,close,robot.shooter_hood_luts_enabled,true,robot.slow_mode,false,robot.turret_forward_override,false,robot.hang_mode,false,shooter.running,true,shooter.busy,true,shooter.impact_detected,true,shooter.over_current,false,turret.over_current,false
264.624418964,system.limelight_pose,position=(-3.459 -0.868 -0.000)m, orientation={yaw=2.730, pitch=0.000, roll=0.000},system.loop_hz,5.284545870358209,system.loop_avg_fps,24.442674133979672,system.loop_worst_fps,5.284545870358209,system.loop_1pct_low_fps,11.9532735669655,system.loop_0_1pct_low_fps,7.085916740478299,drive.heading_rad,NaN,intake.over_current,0.0,intake.shooting,false,robot.shot_preset,close,robot.shooter_hood_luts_enabled,true,robot.slow_mode,false,robot.turret_forward_override,false,robot.hang_mode,false,shooter.running,true,shooter.busy,true,shooter.impact_detected,true,shooter.over_current,false,turret.over_current,false
264.862836071,system.limelight_pose,position=(-3.459 -0.868 -0.000)m, orientation={yaw=2.730, pitch=0.000, roll=0.000},system.loop_hz,22.509888087349413,system.loop_avg_fps,24.423516104446293,system.loop_worst_fps,5.284545870358209,system.loop_1pct_low_fps,11.714589989350372,system.loop_0_1pct_low_fps,7.085916740478299,drive.heading_rad,NaN,intake.over_current,0.0,intake.shooting,false,robot.shot_preset,close,robot.shooter_hood_luts_enabled,true,robot.slow_mode,false,robot.turret_forward_override,false,robot.hang_mode,false,shooter.running,true,shooter.busy,true,shooter.impact_detected,true,shooter.over_current,false,turret.over_current,false
265.069950342,system.limelight_pose,position=(-3.459 -0.868 -0.000)m, orientation={yaw=2.730, pitch=0.000, roll=0.000},system.loop_hz,23.638633374933587,system.loop_avg_fps,24.422169227959696,system.loop_worst_fps,5.284545870358209,system.loop_1pct_low_fps,11.714589989350372,system.loop_0_1pct_low_fps,7.085916740478299,drive.heading_rad,-0.0,intake.over_current,0.0,intake.shooting,false,robot.shot_preset,close,robot.shooter_hood_luts_enabled,true,robot.slow_mode,false,robot.turret_forward_override,false,robot.hang_mode,false,shooter.running,true,shooter.busy,true,shooter.impact_detected,true,shooter.over_current,false,turret.over_current,false
265.286586072,system.limelight_pose,position=(-3.459 -0.868 -0.000)m, orientation={yaw=2.730, pitch=0.000, roll=0.000},system.loop_hz,22.50368278396198,system.loop_avg_fps,24.415504495398483,system.loop_worst_fps,5.284545870358209,system.loop_1pct_low_fps,11.714589989350372,system.loop_0_1pct_low_fps,7.085916740478299,drive.heading_rad,-0.0,intake.over_current,0.0,intake.shooting,false,robot.shot_preset,close,robot.shooter_hood_luts_enabled,true,robot.slow_mode,false,robot.turret_forward_override,false,robot.hang_mode,false,shooter.running,true,shooter.busy,true,shooter.impact_detected,true,shooter.over_current,false,turret.over_current,false
265.492317551,system.limelight_pose,position=(-3.459 -0.868 -0.000)m, orientation={yaw=2.730, pitch=0.000, roll=0.000},system.loop_hz,27.725116229947545,system.loop_avg_fps,24.41497882378267,system.loop_worst_fps,5.284545870358209,system.loop_1pct_low_fps,11.714589989350372,system.loop_0_1pct_low_fps,7.085916740478299,drive.heading_rad,-0.0,intake.over_current,0.0,intake.shooting,false,robot.shot_preset,close,robot.shooter_hood_luts_enabled,true,robot.slow_mode,false,robot.turret_forward_override,false,robot.hang_mode,false,shooter.running,true,shooter.busy,true,shooter.impact_detected,true,shooter.over_current,false,turret.over_current,false
265.704381114,system.limelight_pose,position=(-3.459 -0.868 -0.000)m, orientation={yaw=2.730, pitch=0.000, roll=0.000},system.loop_hz,19.021726311451854,system.loop_avg_fps,24.41094755675955,system.loop_worst_fps,5.284545870358209,system.loop_1pct_low_fps,11.714589989350372,system.loop_0_1pct_low_fps,7.085916740478299,drive.heading_rad,-0.0,intake.over_current,0.0,intake.shooting,false,robot.shot_preset,close,robot.shooter_hood_luts_enabled,true,robot.slow_mode,false,robot.turret_forward_override,false,robot.hang_mode,false,shooter.running,true,shooter.busy,true,shooter.impact_detected,true,shooter.over_current,false,turret.over_current,false
265.909987176,system.limelight_pose,position=(-3.459 -0.868 -0.000)m, orientation={yaw=2.730, pitch=0.000, roll=0.000},system.loop_hz,19.563105001239887,system.loop_avg_fps,24.38791490480229,system.loop_worst_fps,5.284545870358209,system.loop_1pct_low_fps,11.714589989350372,system.loop_0_1pct_low_fps,7.085916740478299,drive.heading_rad,-0.0,intake.over_current,0.0,intake.shooting,false,robot.shot_preset,close,robot.shooter_hood_luts_enabled,true,robot.slow_mode,false,robot.turret_forward_override,false,robot.hang_mode,false,shooter.running,true,shooter.busy,true,shooter.impact_detected,true,shooter.over_current,false,turret.over_current,false
266.142628116,system.limelight_pose,position=(-3.459 -0.868 -0.000)m, orientation={yaw=2.730, pitch=0.000, roll=0.000},system.loop_hz,29.502221118949087,system.loop_avg_fps,24.372768995041124,system.loop_worst_fps,5.284545870358209,system.loop_1pct_low_fps,11.714589989350372,system.loop_0_1pct_low_fps,7.085916740478299,drive.heading_rad,-0.0,intake.over_current,0.0,intake.shooting,false,robot.shot_preset,close,robot.shooter_hood_luts_enabled,true,robot.slow_mode,false,robot.turret_forward_override,false,robot.hang_mode,false,shooter.running,true,shooter.busy,true,shooter.impact_detected,true,shooter.over_current,false,turret.over_current,false
266.36778693,system.limelight_pose,position=(-3.459 -0.868 -0.000)m, orientation={yaw=2.730, pitch=0.000, roll=0.000},system.loop_hz,16.881778793854547,system.loop_avg_fps,24.361857751588136,system.loop_worst_fps,5.284545870358209,system.loop_1pct_low_fps,11.714589989350372,system.loop_0_1pct_low_fps,7.085916740478299,drive.heading_rad,-0.0,intake.over_current,0.0,intake.shooting,false,robot.shot_preset,close,robot.shooter_hood_luts_enabled,true,robot.slow_mode,false,robot.turret_forward_override,false,robot.hang_mode,false,shooter.running,true,shooter.busy,true,shooter.impact_detected,true,shooter.over_current,false,turret.over_current,false
266.570485076,system.limelight_pose,position=(-3.459 -0.868 -0.000)m, orientation={yaw=2.730, pitch=0.000, roll=0.000},system.loop_hz,26.056337606133916,system.loop_avg_fps,24.363236180747293,system.loop_worst_fps,5.284545870358209,system.loop_1pct_low_fps,11.714589989350372,system.loop_0_1pct_low_fps,7.085916740478299,drive.heading_rad,-0.0,intake.over_current,0.0,intake.shooting,false,robot.shot_preset,close,robot.shooter_hood_luts_enabled,true,robot.slow_mode,false,robot.turret_forward_override,false,robot.hang_mode,false,shooter.running,true,shooter.busy,true,shooter.impact_detected,true,shooter.over_current,false,turret.over_current,false
266.788756181,system.limelight_pose,position=(-3.459 -0.868 -0.000)m, orientation={yaw=2.730, pitch=0.000, roll=0.000},system.loop_hz,37.899420093373024,system.loop_avg_fps,24.37835540445344,system.loop_worst_fps,5.284545870358209,system.loop_1pct_low_fps,11.714589989350372,system.loop_0_1pct_low_fps,7.085916740478299,drive.heading_rad,-0.0,intake.over_current,0.0,intake.shooting,false,robot.shot_preset,close,robot.shooter_hood_luts_enabled,true,robot.slow_mode,false,robot.turret_forward_override,false,robot.hang_mode,false,shooter.running,true,shooter.busy,true,shooter.impact_detected,true,shooter.over_current,false,turret.over_current,false
267.017023287,system.limelight_pose,position=(-3.459 -0.868 -0.000)m, orientation={yaw=2.730, pitch=0.000, roll=0.000},system.loop_hz,17.499405938923594,system.loop_avg_fps,24.36590174648868,system.loop_worst_fps,5.284545870358209,system.loop_1pct_low_fps,11.919543084181774,system.loop_0_1pct_low_fps,7.085916740478299,drive.heading_rad,-0.0,intake.over_current,0.0,intake.shooting,false,robot.shot_preset,close,robot.shooter_hood_luts_enabled,true,robot.slow_mode,false,robot.turret_forward_override,false,robot.hang_mode,false,shooter.running,true,shooter.busy,true,shooter.impact_detected,true,shooter.over_current,false,turret.over_current,false
267.218216141,system.limelight_pose,position=(-3.459 -0.868 -0.000)m, orientation={yaw=2.730, pitch=0.000, roll=0.000},system.loop_hz,27.17831105548205,system.loop_avg_fps,24.368047774318626,system.loop_worst_fps,5.284545870358209,system.loop_1pct_low_fps,11.919543084181774,system.loop_0_1pct_low_fps,7.085916740478299,drive.heading_rad,-0.0,intake.over_current,0.0,intake.shooting,false,robot.shot_preset,close,robot.shooter_hood_luts_enabled,true,robot.slow_mode,false,robot.turret_forward_override,false,robot.hang_mode,false,shooter.running,true,shooter.busy,true,shooter.impact_detected,true,shooter.over_current,false,turret.over_current,false
267.470271583,system.limelight_pose,position=(-3.459 -0.868 -0.000)m, orientation={yaw=2.730, pitch=0.000, roll=0.000},system.loop_hz,18.99916935632531,system.loop_avg_fps,24.364945412619974,system.loop_worst_fps,5.284545870358209,system.loop_1pct_low_fps,11.919543084181774,system.loop_0_1pct_low_fps,7.085916740478299,drive.heading_rad,-0.0,intake.over_current,0.0,intake.shooting,false,robot.shot_preset,close,robot.shooter_hood_luts_enabled,true,robot.slow_mode,false,robot.turret_forward_override,false,robot.hang_mode,false,shooter.running,true,shooter.busy,true,shooter.impact_detected,true,shooter.over_current,false,turret.over_current,false
267.671756103,system.limelight_pose,position=(-3.459 -0.868 -0.000)m, orientation={yaw=2.730, pitch=0.000, roll=0.000},system.loop_hz,33.97484176553944,system.loop_avg_fps,24.3669199954093,system.loop_worst_fps,5.284545870358209,system.loop_1pct_low_fps,11.919543084181774,system.loop_0_1pct_low_fps,7.085916740478299,drive.heading_rad,-0.0,intake.over_current,0.0,intake.shooting,false,robot.shot_preset,close,robot.shooter_hood_luts_enabled,true,robot.slow_mode,false,robot.turret_forward_override,false,robot.hang_mode,false,shooter.running,true,shooter.busy,true,shooter.impact_detected,true,shooter.over_current,false,turret.over_current,false
267.885864541,system.limelight_pose,position=(-3.459 -0.868 -0.000)m, orientation={yaw=2.730, pitch=0.000, roll=0.000},system.loop_hz,20.32745662498179,system.loop_avg_fps,24.362221436389085,system.loop_worst_fps,5.284545870358209,system.loop_1pct_low_fps,11.919543084181774,system.loop_0_1pct_low_fps,7.085916740478299,drive.heading_rad,-0.0,intake.over_current,0.0,intake.shooting,false,robot.shot_preset,close,robot.shooter_hood_luts_enabled,true,robot.slow_mode,false,robot.turret_forward_override,false,robot.hang_mode,false,shooter.running,true,shooter.busy,true,shooter.impact_detected,true,shooter.over_current,false,turret.over_current,false
268.113743148,system.limelight_pose,position=(-3.459 -0.868 -0.000)m, orientation={yaw=2.730, pitch=0.000, roll=0.000},system.loop_hz,22.001855064390202,system.loop_avg_fps,24.350344903707512,system.loop_worst_fps,5.284545870358209,system.loop_1pct_low_fps,11.919543084181774,system.loop_0_1pct_low_fps,7.085916740478299,drive.heading_rad,-0.0,intake.over_current,0.0,intake.shooting,false,robot.shot_preset,close,robot.shooter_hood_luts_enabled,true,robot.slow_mode,false,robot.turret_forward_override,false,robot.hang_mode,false,shooter.running,true,shooter.busy,true,shooter.impact_detected,true,shooter.over_current,false,turret.over_current,false
268.35007863,system.limelight_pose,position=(-3.459 -0.868 -0.000)m, orientation={yaw=2.730, pitch=0.000, roll=0.000},system.loop_hz,19.39302846225151,system.loop_avg_fps,24.334175304774252,system.loop_worst_fps,5.284545870358209,system.loop_1pct_low_fps,11.919543084181774,system.loop_0_1pct_low_fps,7.085916740478299,drive.heading_rad,-0.0,intake.over_current,0.0,intake.shooting,false,robot.shot_preset,close,robot.shooter_hood_luts_enabled,true,robot.slow_mode,false,robot.turret_forward_override,false,robot.hang_mode,false,shooter.running,true,shooter.busy,true,shooter.impact_detected,true,shooter.over_current,false,turret.over_current,false
268.582760403,system.limelight_pose,position=(-3.459 -0.868 -0.000)m, orientation={yaw=2.730, pitch=0.000, roll=0.000},system.loop_hz,23.412964493593567,system.loop_avg_fps,24.32006244171811,system.loop_worst_fps,5.284545870358209,system.loop_1pct_low_fps,11.919543084181774,system.loop_0_1pct_low_fps,7.085916740478299,drive.heading_rad,-0.0,intake.over_current,0.0,intake.shooting,false,robot.shot_preset,close,robot.shooter_hood_luts_enabled,true,robot.slow_mode,false,robot.turret_forward_override,false,robot.hang_mode,false,shooter.running,true,shooter.busy,true,shooter.impact_detected,true,shooter.over_current,false,turret.over_current,false
268.791089466,system.limelight_pose,position=(-3.459 -0.868 -0.000)m, orientation={yaw=2.730, pitch=0.000, roll=0.000},system.loop_hz,33.49620528188384,system.loop_avg_fps,24.31864967203449,system.loop_worst_fps,5.284545870358209,system.loop_1pct_low_fps,11.919543084181774,system.loop_0_1pct_low_fps,7.085916740478299,drive.heading_rad,-0.0,intake.over_current,0.0,intake.shooting,false,robot.shot_preset,close,robot.shooter_hood_luts_enabled,true,robot.slow_mode,false,robot.turret_forward_override,false,robot.hang_mode,false,shooter.running,true,shooter.busy,true,shooter.impact_detected,true,shooter.over_current,false,turret.over_current,false
269.035057865,system.limelight_pose,position=(-3.459 -0.868 -0.000)m, orientation={yaw=2.730, pitch=0.000, roll=0.000},system.loop_hz,21.780459804234347,system.loop_avg_fps,24.320064499675414,system.loop_worst_fps,5.284545870358209,system.loop_1pct_low_fps,11.919543084181774,system.loop_0_1pct_low_fps,7.085916740478299,drive.heading_rad,-0.0,intake.over_current,0.0,intake.shooting,false,robot.shot_preset,close,robot.shooter_hood_luts_enabled,true,robot.slow_mode,false,robot.turret_forward_override,false,robot.hang_mode,false,shooter.running,true,shooter.busy,true,shooter.impact_detected,true,shooter.over_current,false,turret.over_current,false
269.275215931,system.limelight_pose,position=(-3.459 -0.868 -0.000)m, orientation={yaw=2.730, pitch=0.000, roll=0.000},system.loop_hz,19.367503807651378,system.loop_avg_fps,24.30240671847111,system.loop_worst_fps,5.284545870358209,system.loop_1pct_low_fps,11.875309252845128,system.loop_0_1pct_low_fps,7.085916740478299,drive.heading_rad,-0.0,intake.over_current,0.0,intake.shooting,false,robot.shot_preset,close,robot.shooter_hood_luts_enabled,true,robot.slow_mode,false,robot.turret_forward_override,false,robot.hang_mode,false,shooter.running,true,shooter.busy,true,shooter.impact_detected,true,shooter.over_current,false,turret.over_current,false
269.479697326,system.limelight_pose,position=(-3.459 -0.868 -0.000)m, orientation={yaw=2.730, pitch=0.000, roll=0.000},system.loop_hz,28.261724482381418,system.loop_avg_fps,24.30304692122004,system.loop_worst_fps,5.284545870358209,system.loop_1pct_low_fps,11.875309252845128,system.loop_0_1pct_low_fps,7.085916740478299,drive.heading_rad,-0.0,intake.over_current,0.0,intake.shooting,false,robot.shot_preset,close,robot.shooter_hood_luts_enabled,true,robot.slow_mode,false,robot.turret_forward_override,false,robot.hang_mode,false,shooter.running,true,shooter.busy,true,shooter.impact_detected,true,shooter.over_current,false,turret.over_current,false
269.713109725,system.limelight_pose,position=(-3.459 -0.868 -0.000)m, orientation={yaw=2.730, pitch=0.000, roll=0.000},system.loop_hz,23.945043634573143,system.loop_avg_fps,24.289047262080775,system.loop_worst_fps,5.284545870358209,system.loop_1pct_low_fps,11.875309252845128,system.loop_0_1pct_low_fps,7.085916740478299,drive.heading_rad,-0.0,intake.over_current,0.0,intake.shooting,false,robot.shot_preset,close,robot.shooter_hood_luts_enabled,true,robot.slow_mode,false,robot.turret_forward_override,false,robot.hang_mode,false,shooter.running,true,shooter.busy,true,shooter.impact_detected,true,shooter.over_current,false,turret.over_current,false
269.92924583,system.limelight_pose,position=(-3.459 -0.868 -0.000)m, orientation={yaw=2.730, pitch=0.000, roll=0.000},system.loop_hz,21.283046319021857,system.loop_avg_fps,24.28387264088765,system.loop_worst_fps,5.284545870358209,system.loop_1pct_low_fps,11.875309252845128,system.loop_0_1pct_low_fps,7.085916740478299,drive.heading_rad,-0.0,intake.over_current,0.0,intake.shooting,false,robot.shot_preset,close,robot.shooter_hood_luts_enabled,true,robot.slow_mode,false,robot.turret_forward_override,false,robot.hang_mode,false,shooter.running,true,shooter.busy,true,shooter.impact_detected,true,shooter.over_current,false,turret.over_current,false
270.129691725,system.limelight_pose,position=(-3.459 -0.868 -0.000)m, orientation={yaw=2.730, pitch=0.000, roll=0.000},system.loop_hz,20.080655156271554,system.loop_avg_fps,24.265970244182576,system.loop_worst_fps,5.284545870358209,system.loop_1pct_low_fps,11.875309252845128,system.loop_0_1pct_low_fps,7.085916740478299,drive.heading_rad,-0.0,intake.over_current,0.0,intake.shooting,false,robot.shot_preset,close,robot.shooter_hood_luts_enabled,true,robot.slow_mode,false,robot.turret_forward_override,false,robot.hang_mode,false,shooter.running,true,shooter.busy,true,shooter.impact_detected,true,shooter.over_current,false,turret.over_current,false
270.351204997,system.limelight_pose,position=(-3.459 -0.868 -0.000)m, orientation={yaw=2.730, pitch=0.000, roll=0.000},system.loop_hz,24.460790014050442,system.loop_avg_fps,24.25826276213433,system.loop_worst_fps,5.284545870358209,system.loop_1pct_low_fps,11.875309252845128,system.loop_0_1pct_low_fps,7.085916740478299,drive.heading_rad,-0.0,intake.over_current,0.0,intake.shooting,false,robot.shot_preset,close,robot.shooter_hood_luts_enabled,true,robot.slow_mode,false,robot.turret_forward_override,false,robot.hang_mode,false,shooter.running,true,shooter.busy,true,shooter.impact_detected,true,shooter.over_current,false,turret.over_current,false
270.592635605,system.limelight_pose,position=(-3.459 -0.868 -0.000)m, orientation={yaw=2.730, pitch=0.000, roll=0.000},system.loop_hz,15.233963671079591,system.loop_avg_fps,24.240752862519894,system.loop_worst_fps,5.284545870358209,system.loop_1pct_low_fps,11.875309252845128,system.loop_0_1pct_low_fps,7.085916740478299,drive.heading_rad,-0.0,intake.over_current,0.0,intake.shooting,false,robot.shot_preset,close,robot.shooter_hood_luts_enabled,true,robot.slow_mode,false,robot.turret_forward_override,false,robot.hang_mode,false,shooter.running,true,shooter.busy,true,shooter.impact_detected,true,shooter.over_current,false,turret.over_current,false
270.793262042,system.limelight_pose,position=(-3.459 -0.868 -0.000)m, orientation={yaw=2.730, pitch=0.000, roll=0.000},system.loop_hz,30.1219535484456,system.loop_avg_fps,24.243534744479735,system.loop_worst_fps,5.284545870358209,system.loop_1pct_low_fps,11.875309252845128,system.loop_0_1pct_low_fps,7.085916740478299,drive.heading_rad,-0.0,intake.over_current,0.0,intake.shooting,false,robot.shot_preset,close,robot.shooter_hood_luts_enabled,true,robot.slow_mode,false,robot.turret_forward_override,false,robot.hang_mode,false,shooter.running,true,shooter.busy,true,shooter.impact_detected,true,shooter.over_current,false,turret.over_current,false
270.998867812,system.limelight_pose,position=(-3.459 -0.868 -0.000)m, orientation={yaw=2.730, pitch=0.000, roll=0.000},system.loop_hz,32.65181485805461,system.loop_avg_fps,24.243846698960944,system.loop_worst_fps,5.284545870358209,system.loop_1pct_low_fps,11.875309252845128,system.loop_0_1pct_low_fps,7.085916740478299,drive.heading_rad,-0.0,intake.over_current,0.0,intake.shooting,false,robot.shot_preset,close,robot.shooter_hood_luts_enabled,true,robot.slow_mode,false,robot.turret_forward_override,false,robot.hang_mode,false,shooter.running,true,shooter.busy,true,shooter.impact_detected,true,shooter.over_current,false,turret.over_current,false
271.230704336,system.limelight_pose,position=(-3.459 -0.868 -0.000)m, orientation={yaw=2.730, pitch=0.000, roll=0.000},system.loop_hz,25.81658103997075,system.loop_avg_fps,24.251501272798382,system.loop_worst_fps,5.284545870358209,system.loop_1pct_low_fps,12.056573150939021,system.loop_0_1pct_low_fps,7.085916740478299,drive.heading_rad,-0.0,intake.over_current,0.0,intake.shooting,false,robot.shot_preset,close,robot.shooter_hood_luts_enabled,true,robot.slow_mode,false,robot.turret_forward_override,false,robot.hang_mode,false,shooter.running,true,shooter.busy,true,shooter.impact_detected,true,shooter.over_current,false,turret.over_current,false
271.453150941,system.limelight_pose,position=(-3.459 -0.868 -0.000)m, orientation={yaw=2.730, pitch=0.000, roll=0.000},system.loop_hz,22.136952158308052,system.loop_avg_fps,24.26365993491319,system.loop_worst_fps,5.284545870358209,system.loop_1pct_low_fps,12.056573150939021,system.loop_0_1pct_low_fps,7.085916740478299,drive.heading_rad,-0.0,intake.over_current,0.0,intake.shooting,false,robot.shot_preset,close,robot.shooter_hood_luts_enabled,true,robot.slow_mode,false,robot.turret_forward_override,false,robot.hang_mode,false,shooter.running,true,shooter.busy,true,shooter.impact_detected,true,shooter.over_current,false,turret.over_current,false
271.676780547,system.limelight_pose,position=(-3.459 -0.868 -0.000)m, orientation={yaw=2.730, pitch=0.000, roll=0.000},system.loop_hz,29.563783419270262,system.loop_avg_fps,24.275136181280413,system.loop_worst_fps,5.284545870358209,system.loop_1pct_low_fps,12.056573150939021,system.loop_0_1pct_low_fps,7.085916740478299,drive.heading_rad,-0.0,intake.over_current,0.0,intake.shooting,false,robot.shot_preset,close,robot.shooter_hood_luts_enabled,true,robot.slow_mode,false,robot.turret_forward_override,false,robot.hang_mode,false,shooter.running,true,shooter.busy,true,shooter.impact_detected,true,shooter.over_current,false,turret.over_current,false
271.898988861,system.limelight_pose,position=(-3.459 -0.868 -0.000)m, orientation={yaw=2.730, pitch=0.000, roll=0.000},system.loop_hz,20.567806803941114,system.loop_avg_fps,24.2672898819814,system.loop_worst_fps,5.284545870358209,system.loop_1pct_low_fps,12.056573150939021,system.loop_0_1pct_low_fps,7.085916740478299,drive.heading_rad,-0.0,intake.over_current,0.0,intake.shooting,false,robot.shot_preset,close,robot.shooter_hood_luts_enabled,true,robot.slow_mode,false,robot.turret_forward_override,false,robot.hang_mode,false,shooter.running,true,shooter.busy,true,shooter.impact_detected,true,shooter.over_current,false,turret.over_current,false
272.143236969,system.limelight_pose,position=(-3.459 -0.868 -0.000)m, orientation={yaw=2.730, pitch=0.000, roll=0.000},system.loop_hz,19.994116531271132,system.loop_avg_fps,24.268731352700517,system.loop_worst_fps,5.284545870358209,system.loop_1pct_low_fps,12.056573150939021,system.loop_0_1pct_low_fps,7.085916740478299,drive.heading_rad,-0.0,intake.over_current,0.0,intake.shooting,false,robot.shot_preset,close,robot.shooter_hood_luts_enabled,true,robot.slow_mode,false,robot.turret_forward_override,false,robot.hang_mode,false,shooter.running,true,shooter.busy,true,shooter.impact_detected,true,shooter.over_current,false,turret.over_current,false
272.404173079,system.limelight_pose,position=(-3.459 -0.868 -0.000)m, orientation={yaw=2.730, pitch=0.000, roll=0.000},system.loop_hz,14.409696134674611,system.loop_avg_fps,24.262176261504237,system.loop_worst_fps,5.284545870358209,system.loop_1pct_low_fps,12.037037037037036,system.loop_0_1pct_low_fps,7.085916740478299,drive.heading_rad,-0.0,intake.over_current,0.0,intake.shooting,false,robot.shot_preset,close,robot.shooter_hood_luts_enabled,true,robot.slow_mode,false,robot.turret_forward_override,false,robot.hang_mode,false,shooter.running,true,shooter.busy,true,shooter.impact_detected,true,shooter.over_current,false,turret.over_current,false
272.614338475,system.limelight_pose,position=(-3.459 -0.868 -0.000)m, orientation={yaw=2.730, pitch=0.000, roll=0.000},system.loop_hz,34.99899010414912,system.loop_avg_fps,24.26023171596292,system.loop_worst_fps,5.284545870358209,system.loop_1pct_low_fps,12.037037037037036,system.loop_0_1pct_low_fps,7.085916740478299,drive.heading_rad,-0.0,intake.over_current,0.0,intake.shooting,false,robot.shot_preset,close,robot.shooter_hood_luts_enabled,true,robot.slow_mode,false,robot.turret_forward_override,false,robot.hang_mode,false,shooter.running,true,shooter.busy,true,shooter.impact_detected,true,shooter.over_current,false,turret.over_current,false
272.830639372,system.limelight_pose,position=(-3.459 -0.868 -0.000)m, orientation={yaw=2.730, pitch=0.000, roll=0.000},system.loop_hz,19.155847396157917,system.loop_avg_fps,24.255394125529445,system.loop_worst_fps,5.284545870358209,system.loop_1pct_low_fps,12.037037037037036,system.loop_0_1pct_low_fps,7.085916740478299,drive.heading_rad,-0.0,intake.over_current,0.0,intake.shooting,false,robot.shot_preset,close,robot.shooter_hood_luts_enabled,true,robot.slow_mode,false,robot.turret_forward_override,false,robot.hang_mode,false,shooter.running,true,shooter.busy,true,shooter.impact_detected,true,shooter.over_current,false,turret.over_current,false
273.056041727,system.limelight_pose,position=(-3.459 -0.868 -0.000)m, orientation={yaw=2.730, pitch=0.000, roll=0.000},system.loop_hz,22.58640491314444,system.loop_avg_fps,24.24630228840271,system.loop_worst_fps,5.284545870358209,system.loop_1pct_low_fps,12.037037037037036,system.loop_0_1pct_low_fps,7.085916740478299,drive.heading_rad,-0.0,intake.over_current,0.0,intake.shooting,false,robot.shot_preset,close,robot.shooter_hood_luts_enabled,true,robot.slow_mode,false,robot.turret_forward_override,false,robot.hang_mode,false,shooter.running,true,shooter.busy,true,shooter.impact_detected,true,shooter.over_current,false,turret.over_current,false
273.29552196,system.limelight_pose,position=(-3.459 -0.868 -0.000)m, orientation={yaw=2.730, pitch=0.000, roll=0.000},system.loop_hz,21.288993186045253,system.loop_avg_fps,24.230680953919805,system.loop_worst_fps,5.284545870358209,system.loop_1pct_low_fps,12.037037037037036,system.loop_0_1pct_low_fps,7.085916740478299,drive.heading_rad,-0.0,intake.over_current,0.0,intake.shooting,false,robot.shot_preset,close,robot.shooter_hood_luts_enabled,true,robot.slow_mode,false,robot.turret_forward_override,false,robot.hang_mode,false,shooter.running,true,shooter.busy,true,shooter.impact_detected,true,shooter.over_current,false,turret.over_current,false
273.502559231,system.limelight_pose,position=(-3.459 -0.868 -0.000)m, orientation={yaw=2.730, pitch=0.000, roll=0.000},system.loop_hz,19.913407741240526,system.loop_avg_fps,24.21106798137784,system.loop_worst_fps,5.284545870358209,system.loop_1pct_low_fps,12.037037037037036,system.loop_0_1pct_low_fps,7.085916740478299,drive.heading_rad,-0.0,intake.over_current,0.0,intake.shooting,false,robot.shot_preset,close,robot.shooter_hood_luts_enabled,true,robot.slow_mode,false,robot.turret_forward_override,false,robot.hang_mode,false,shooter.running,true,shooter.busy,true,shooter.impact_detected,true,shooter.over_current,false,turret.over_current,false
273.732509545,system.limelight_pose,position=(-3.459 -0.868 -0.000)m, orientation={yaw=2.730, pitch=0.000, roll=0.000},system.loop_hz,23.255270969942295,system.loop_avg_fps,24.200171322516148,system.loop_worst_fps,5.284545870358209,system.loop_1pct_low_fps,12.037037037037036,system.loop_0_1pct_low_fps,7.085916740478299,drive.heading_rad,-0.0,intake.over_current,0.0,intake.shooting,false,robot.shot_preset,close,robot.shooter_hood_luts_enabled,true,robot.slow_mode,false,robot.turret_forward_override,false,robot.hang_mode,false,shooter.running,true,shooter.busy,true,shooter.impact_detected,true,shooter.over_current,false,turret.over_current,false
273.976199112,system.limelight_pose,position=(-3.459 -0.868 -0.000)m, orientation={yaw=2.730, pitch=0.000, roll=0.000},system.loop_hz,18.319028370450077,system.loop_avg_fps,24.1830170702821,system.loop_worst_fps,5.284545870358209,system.loop_1pct_low_fps,12.037037037037036,system.loop_0_1pct_low_fps,7.085916740478299,drive.heading_rad,-0.0,intake.over_current,0.0,intake.shooting,false,robot.shot_preset,close,robot.shooter_hood_luts_enabled,true,robot.slow_mode,false,robot.turret_forward_override,false,robot.hang_mode,false,shooter.running,true,shooter.busy,true,shooter.impact_detected,true,shooter.over_current,false,turret.over_current,false
274.196124259,system.limelight_pose,position=(-3.459 -0.868 -0.000)m, orientation={yaw=2.730, pitch=0.000, roll=0.000},system.loop_hz,16.433818359406324,system.loop_avg_fps,24.17695467825884,system.loop_worst_fps,5.284545870358209,system.loop_1pct_low_fps,12.037037037037036,system.loop_0_1pct_low_fps,7.085916740478299,drive.heading_rad,-0.0,intake.over_current,0.0,intake.shooting,false,robot.shot_preset,close,robot.shooter_hood_luts_enabled,true,robot.slow_mode,false,robot.turret_forward_override,false,robot.hang_mode,false,shooter.running,true,shooter.busy,true,shooter.impact_detected,true,shooter.over_current,false,turret.over_current,false
274.418386531,system.limelight_pose,position=(-3.459 -0.868 -0.000)m, orientation={yaw=2.730, pitch=0.000, roll=0.000},system.loop_hz,22.73271669626748,system.loop_avg_fps,24.188828722593023,system.loop_worst_fps,5.284545870358209,system.loop_1pct_low_fps,12.037037037037036,system.loop_0_1pct_low_fps,7.085916740478299,drive.heading_rad,-0.0,intake.over_current,0.0,intake.shooting,false,robot.shot_preset,close,robot.shooter_hood_luts_enabled,true,robot.slow_mode,false,robot.turret_forward_override,false,robot.hang_mode,false,shooter.running,true,shooter.busy,true,shooter.impact_detected,true,shooter.over_current,false,turret.over_current,false
274.643265345,system.limelight_pose,position=(-3.459 -0.868 -0.000)m, orientation={yaw=2.730, pitch=0.000, roll=0.000},system.loop_hz,22.48449789430993,system.loop_avg_fps,24.19940784454468,system.loop_worst_fps,5.284545870358209,system.loop_1pct_low_fps,12.037037037037036,system.loop_0_1pct_low_fps,7.085916740478299,drive.heading_rad,-0.0,intake.over_current,0.0,intake.shooting,false,robot.shot_preset,close,robot.shooter_hood_luts_enabled,true,robot.slow_mode,false,robot.turret_forward_override,false,robot.hang_mode,false,shooter.running,true,shooter.busy,true,shooter.impact_detected,true,shooter.over_current,false,turret.over_current,false
274.887702161,system.limelight_pose,position=(-3.459 -0.868 -0.000)m, orientation={yaw=2.730, pitch=0.000, roll=0.000},system.loop_hz,15.477618489184243,system.loop_avg_fps,24.201000710018995,system.loop_worst_fps,5.284545870358209,system.loop_1pct_low_fps,12.037037037037036,system.loop_0_1pct_low_fps,7.085916740478299,drive.heading_rad,-0.0,intake.over_current,0.0,intake.shooting,false,robot.shot_preset,close,robot.shooter_hood_luts_enabled,true,robot.slow_mode,false,robot.turret_forward_override,false,robot.hang_mode,false,shooter.running,true,shooter.busy,true,shooter.impact_detected,true,shooter.over_current,false,turret.over_current,false
275.092103349,system.limelight_pose,position=(-3.459 -0.868 -0.000)m, orientation={yaw=2.730, pitch=0.000, roll=0.000},system.loop_hz,16.648236236734295,system.loop_avg_fps,24.20199811505517,system.loop_worst_fps,5.284545870358209,system.loop_1pct_low_fps,12.037037037037036,system.loop_0_1pct_low_fps,7.085916740478299,drive.heading_rad,-0.0,intake.over_current,0.0,intake.shooting,false,robot.shot_preset,close,robot.shooter_hood_luts_enabled,true,robot.slow_mode,false,robot.turret_forward_override,false,robot.hang_mode,false,shooter.running,true,shooter.busy,true,shooter.impact_detected,true,shooter.over_current,false,turret.over_current,false
275.314985413,system.limelight_pose,position=(-3.459 -0.868 -0.000)m, orientation={yaw=2.730, pitch=0.000, roll=0.000},system.loop_hz,26.11966038068942,system.loop_avg_fps,24.194650410490972,system.loop_worst_fps,5.284545870358209,system.loop_1pct_low_fps,12.037037037037036,system.loop_0_1pct_low_fps,7.085916740478299,drive.heading_rad,-0.0,intake.over_current,0.0,intake.shooting,false,robot.shot_preset,close,robot.shooter_hood_luts_enabled,true,robot.slow_mode,false,robot.turret_forward_override,false,robot.hang_mode,false,shooter.running,true,shooter.busy,true,shooter.impact_detected,true,shooter.over_current,false,turret.over_current,false
275.556773604,system.limelight_pose,position=(-3.459 -0.868 -0.000)m, orientation={yaw=2.730, pitch=0.000, roll=0.000},system.loop_hz,20.934131174950203,system.loop_avg_fps,24.178877900219486,system.loop_worst_fps,5.284545870358209,system.loop_1pct_low_fps,12.144870960746044,system.loop_0_1pct_low_fps,7.085916740478299,drive.heading_rad,-0.0,intake.over_current,0.0,intake.shooting,false,robot.shot_preset,close,robot.shooter_hood_luts_enabled,true,robot.slow_mode,false,robot.turret_forward_override,false,robot.hang_mode,false,shooter.running,true,shooter.busy,true,shooter.impact_detected,true,shooter.over_current,false,turret.over_current,false
275.757210457,system.limelight_pose,position=(-3.459 -0.868 -0.000)m, orientation={yaw=2.730, pitch=0.000, roll=0.000},system.loop_hz,28.13625159910156,system.loop_avg_fps,24.1817187309066,system.loop_worst_fps,5.284545870358209,system.loop_1pct_low_fps,12.144870960746044,system.loop_0_1pct_low_fps,7.085916740478299,drive.heading_rad,-0.0,intake.over_current,0.0,intake.shooting,false,robot.shot_preset,close,robot.shooter_hood_luts_enabled,true,robot.slow_mode,false,robot.turret_forward_override,false,robot.hang_mode,false,shooter.running,true,shooter.busy,true,shooter.impact_detected,true,shooter.over_current,false,turret.over_current,false
275.987931939,system.limelight_pose,position=(-3.459 -0.868 -0.000)m, orientation={yaw=2.730, pitch=0.000, roll=0.000},system.loop_hz,24.499242826378076,system.loop_avg_fps,24.17105544828153,system.loop_worst_fps,5.284545870358209,system.loop_1pct_low_fps,12.144870960746044,system.loop_0_1pct_low_fps,7.085916740478299,drive.heading_rad,-0.0,intake.over_current,0.0,intake.shooting,false,robot.shot_preset,close,robot.shooter_hood_luts_enabled,true,robot.slow_mode,false,robot.turret_forward_override,false,robot.hang_mode,false,shooter.running,true,shooter.busy,true,shooter.impact_detected,true,shooter.over_current,false,turret.over_current,false
276.193174584,system.limelight_pose,position=(-3.459 -0.868 -0.000)m, orientation={yaw=2.730, pitch=0.000, roll=0.000},system.loop_hz,20.1939609757739,system.loop_avg_fps,24.15343222102624,system.loop_worst_fps,5.284545870358209,system.loop_1pct_low_fps,12.144870960746044,system.loop_0_1pct_low_fps,7.085916740478299,drive.heading_rad,-0.0,intake.over_current,0.0,intake.shooting,false,robot.shot_preset,close,robot.shooter_hood_luts_enabled,true,robot.slow_mode,false,robot.turret_forward_override,false,robot.hang_mode,false,shooter.running,true,shooter.busy,true,shooter.impact_detected,true,shooter.over_current,false,turret.over_current,false
276.425006441,system.limelight_pose,position=(-3.459 -0.868 -0.000)m, orientation={yaw=2.730, pitch=0.000, roll=0.000},system.loop_hz,22.779689829011232,system.loop_avg_fps,24.14248345786463,system.loop_worst_fps,5.284545870358209,system.loop_1pct_low_fps,12.144870960746044,system.loop_0_1pct_low_fps,7.085916740478299,drive.heading_rad,-0.0,intake.over_current,0.0,intake.shooting,false,robot.shot_preset,close,robot.shooter_hood_luts_enabled,true,robot.slow_mode,false,robot.turret_forward_override,false,robot.hang_mode,false,shooter.running,true,shooter.busy,true,shooter.impact_detected,true,shooter.over_current,false,turret.over_current,false
276.670070049,system.limelight_pose,position=(-3.459 -0.868 -0.000)m, orientation={yaw=2.730, pitch=0.000, roll=0.000},system.loop_hz,21.644882967851736,system.loop_avg_fps,24.14400256464867,system.loop_worst_fps,5.284545870358209,system.loop_1pct_low_fps,12.144870960746044,system.loop_0_1pct_low_fps,7.085916740478299,drive.heading_rad,-0.0,intake.over_current,0.0,intake.shooting,false,robot.shot_preset,close,robot.shooter_hood_luts_enabled,true,robot.slow_mode,false,robot.turret_forward_override,false,robot.hang_mode,false,shooter.running,true,shooter.busy,true,shooter.impact_detected,true,shooter.over_current,false,turret.over_current,false
276.909939073,system.limelight_pose,position=(-3.459 -0.868 -0.000)m, orientation={yaw=2.730, pitch=0.000, roll=0.000},system.loop_hz,19.47277273103781,system.loop_avg_fps,24.129676843738768,system.loop_worst_fps,5.284545870358209,system.loop_1pct_low_fps,12.144870960746044,system.loop_0_1pct_low_fps,7.085916740478299,drive.heading_rad,-0.0,intake.over_current,0.0,intake.shooting,false,robot.shot_preset,close,robot.shooter_hood_luts_enabled,true,robot.slow_mode,false,robot.turret_forward_override,false,robot.hang_mode,false,shooter.running,true,shooter.busy,true,shooter.impact_detected,true,shooter.over_current,false,turret.over_current,false
277.145205597,system.limelight_pose,position=(-3.459 -0.868 -0.000)m, orientation={yaw=2.730, pitch=0.000, roll=0.000},system.loop_hz,27.907233231143003,system.loop_avg_fps,24.117475614617366,system.loop_worst_fps,5.284545870358209,system.loop_1pct_low_fps,12.144870960746044,system.loop_0_1pct_low_fps,7.085916740478299,drive.heading_rad,-0.0,intake.over_current,0.0,intake.shooting,false,robot.shot_preset,close,robot.shooter_hood_luts_enabled,true,robot.slow_mode,false,robot.turret_forward_override,false,robot.hang_mode,false,shooter.running,true,shooter.busy,true,shooter.impact_detected,false,shooter.over_current,false,turret.over_current,false
277.351521867,system.limelight_pose,position=(-3.459 -0.868 -0.000)m, orientation={yaw=2.730, pitch=0.000, roll=0.000},system.loop_hz,28.566188716239576,system.loop_avg_fps,24.117909708068147,system.loop_worst_fps,5.284545870358209,system.loop_1pct_low_fps,12.144870960746044,system.loop_0_1pct_low_fps,7.085916740478299,drive.heading_rad,-0.0,intake.over_current,0.0,intake.shooting,false,robot.shot_preset,close,robot.shooter_hood_luts_enabled,true,robot.slow_mode,false,robot.turret_forward_override,false,robot.hang_mode,false,shooter.running,true,shooter.busy,true,shooter.impact_detected,false,shooter.over_current,false,turret.over_current,false
277.577478973,system.limelight_pose,position=(-3.459 -0.868 -0.000)m, orientation={yaw=2.730, pitch=0.000, roll=0.000},system.loop_hz,24.860751821452695,system.loop_avg_fps,24.109868081913508,system.loop_worst_fps,5.284545870358209,system.loop_1pct_low_fps,12.144870960746044,system.loop_0_1pct_low_fps,7.085916740478299,drive.heading_rad,-0.0,intake.over_current,0.0,intake.shooting,false,robot.shot_preset,close,robot.shooter_hood_luts_enabled,true,robot.slow_mode,false,robot.turret_forward_override,false,robot.hang_mode,false,shooter.running,true,shooter.busy,false,shooter.impact_detected,false,shooter.over_current,false,turret.over_current,false
277.806955038,system.limelight_pose,position=(-3.459 -0.868 -0.000)m, orientation={yaw=2.730, pitch=0.000, roll=0.000},system.loop_hz,32.009812928233494,system.loop_avg_fps,24.11819299715259,system.loop_worst_fps,5.284545870358209,system.loop_1pct_low_fps,12.144870960746044,system.loop_0_1pct_low_fps,7.085916740478299,drive.heading_rad,-0.0,intake.over_current,0.0,intake.shooting,false,robot.shot_preset,close,robot.shooter_hood_luts_enabled,true,robot.slow_mode,false,robot.turret_forward_override,false,robot.hang_mode,false,shooter.running,true,shooter.busy,false,shooter.impact_detected,false,shooter.over_current,false,turret.over_current,false
278.052663813,system.limelight_pose,position=(-3.459 -0.868 -0.000)m, orientation={yaw=2.730, pitch=0.000, roll=0.000},system.loop_hz,18.849591699938273,system.loop_avg_fps,24.101769536074958,system.loop_worst_fps,5.284545870358209,system.loop_1pct_low_fps,12.144870960746044,system.loop_0_1pct_low_fps,7.085916740478299,drive.heading_rad,-0.0,intake.over_current,0.0,intake.shooting,false,robot.shot_preset,close,robot.shooter_hood_luts_enabled,true,robot.slow_mode,false,robot.turret_forward_override,false,robot.hang_mode,false,shooter.running,true,shooter.busy,false,shooter.impact_detected,false,shooter.over_current,false,turret.over_current,false
278.288391753,system.limelight_pose,position=(-3.459 -0.868 -0.000)m, orientation={yaw=2.730, pitch=0.000, roll=0.000},system.loop_hz,23.978034010780572,system.loop_avg_fps,24.08973419743582,system.loop_worst_fps,5.284545870358209,system.loop_1pct_low_fps,12.144870960746044,system.loop_0_1pct_low_fps,7.085916740478299,drive.heading_rad,-0.0,intake.over_current,0.0,intake.shooting,false,robot.shot_preset,close,robot.shooter_hood_luts_enabled,true,robot.slow_mode,false,robot.turret_forward_override,false,robot.hang_mode,false,shooter.running,true,shooter.busy,false,shooter.impact_detected,false,shooter.over_current,false,turret.over_current,false
278.488819565,system.limelight_pose,position=(-3.459 -0.868 -0.000)m, orientation={yaw=2.730, pitch=0.000, roll=0.000},system.loop_hz,30.4935345016333,system.loop_avg_fps,24.075157943798665,system.loop_worst_fps,5.284545870358209,system.loop_1pct_low_fps,12.144870960746044,system.loop_0_1pct_low_fps,7.085916740478299,drive.heading_rad,-0.0,intake.over_current,0.0,intake.shooting,false,robot.shot_preset,close,robot.shooter_hood_luts_enabled,true,robot.slow_mode,false,robot.turret_forward_override,false,robot.hang_mode,false,shooter.running,true,shooter.busy,false,shooter.impact_detected,false,shooter.over_current,false,turret.over_current,false
278.720871047,system.limelight_pose,position=(-3.459 -0.868 -0.000)m, orientation={yaw=2.730, pitch=0.000, roll=0.000},system.loop_hz,18.572773027936975,system.loop_avg_fps,24.0648751421818,system.loop_worst_fps,5.284545870358209,system.loop_1pct_low_fps,12.144870960746044,system.loop_0_1pct_low_fps,7.085916740478299,drive.heading_rad,-0.0,intake.over_current,0.0,intake.shooting,false,robot.shot_preset,close,robot.shooter_hood_luts_enabled,true,robot.slow_mode,false,robot.turret_forward_override,false,robot.hang_mode,false,shooter.running,true,shooter.busy,false,shooter.impact_detected,true,shooter.over_current,false,turret.over_current,false
278.94788982,system.limelight_pose,position=(-3.459 -0.868 -0.000)m, orientation={yaw=2.730, pitch=0.000, roll=0.000},system.loop_hz,29.870285001656327,system.loop_avg_fps,24.07424684272905,system.loop_worst_fps,5.284545870358209,system.loop_1pct_low_fps,12.144870960746044,system.loop_0_1pct_low_fps,7.085916740478299,drive.heading_rad,-0.0,intake.over_current,0.0,intake.shooting,false,robot.shot_preset,close,robot.shooter_hood_luts_enabled,true,robot.slow_mode,false,robot.turret_forward_override,false,robot.hang_mode,false,shooter.running,true,shooter.busy,false,shooter.impact_detected,true,shooter.over_current,false,turret.over_current,false
279.151166632,system.limelight_pose,position=(-3.459 -0.868 -0.000)m, orientation={yaw=2.730, pitch=0.000, roll=0.000},system.loop_hz,26.70871473044498,system.loop_avg_fps,24.07609541108425,system.loop_worst_fps,5.284545870358209,system.loop_1pct_low_fps,12.144870960746044,system.loop_0_1pct_low_fps,7.085916740478299,drive.heading_rad,-0.0,intake.over_current,0.0,intake.shooting,false,robot.shot_preset,close,robot.shooter_hood_luts_enabled,true,robot.slow_mode,false,robot.turret_forward_override,false,robot.hang_mode,false,shooter.running,true,shooter.busy,false,shooter.impact_detected,true,shooter.over_current,false,turret.over_current,false
279.366638612,system.limelight_pose,position=(-3.459 -0.868 -0.000)m, orientation={yaw=2.730, pitch=0.000, roll=0.000},system.loop_hz,24.258986219902948,system.loop_avg_fps,24.072841956114413,system.loop_worst_fps,5.284545870358209,system.loop_1pct_low_fps,12.144870960746044,system.loop_0_1pct_low_fps,7.085916740478299,drive.heading_rad,-0.0,intake.over_current,0.0,intake.shooting,true,robot.shot_preset,close,robot.shooter_hood_luts_enabled,true,robot.slow_mode,false,robot.turret_forward_override,false,robot.hang_mode,false,shooter.running,true,shooter.busy,false,shooter.impact_detected,false,shooter.over_current,false,turret.over_current,false
279.574767591,system.limelight_pose,position=(-3.459 -0.868 -0.000)m, orientation={yaw=2.730, pitch=0.000, roll=0.000},system.loop_hz,28.56642618210422,system.loop_avg_fps,24.07266484730314,system.loop_worst_fps,5.284545870358209,system.loop_1pct_low_fps,12.144870960746044,system.loop_0_1pct_low_fps,7.085916740478299,drive.heading_rad,-0.0,intake.over_current,0.0,intake.shooting,true,robot.shot_preset,close,robot.shooter_hood_luts_enabled,true,robot.slow_mode,false,robot.turret_forward_override,false,robot.hang_mode,false,shooter.running,true,shooter.busy,false,shooter.impact_detected,true,shooter.over_current,false,turret.over_current,false
279.80095978,system.limelight_pose,position=(-3.459 -0.868 -0.000)m, orientation={yaw=2.730, pitch=0.000, roll=0.000},system.loop_hz,23.598933667996732,system.loop_avg_fps,24.06500930586228,system.loop_worst_fps,5.284545870358209,system.loop_1pct_low_fps,12.139605462822459,system.loop_0_1pct_low_fps,7.085916740478299,drive.heading_rad,-0.0,intake.over_current,0.0,intake.shooting,true,robot.shot_preset,close,robot.shooter_hood_luts_enabled,true,robot.slow_mode,false,robot.turret_forward_override,false,robot.hang_mode,false,shooter.running,true,shooter.busy,true,shooter.impact_detected,true,shooter.over_current,false,turret.over_current,false
280.008640468,system.limelight_pose,position=(-3.459 -0.868 -0.000)m, orientation={yaw=2.730, pitch=0.000, roll=0.000},system.loop_hz,24.443176495393217,system.loop_avg_fps,24.065046368615583,system.loop_worst_fps,5.284545870358209,system.loop_1pct_low_fps,12.282497441146365,system.loop_0_1pct_low_fps,7.085916740478299,drive.heading_rad,-0.0,intake.over_current,0.0,intake.shooting,true,robot.shot_preset,close,robot.shooter_hood_luts_enabled,true,robot.slow_mode,false,robot.turret_forward_override,false,robot.hang_mode,false,shooter.running,true,shooter.busy,false,shooter.impact_detected,true,shooter.over_current,false,turret.over_current,false
280.256273659,system.limelight_pose,position=(-3.459 -0.868 -0.000)m, orientation={yaw=2.730, pitch=0.000, roll=0.000},system.loop_hz,17.64203696581636,system.loop_avg_fps,24.04867305872022,system.loop_worst_fps,5.284545870358209,system.loop_1pct_low_fps,12.282497441146365,system.loop_0_1pct_low_fps,7.085916740478299,drive.heading_rad,-0.0,intake.over_current,0.0,intake.shooting,false,robot.shot_preset,close,robot.shooter_hood_luts_enabled,true,robot.slow_mode,false,robot.turret_forward_override,false,robot.hang_mode,false,shooter.running,true,shooter.busy,false,shooter.impact_detected,false,shooter.over_current,false,turret.over_current,false
280.463443638,system.limelight_pose,position=(-3.459 -0.868 -0.000)m, orientation={yaw=2.730, pitch=0.000, roll=0.000},system.loop_hz,26.903203216432196,system.loop_avg_fps,24.04897642460896,system.loop_worst_fps,5.284545870358209,system.loop_1pct_low_fps,12.282497441146365,system.loop_0_1pct_low_fps,7.085916740478299,drive.heading_rad,-0.0,intake.over_current,0.0,intake.shooting,false,robot.shot_preset,close,robot.shooter_hood_luts_enabled,true,robot.slow_mode,false,robot.turret_forward_override,false,robot.hang_mode,false,shooter.running,true,shooter.busy,false,shooter.impact_detected,false,shooter.over_current,false,turret.over_current,false
280.726946123,system.limelight_pose,position=(-3.459 -0.868 -0.000)m, orientation={yaw=2.730, pitch=0.000, roll=0.000},system.loop_hz,14.909358925142953,system.loop_avg_fps,24.02633909153285,system.loop_worst_fps,5.284545870358209,system.loop_1pct_low_fps,12.282497441146365,system.loop_0_1pct_low_fps,7.085916740478299,drive.heading_rad,-0.0,intake.over_current,0.0,intake.shooting,false,robot.shot_preset,close,robot.shooter_hood_luts_enabled,true,robot.slow_mode,false,robot.turret_forward_override,false,robot.hang_mode,false,shooter.running,true,shooter.busy,true,shooter.impact_detected,false,shooter.over_current,false,turret.over_current,false
280.939205686,system.limelight_pose,position=(-3.459 -0.868 -0.000)m, orientation={yaw=2.730, pitch=0.000, roll=0.000},system.loop_hz,35.95812288242781,system.loop_avg_fps,24.024654999725772,system.loop_worst_fps,5.284545870358209,system.loop_1pct_low_fps,12.282497441146365,system.loop_0_1pct_low_fps,7.085916740478299,drive.heading_rad,-0.0,intake.over_current,0.0,intake.shooting,false,robot.shot_preset,close,robot.shooter_hood_luts_enabled,true,robot.slow_mode,false,robot.turret_forward_override,false,robot.hang_mode,false,shooter.running,true,shooter.busy,true,shooter.impact_detected,false,shooter.over_current,false,turret.over_current,false
281.142179748,system.limelight_pose,position=(-3.459 -0.868 -0.000)m, orientation={yaw=2.730, pitch=0.000, roll=0.000},system.loop_hz,23.321709171577265,system.loop_avg_fps,24.026733475037922,system.loop_worst_fps,5.284545870358209,system.loop_1pct_low_fps,12.282497441146365,system.loop_0_1pct_low_fps,7.085916740478299,drive.heading_rad,-0.0,intake.over_current,0.0,intake.shooting,false,robot.shot_preset,close,robot.shooter_hood_luts_enabled,true,robot.slow_mode,false,robot.turret_forward_override,false,robot.hang_mode,false,shooter.running,true,shooter.busy,true,shooter.impact_detected,false,shooter.over_current,false,turret.over_current,false
281.39101869,system.limelight_pose,position=(-3.459 -0.868 -0.000)m, orientation={yaw=2.730, pitch=0.000, roll=0.000},system.loop_hz,17.786458518144364,system.loop_avg_fps,24.010345042613892,system.loop_worst_fps,5.284545870358209,system.loop_1pct_low_fps,12.282497441146365,system.loop_0_1pct_low_fps,7.085916740478299,drive.heading_rad,-0.0,intake.over_current,0.0,intake.shooting,false,robot.shot_preset,close,robot.shooter_hood_luts_enabled,true,robot.slow_mode,false,robot.turret_forward_override,false,robot.hang_mode,false,shooter.running,true,shooter.busy,true,shooter.impact_detected,false,shooter.over_current,false,turret.over_current,false
281.596857502,system.limelight_pose,position=(-3.459 -0.868 -0.000)m, orientation={yaw=2.730, pitch=0.000, roll=0.000},system.loop_hz,34.74926632137797,system.loop_avg_fps,24.01130848344706,system.loop_worst_fps,5.284545870358209,system.loop_1pct_low_fps,12.282497441146365,system.loop_0_1pct_low_fps,7.085916740478299,drive.heading_rad,-0.0,intake.over_current,0.0,intake.shooting,false,robot.shot_preset,close,robot.shooter_hood_luts_enabled,true,robot.slow_mode,false,robot.turret_forward_override,false,robot.hang_mode,false,shooter.running,true,shooter.busy,true,shooter.impact_detected,false,shooter.over_current,false,turret.over_current,false
281.818567358,system.limelight_pose,position=(-3.459 -0.868 -0.000)m, orientation={yaw=2.730, pitch=0.000, roll=0.000},system.loop_hz,18.752474037335997,system.loop_avg_fps,24.005929696448515,system.loop_worst_fps,5.284545870358209,system.loop_1pct_low_fps,12.282497441146365,system.loop_0_1pct_low_fps,7.085916740478299,drive.heading_rad,-0.0,intake.over_current,0.0,intake.shooting,false,robot.shot_preset,close,robot.shooter_hood_luts_enabled,true,robot.slow_mode,false,robot.turret_forward_override,false,robot.hang_mode,false,shooter.running,true,shooter.busy,true,shooter.impact_detected,false,shooter.over_current,false,turret.over_current,false
282.040832839,system.limelight_pose,position=(-3.459 -0.868 -0.000)m, orientation={yaw=2.730, pitch=0.000, roll=0.000},system.loop_hz,17.625349369663034,system.loop_avg_fps,24.000369536124563,system.loop_worst_fps,5.284545870358209,system.loop_1pct_low_fps,12.282497441146365,system.loop_0_1pct_low_fps,7.085916740478299,drive.heading_rad,-0.0,intake.over_current,0.0,intake.shooting,false,robot.shot_preset,close,robot.shooter_hood_luts_enabled,true,robot.slow_mode,false,robot.turret_forward_override,false,robot.hang_mode,false,shooter.running,true,shooter.busy,true,shooter.impact_detected,false,shooter.over_current,false,turret.over_current,false
282.28376903,system.limelight_pose,position=(-3.459 -0.868 -0.000)m, orientation={yaw=2.730, pitch=0.000, roll=0.000},system.loop_hz,18.78833783821582,system.loop_avg_fps,23.98666779787639,system.loop_worst_fps,5.284545870358209,system.loop_1pct_low_fps,12.24739742804654,system.loop_0_1pct_low_fps,7.085916740478299,drive.heading_rad,-0.0,intake.over_current,0.0,intake.shooting,false,robot.shot_preset,close,robot.shooter_hood_luts_enabled,true,robot.slow_mode,false,robot.turret_forward_override,false,robot.hang_mode,false,shooter.running,true,shooter.busy,true,shooter.impact_detected,false,shooter.over_current,false,turret.over_current,false
282.517797428,system.limelight_pose,position=(-3.459 -0.868 -0.000)m, orientation={yaw=2.730, pitch=0.000, roll=0.000},system.loop_hz,27.76260859693443,system.loop_avg_fps,23.976584790443457,system.loop_worst_fps,5.284545870358209,system.loop_1pct_low_fps,12.24739742804654,system.loop_0_1pct_low_fps,7.085916740478299,drive.heading_rad,-0.0,intake.over_current,0.0,intake.shooting,false,robot.shot_preset,close,robot.shooter_hood_luts_enabled,true,robot.slow_mode,false,robot.turret_forward_override,false,robot.hang_mode,false,shooter.running,true,shooter.busy,true,shooter.impact_detected,false,shooter.over_current,false,turret.over_current,false
282.725497657,system.limelight_pose,position=(-3.459 -0.868 -0.000)m, orientation={yaw=2.730, pitch=0.000, roll=0.000},system.loop_hz,15.625751256824438,system.loop_avg_fps,23.960535618312484,system.loop_worst_fps,5.284545870358209,system.loop_1pct_low_fps,12.24739742804654,system.loop_0_1pct_low_fps,7.085916740478299,drive.heading_rad,-0.0,intake.over_current,0.0,intake.shooting,false,robot.shot_preset,close,robot.shooter_hood_luts_enabled,true,robot.slow_mode,false,robot.turret_forward_override,false,robot.hang_mode,false,shooter.running,true,shooter.busy,true,shooter.impact_detected,false,shooter.over_current,false,turret.over_current,false
282.954934055,system.limelight_pose,position=(-3.459 -0.868 -0.000)m, orientation={yaw=2.730, pitch=0.000, roll=0.000},system.loop_hz,19.57896876512451,system.loop_avg_fps,23.936103187927728,system.loop_worst_fps,5.284545870358209,system.loop_1pct_low_fps,12.24739742804654,system.loop_0_1pct_low_fps,7.085916740478299,drive.heading_rad,-0.0,intake.over_current,0.0,intake.shooting,false,robot.shot_preset,close,robot.shooter_hood_luts_enabled,true,robot.slow_mode,false,robot.turret_forward_override,false,robot.hang_mode,false,shooter.running,true,shooter.busy,true,shooter.impact_detected,false,shooter.over_current,false,turret.over_current,false
283.171246619,system.limelight_pose,position=(-3.459 -0.868 -0.000)m, orientation={yaw=2.730, pitch=0.000, roll=0.000},system.loop_hz,21.72663148155726,system.loop_avg_fps,23.933214295270272,system.loop_worst_fps,5.284545870358209,system.loop_1pct_low_fps,12.24739742804654,system.loop_0_1pct_low_fps,7.085916740478299,drive.heading_rad,-0.0,intake.over_current,0.0,intake.shooting,false,robot.shot_preset,close,robot.shooter_hood_luts_enabled,true,robot.slow_mode,false,robot.turret_forward_override,false,robot.hang_mode,false,shooter.running,true,shooter.busy,true,shooter.impact_detected,false,shooter.over_current,false,turret.over_current,false
283.389944724,system.limelight_pose,position=(-3.459 -0.868 -0.000)m, orientation={yaw=2.730, pitch=0.000, roll=0.000},system.loop_hz,20.62496915280015,system.loop_avg_fps,23.913219399232087,system.loop_worst_fps,5.284545870358209,system.loop_1pct_low_fps,12.24739742804654,system.loop_0_1pct_low_fps,7.085916740478299,drive.heading_rad,-0.0,intake.over_current,0.0,intake.shooting,false,robot.shot_preset,close,robot.shooter_hood_luts_enabled,true,robot.slow_mode,false,robot.turret_forward_override,false,robot.hang_mode,false,shooter.running,true,shooter.busy,true,shooter.impact_detected,false,shooter.over_current,false,turret.over_current,false
283.633147207,system.limelight_pose,position=(-3.459 -0.868 -0.000)m, orientation={yaw=2.730, pitch=0.000, roll=0.000},system.loop_hz,21.975061381850644,system.loop_avg_fps,23.916192715591805,system.loop_worst_fps,5.284545870358209,system.loop_1pct_low_fps,12.24739742804654,system.loop_0_1pct_low_fps,7.085916740478299,drive.heading_rad,-0.0,intake.over_current,0.0,intake.shooting,false,robot.shot_preset,close,robot.shooter_hood_luts_enabled,true,robot.slow_mode,false,robot.turret_forward_override,false,robot.hang_mode,false,shooter.running,true,shooter.busy,true,shooter.impact_detected,false,shooter.over_current,false,turret.over_current,false
283.866199397,system.limelight_pose,position=(-3.459 -0.868 -0.000)m, orientation={yaw=2.730, pitch=0.000, roll=0.000},system.loop_hz,17.08561856329601,system.loop_avg_fps,23.90696882037843,system.loop_worst_fps,5.284545870358209,system.loop_1pct_low_fps,12.24739742804654,system.loop_0_1pct_low_fps,7.085916740478299,drive.heading_rad,-0.0,intake.over_current,0.0,intake.shooting,false,robot.shot_preset,close,robot.shooter_hood_luts_enabled,true,robot.slow_mode,false,robot.turret_forward_override,false,robot.hang_mode,false,shooter.running,true,shooter.busy,true,shooter.impact_detected,false,shooter.over_current,false,turret.over_current,false
284.07747371,system.limelight_pose,position=(-3.459 -0.868 -0.000)m, orientation={yaw=2.730, pitch=0.000, roll=0.000},system.loop_hz,25.359440911564896,system.loop_avg_fps,23.890129909364035,system.loop_worst_fps,5.284545870358209,system.loop_1pct_low_fps,12.202562538133007,system.loop_0_1pct_low_fps,7.085916740478299,drive.heading_rad,-0.0,intake.over_current,0.0,intake.shooting,false,robot.shot_preset,close,robot.shooter_hood_luts_enabled,true,robot.slow_mode,false,robot.turret_forward_override,false,robot.hang_mode,false,shooter.running,true,shooter.busy,true,shooter.impact_detected,false,shooter.over_current,false,turret.over_current,false
284.29661894,system.limelight_pose,position=(-3.459 -0.868 -0.000)m, orientation={yaw=2.730, pitch=0.000, roll=0.000},system.loop_hz,21.19869594952094,system.loop_avg_fps,23.886371190649527,system.loop_worst_fps,5.284545870358209,system.loop_1pct_low_fps,12.202562538133007,system.loop_0_1pct_low_fps,7.085916740478299,drive.heading_rad,-0.0,intake.over_current,0.0,intake.shooting,false,robot.shot_preset,close,robot.shooter_hood_luts_enabled,true,robot.slow_mode,false,robot.turret_forward_override,false,robot.hang_mode,false,shooter.running,true,shooter.busy,true,shooter.impact_detected,false,shooter.over_current,false,turret.over_current,false
284.502236669,system.limelight_pose,position=(-3.459 -0.868 -0.000)m, orientation={yaw=2.730, pitch=0.000, roll=0.000},system.loop_hz,16.609282426338492,system.loop_avg_fps,23.87186566794213,system.loop_worst_fps,5.284545870358209,system.loop_1pct_low_fps,12.202562538133007,system.loop_0_1pct_low_fps,7.085916740478299,drive.heading_rad,-0.0,intake.over_current,0.0,intake.shooting,false,robot.shot_preset,close,robot.shooter_hood_luts_enabled,true,robot.slow_mode,false,robot.turret_forward_override,false,robot.hang_mode,false,shooter.running,true,shooter.busy,true,shooter.impact_detected,false,shooter.over_current,false,turret.over_current,false
284.717507108,system.limelight_pose,position=(-3.459 -0.868 -0.000)m, orientation={yaw=2.730, pitch=0.000, roll=0.000},system.loop_hz,22.50708033358584,system.loop_avg_fps,23.86966256942496,system.loop_worst_fps,5.284545870358209,system.loop_1pct_low_fps,12.3337830025053,system.loop_0_1pct_low_fps,7.085916740478299,drive.heading_rad,-0.0,intake.over_current,0.0,intake.shooting,false,robot.shot_preset,close,robot.shooter_hood_luts_enabled,true,robot.slow_mode,false,robot.turret_forward_override,false,robot.hang_mode,false,shooter.running,true,shooter.busy,true,shooter.impact_detected,false,shooter.over_current,false,turret.over_current,false
284.961609674,system.limelight_pose,position=(-3.459 -0.868 -0.000)m, orientation={yaw=2.730, pitch=0.000, roll=0.000},system.loop_hz,16.196570651503247,system.loop_avg_fps,23.84080325523832,system.loop_worst_fps,5.284545870358209,system.loop_1pct_low_fps,12.3337830025053,system.loop_0_1pct_low_fps,7.085916740478299,drive.heading_rad,-0.0,intake.over_current,0.0,intake.shooting,false,robot.shot_preset,close,robot.shooter_hood_luts_enabled,true,robot.slow_mode,false,robot.turret_forward_override,false,robot.hang_mode,false,shooter.running,true,shooter.busy,true,shooter.impact_detected,false,shooter.over_current,false,turret.over_current,false
285.204891781,system.limelight_pose,position=(-3.459 -0.868 -0.000)m, orientation={yaw=2.730, pitch=0.000, roll=0.000},system.loop_hz,19.19413243048144,system.loop_avg_fps,23.82821174748081,system.loop_worst_fps,5.284545870358209,system.loop_1pct_low_fps,12.3337830025053,system.loop_0_1pct_low_fps,7.085916740478299,drive.heading_rad,-0.0,intake.over_current,0.0,intake.shooting,false,robot.shot_preset,close,robot.shooter_hood_luts_enabled,true,robot.slow_mode,false,robot.turret_forward_override,false,robot.hang_mode,false,shooter.running,true,shooter.busy,false,shooter.impact_detected,false,shooter.over_current,false,turret.over_current,false
285.4745601,system.limelight_pose,position=(-3.459 -0.868 -0.000)m, orientation={yaw=2.730, pitch=0.000, roll=0.000},system.loop_hz,13.799176989480394,system.loop_avg_fps,23.805867866968054,system.loop_worst_fps,5.284545870358209,system.loop_1pct_low_fps,12.29114653351258,system.loop_0_1pct_low_fps,7.085916740478299,drive.heading_rad,-0.0,intake.over_current,0.0,intake.shooting,false,robot.shot_preset,close,robot.shooter_hood_luts_enabled,true,robot.slow_mode,false,robot.turret_forward_override,false,robot.hang_mode,false,shooter.running,true,shooter.busy,false,shooter.impact_detected,false,shooter.over_current,false,turret.over_current,false
285.698153831,system.limelight_pose,position=(-3.459 -0.868 -0.000)m, orientation={yaw=2.730, pitch=0.000, roll=0.000},system.loop_hz,24.1569455494093,system.loop_avg_fps,23.800825920993592,system.loop_worst_fps,5.284545870358209,system.loop_1pct_low_fps,12.29114653351258,system.loop_0_1pct_low_fps,7.085916740478299,drive.heading_rad,-0.0,intake.over_current,0.0,intake.shooting,false,robot.shot_preset,close,robot.shooter_hood_luts_enabled,true,robot.slow_mode,false,robot.turret_forward_override,false,robot.hang_mode,false,shooter.running,true,shooter.busy,false,shooter.impact_detected,true,shooter.over_current,false,turret.over_current,false
285.922622562,system.limelight_pose,position=(-3.459 -0.868 -0.000)m, orientation={yaw=2.730, pitch=0.000, roll=0.000},system.loop_hz,18.248728305432326,system.loop_avg_fps,23.795495026806172,system.loop_worst_fps,5.284545870358209,system.loop_1pct_low_fps,12.29114653351258,system.loop_0_1pct_low_fps,7.085916740478299,drive.heading_rad,-0.0,intake.over_current,0.0,intake.shooting,false,robot.shot_preset,close,robot.shooter_hood_luts_enabled,true,robot.slow_mode,false,robot.turret_forward_override,false,robot.hang_mode,false,shooter.running,true,shooter.busy,false,shooter.impact_detected,true,shooter.over_current,false,turret.over_current,false
286.176192921,system.limelight_pose,position=(-3.459 -0.868 -0.000)m, orientation={yaw=2.730, pitch=0.000, roll=0.000},system.loop_hz,17.826964988802235,system.loop_avg_fps,23.794970572997222,system.loop_worst_fps,5.284545870358209,system.loop_1pct_low_fps,12.29114653351258,system.loop_0_1pct_low_fps,7.085916740478299,drive.heading_rad,-0.0,intake.over_current,0.0,intake.shooting,false,robot.shot_preset,close,robot.shooter_hood_luts_enabled,true,robot.slow_mode,false,robot.turret_forward_override,false,robot.hang_mode,false,shooter.running,true,shooter.busy,false,shooter.impact_detected,false,shooter.over_current,false,turret.over_current,false
286.411629778,system.limelight_pose,position=(-3.459 -0.868 -0.000)m, orientation={yaw=2.730, pitch=0.000, roll=0.000},system.loop_hz,24.22590423124988,system.loop_avg_fps,23.785669247519767,system.loop_worst_fps,5.284545870358209,system.loop_1pct_low_fps,12.29114653351258,system.loop_0_1pct_low_fps,7.085916740478299,drive.heading_rad,-0.0,intake.over_current,0.0,intake.shooting,false,robot.shot_preset,close,robot.shooter_hood_luts_enabled,true,robot.slow_mode,false,robot.turret_forward_override,false,robot.hang_mode,false,shooter.running,true,shooter.busy,false,shooter.impact_detected,false,shooter.over_current,false,turret.over_current,false
286.659361553,system.limelight_pose,position=(-3.459 -0.868 -0.000)m, orientation={yaw=2.730, pitch=0.000, roll=0.000},system.loop_hz,20.647574418973388,system.loop_avg_fps,23.771937436907226,system.loop_worst_fps,5.284545870358209,system.loop_1pct_low_fps,12.29114653351258,system.loop_0_1pct_low_fps,7.085916740478299,drive.heading_rad,-0.0,intake.over_current,0.0,intake.shooting,false,robot.shot_preset,close,robot.shooter_hood_luts_enabled,true,robot.slow_mode,false,robot.turret_forward_override,false,robot.hang_mode,false,shooter.running,true,shooter.busy,false,shooter.impact_detected,true,shooter.over_current,false,turret.over_current,false
286.888498992,system.limelight_pose,position=(-3.459 -0.868 -0.000)m, orientation={yaw=2.730, pitch=0.000, roll=0.000},system.loop_hz,16.135667140288206,system.loop_avg_fps,23.749750955208974,system.loop_worst_fps,5.284545870358209,system.loop_1pct_low_fps,12.29114653351258,system.loop_0_1pct_low_fps,7.085916740478299,drive.heading_rad,-0.0,intake.over_current,0.0,intake.shooting,false,robot.shot_preset,close,robot.shooter_hood_luts_enabled,true,robot.slow_mode,false,robot.turret_forward_override,false,robot.hang_mode,false,shooter.running,true,shooter.busy,false,shooter.impact_detected,true,shooter.over_current,false,turret.over_current,false
287.089847596,system.limelight_pose,position=(-3.459 -0.868 -0.000)m, orientation={yaw=2.730, pitch=0.000, roll=0.000},system.loop_hz,20.77720371748365,system.loop_avg_fps,23.737798305799323,system.loop_worst_fps,5.284545870358209,system.loop_1pct_low_fps,12.29114653351258,system.loop_0_1pct_low_fps,7.085916740478299,drive.heading_rad,-0.0,intake.over_current,0.0,intake.shooting,false,robot.shot_preset,close,robot.shooter_hood_luts_enabled,true,robot.slow_mode,false,robot.turret_forward_override,false,robot.hang_mode,false,shooter.running,true,shooter.busy,false,shooter.impact_detected,false,shooter.over_current,false,turret.over_current,false
287.298266492,system.limelight_pose,position=(-3.459 -0.868 -0.000)m, orientation={yaw=2.730, pitch=0.000, roll=0.000},system.loop_hz,16.572752743845722,system.loop_avg_fps,23.723363077930713,system.loop_worst_fps,5.284545870358209,system.loop_1pct_low_fps,12.29114653351258,system.loop_0_1pct_low_fps,7.085916740478299,drive.heading_rad,-0.0,intake.over_current,0.0,intake.shooting,false,robot.shot_preset,close,robot.shooter_hood_luts_enabled,true,robot.slow_mode,false,robot.turret_forward_override,false,robot.hang_mode,false,shooter.running,true,shooter.busy,false,shooter.impact_detected,true,shooter.over_current,false,turret.over_current,false
287.500164595,system.limelight_pose,position=(-3.459 -0.868 -0.000)m, orientation={yaw=2.730, pitch=0.000, roll=0.000},system.loop_hz,17.136086919710344,system.loop_avg_fps,23.711367617019494,system.loop_worst_fps,5.284545870358209,system.loop_1pct_low_fps,12.29114653351258,system.loop_0_1pct_low_fps,7.085916740478299,drive.heading_rad,-0.0,intake.over_current,0.0,intake.shooting,false,robot.shot_preset,close,robot.shooter_hood_luts_enabled,true,robot.slow_mode,false,robot.turret_forward_override,false,robot.hang_mode,false,shooter.running,true,shooter.busy,false,shooter.impact_detected,true,shooter.over_current,false,turret.over_current,false
287.708318366,system.limelight_pose,position=(-3.459 -0.868 -0.000)m, orientation={yaw=2.730, pitch=0.000, roll=0.000},system.loop_hz,19.14141013428236,system.loop_avg_fps,23.69720061910557,system.loop_worst_fps,5.284545870358209,system.loop_1pct_low_fps,12.29114653351258,system.loop_0_1pct_low_fps,7.085916740478299,drive.heading_rad,-0.0,intake.over_current,0.0,intake.shooting,false,robot.shot_preset,close,robot.shooter_hood_luts_enabled,true,robot.slow_mode,false,robot.turret_forward_override,false,robot.hang_mode,false,shooter.running,true,shooter.busy,false,shooter.impact_detected,false,shooter.over_current,false,turret.over_current,false
287.942522348,system.limelight_pose,position=(-3.459 -0.868 -0.000)m, orientation={yaw=2.730, pitch=0.000, roll=0.000},system.loop_hz,22.9961912328123,system.loop_avg_fps,23.688902279742848,system.loop_worst_fps,5.284545870358209,system.loop_1pct_low_fps,12.29114653351258,system.loop_0_1pct_low_fps,7.085916740478299,drive.heading_rad,-0.0,intake.over_current,0.0,intake.shooting,false,robot.shot_preset,close,robot.shooter_hood_luts_enabled,true,robot.slow_mode,false,robot.turret_forward_override,false,robot.hang_mode,false,shooter.running,true,shooter.busy,false,shooter.impact_detected,false,shooter.over_current,false,turret.over_current,false
288.173743746,system.limelight_pose,position=(-3.459 -0.868 -0.000)m, orientation={yaw=2.730, pitch=0.000, roll=0.000},system.loop_hz,18.84492944759757,system.loop_avg_fps,23.666688354630413,system.loop_worst_fps,5.284545870358209,system.loop_1pct_low_fps,12.29114653351258,system.loop_0_1pct_low_fps,7.085916740478299,drive.heading_rad,-0.0,intake.over_current,0.0,intake.shooting,false,robot.shot_preset,close,robot.shooter_hood_luts_enabled,true,robot.slow_mode,false,robot.turret_forward_override,false,robot.hang_mode,false,shooter.running,true,shooter.busy,false,shooter.impact_detected,true,shooter.over_current,false,turret.over_current,false
288.401010436,system.limelight_pose,position=(-3.459 -0.868 -0.000)m, orientation={yaw=2.730, pitch=0.000, roll=0.000},system.loop_hz,21.036501675227456,system.loop_avg_fps,23.64602954799069,system.loop_worst_fps,5.284545870358209,system.loop_1pct_low_fps,12.225405921680993,system.loop_0_1pct_low_fps,7.085916740478299,drive.heading_rad,-0.0,intake.over_current,0.0,intake.shooting,false,robot.shot_preset,close,robot.shooter_hood_luts_enabled,true,robot.slow_mode,false,robot.turret_forward_override,false,robot.hang_mode,false,shooter.running,true,shooter.busy,false,shooter.impact_detected,true,shooter.over_current,false,turret.over_current,false
288.601030206,system.limelight_pose,position=(-3.459 -0.868 -0.000)m, orientation={yaw=2.730, pitch=0.000, roll=0.000},system.loop_hz,30.487840199315176,system.loop_avg_fps,23.650068235757285,system.loop_worst_fps,5.284545870358209,system.loop_1pct_low_fps,12.225405921680993,system.loop_0_1pct_low_fps,7.085916740478299,drive.heading_rad,-0.0,intake.over_current,0.0,intake.shooting,false,robot.shot_preset,close,robot.shooter_hood_luts_enabled,true,robot.slow_mode,false,robot.turret_forward_override,false,robot.hang_mode,false,shooter.running,true,shooter.busy,false,shooter.impact_detected,true,shooter.over_current,false,turret.over_current,false
288.829602396,system.limelight_pose,position=(-3.459 -0.868 -0.000)m, orientation={yaw=2.730, pitch=0.000, roll=0.000},system.loop_hz,26.347073850517248,system.loop_avg_fps,23.644026980048693,system.loop_worst_fps,5.284545870358209,system.loop_1pct_low_fps,12.225405921680993,system.loop_0_1pct_low_fps,7.085916740478299,drive.heading_rad,-0.0,intake.over_current,0.0,intake.shooting,false,robot.shot_preset,close,robot.shooter_hood_luts_enabled,true,robot.slow_mode,false,robot.turret_forward_override,false,robot.hang_mode,false,shooter.running,true,shooter.busy,false,shooter.impact_detected,false,shooter.over_current,false,turret.over_current,false
289.059858086,system.limelight_pose,position=(-3.459 -0.868 -0.000)m, orientation={yaw=2.730, pitch=0.000, roll=0.000},system.loop_hz,32.522039617065566,system.loop_avg_fps,23.637436219639092,system.loop_worst_fps,5.284545870358209,system.loop_1pct_low_fps,12.225405921680993,system.loop_0_1pct_low_fps,7.085916740478299,drive.heading_rad,-0.0,intake.over_current,0.0,intake.shooting,false,robot.shot_preset,close,robot.shooter_hood_luts_enabled,true,robot.slow_mode,false,robot.turret_forward_override,false,robot.hang_mode,false,shooter.running,true,shooter.busy,false,shooter.impact_detected,false,shooter.over_current,false,turret.over_current,false
289.260592731,system.limelight_pose,position=(-3.459 -0.868 -0.000)m, orientation={yaw=2.730, pitch=0.000, roll=0.000},system.loop_hz,14.255301414736671,system.loop_avg_fps,23.62641668775222,system.loop_worst_fps,5.284545870358209,system.loop_1pct_low_fps,12.21840397098129,system.loop_0_1pct_low_fps,7.085916740478299,drive.heading_rad,-0.0,intake.over_current,0.0,intake.shooting,false,robot.shot_preset,close,robot.shooter_hood_luts_enabled,true,robot.slow_mode,false,robot.turret_forward_override,false,robot.hang_mode,false,shooter.running,true,shooter.busy,false,shooter.impact_detected,false,shooter.over_current,false,turret.over_current,false
289.477893461,system.limelight_pose,position=(-3.459 -0.868 -0.000)m, orientation={yaw=2.730, pitch=0.000, roll=0.000},system.loop_hz,26.98005183999297,system.loop_avg_fps,23.624440056607547,system.loop_worst_fps,5.284545870358209,system.loop_1pct_low_fps,12.327773749093545,system.loop_0_1pct_low_fps,7.085916740478299,drive.heading_rad,-0.0,intake.over_current,0.0,intake.shooting,false,robot.shot_preset,close,robot.shooter_hood_luts_enabled,true,robot.slow_mode,false,robot.turret_forward_override,false,robot.hang_mode,false,shooter.running,true,shooter.busy,false,shooter.impact_detected,false,shooter.over_current,false,turret.over_current,false
289.710512526,system.limelight_pose,position=(-3.459 -0.868 -0.000)m, orientation={yaw=2.730, pitch=0.000, roll=0.000},system.loop_hz,20.44674209483503,system.loop_avg_fps,23.617158048245535,system.loop_worst_fps,5.284545870358209,system.loop_1pct_low_fps,12.327773749093545,system.loop_0_1pct_low_fps,7.085916740478299,drive.heading_rad,-0.0,intake.over_current,0.0,intake.shooting,false,robot.shot_preset,close,robot.shooter_hood_luts_enabled,true,robot.slow_mode,false,robot.turret_forward_override,false,robot.hang_mode,false,shooter.running,true,shooter.busy,false,shooter.impact_detected,false,shooter.over_current,false,turret.over_current,false
289.942128258,system.limelight_pose,position=(-3.459 -0.868 -0.000)m, orientation={yaw=2.730, pitch=0.000, roll=0.000},system.loop_hz,26.16650542864049,system.loop_avg_fps,23.610272616824325,system.loop_worst_fps,5.284545870358209,system.loop_1pct_low_fps,12.327773749093545,system.loop_0_1pct_low_fps,7.085916740478299,drive.heading_rad,-0.0,intake.over_current,0.0,intake.shooting,false,robot.shot_preset,close,robot.shooter_hood_luts_enabled,true,robot.slow_mode,false,robot.turret_forward_override,false,robot.hang_mode,false,shooter.running,true,shooter.busy,false,shooter.impact_detected,true,shooter.over_current,false,turret.over_current,false
290.147894737,system.limelight_pose,position=(-3.459 -0.868 -0.000)m, orientation={yaw=2.730, pitch=0.000, roll=0.000},system.loop_hz,26.093618789858496,system.loop_avg_fps,23.612343221247006,system.loop_worst_fps,5.284545870358209,system.loop_1pct_low_fps,12.327773749093545,system.loop_0_1pct_low_fps,7.085916740478299,drive.heading_rad,-0.0,intake.over_current,0.0,intake.shooting,false,robot.shot_preset,close,robot.shooter_hood_luts_enabled,true,robot.slow_mode,false,robot.turret_forward_override,false,robot.hang_mode,false,shooter.running,true,shooter.busy,false,shooter.impact_detected,true,shooter.over_current,false,turret.over_current,false
290.386534677,system.limelight_pose,position=(-3.459 -0.868 -0.000)m, orientation={yaw=2.730, pitch=0.000, roll=0.000},system.loop_hz,24.710422268029035,system.loop_avg_fps,23.603105004225878,system.loop_worst_fps,5.284545870358209,system.loop_1pct_low_fps,12.327773749093545,system.loop_0_1pct_low_fps,7.085916740478299,drive.heading_rad,-0.0,intake.over_current,0.0,intake.shooting,true,robot.shot_preset,close,robot.shooter_hood_luts_enabled,true,robot.slow_mode,false,robot.turret_forward_override,false,robot.hang_mode,false,shooter.running,true,shooter.busy,false,shooter.impact_detected,false,shooter.over_current,false,turret.over_current,false
290.609843741,system.limelight_pose,position=(-3.459 -0.868 -0.000)m, orientation={yaw=2.730, pitch=0.000, roll=0.000},system.loop_hz,19.067744416253696,system.loop_avg_fps,23.599177310817428,system.loop_worst_fps,5.284545870358209,system.loop_1pct_low_fps,12.327773749093545,system.loop_0_1pct_low_fps,7.085916740478299,drive.heading_rad,-0.0,intake.over_current,0.0,intake.shooting,true,robot.shot_preset,close,robot.shooter_hood_luts_enabled,true,robot.slow_mode,false,robot.turret_forward_override,false,robot.hang_mode,false,shooter.running,true,shooter.busy,true,shooter.impact_detected,true,shooter.over_current,false,turret.over_current,false
290.836546056,system.limelight_pose,position=(-3.459 -0.868 -0.000)m, orientation={yaw=2.730, pitch=0.000, roll=0.000},system.loop_hz,24.82546888548406,system.loop_avg_fps,23.608574649330766,system.loop_worst_fps,5.284545870358209,system.loop_1pct_low_fps,12.327773749093545,system.loop_0_1pct_low_fps,7.085916740478299,drive.heading_rad,-0.0,intake.over_current,0.0,intake.shooting,true,robot.shot_preset,close,robot.shooter_hood_luts_enabled,true,robot.slow_mode,false,robot.turret_forward_override,false,robot.hang_mode,false,shooter.running,true,shooter.busy,true,shooter.impact_detected,true,shooter.over_current,false,turret.over_current,false
291.058570328,system.limelight_pose,position=(-3.459 -0.868 -0.000)m, orientation={yaw=2.730, pitch=0.000, roll=0.000},system.loop_hz,26.87979115477521,system.loop_avg_fps,23.605091866465937,system.loop_worst_fps,5.284545870358209,system.loop_1pct_low_fps,12.327773749093545,system.loop_0_1pct_low_fps,7.085916740478299,drive.heading_rad,-0.0,intake.over_current,0.0,intake.shooting,true,robot.shot_preset,close,robot.shooter_hood_luts_enabled,true,robot.slow_mode,false,robot.turret_forward_override,false,robot.hang_mode,false,shooter.running,true,shooter.busy,true,shooter.impact_detected,false,shooter.over_current,false,turret.over_current,false
291.304271811,system.limelight_pose,position=(-3.459 -0.868 -0.000)m, orientation={yaw=2.730, pitch=0.000, roll=0.000},system.loop_hz,21.19869594952094,system.loop_avg_fps,23.60796666661119,system.loop_worst_fps,5.284545870358209,system.loop_1pct_low_fps,12.327773749093545,system.loop_0_1pct_low_fps,7.085916740478299,drive.heading_rad,-0.0,intake.over_current,0.0,intake.shooting,true,robot.shot_preset,close,robot.shooter_hood_luts_enabled,true,robot.slow_mode,false,robot.turret_forward_override,false,robot.hang_mode,false,shooter.running,true,shooter.busy,false,shooter.impact_detected,false,shooter.over_current,false,turret.over_current,false
291.532336792,system.limelight_pose,position=(-3.459 -0.868 -0.000)m, orientation={yaw=2.730, pitch=0.000, roll=0.000},system.loop_hz,29.427268548844996,system.loop_avg_fps,23.602468243778087,system.loop_worst_fps,5.284545870358209,system.loop_1pct_low_fps,12.327773749093545,system.loop_0_1pct_low_fps,7.085916740478299,drive.heading_rad,-0.0,intake.over_current,0.0,intake.shooting,false,robot.shot_preset,close,robot.shooter_hood_luts_enabled,true,robot.slow_mode,false,robot.turret_forward_override,false,robot.hang_mode,false,shooter.running,true,shooter.busy,true,shooter.impact_detected,false,shooter.over_current,false,turret.over_current,false
291.788191193,system.limelight_pose,position=(-3.459 -0.868 -0.000)m, orientation={yaw=2.730, pitch=0.000, roll=0.000},system.loop_hz,17.198320054344855,system.loop_avg_fps,23.601914983878483,system.loop_worst_fps,5.284545870358209,system.loop_1pct_low_fps,12.327773749093545,system.loop_0_1pct_low_fps,7.085916740478299,drive.heading_rad,-0.0,intake.over_current,0.0,intake.shooting,false,robot.shot_preset,close,robot.shooter_hood_luts_enabled,true,robot.slow_mode,false,robot.turret_forward_override,false,robot.hang_mode,false,shooter.running,true,shooter.busy,true,shooter.impact_detected,false,shooter.over_current,false,turret.over_current,false
292.040546468,system.limelight_pose,position=(-3.459 -0.868 -0.000)m, orientation={yaw=2.730, pitch=0.000, roll=0.000},system.loop_hz,15.505126475472107,system.loop_avg_fps,23.574119580046318,system.loop_worst_fps,5.284545870358209,system.loop_1pct_low_fps,12.323305545487496,system.loop_0_1pct_low_fps,7.085916740478299,drive.heading_rad,-0.0,intake.over_current,0.0,intake.shooting,false,robot.shot_preset,close,robot.shooter_hood_luts_enabled,true,robot.slow_mode,false,robot.turret_forward_override,false,robot.hang_mode,false,shooter.running,true,shooter.busy,false,shooter.impact_detected,false,shooter.over_current,false,turret.over_current,false
292.271682117,system.limelight_pose,position=(-3.459 -0.868 -0.000)m, orientation={yaw=2.730, pitch=0.000, roll=0.000},system.loop_hz,16.91734706968022,system.loop_avg_fps,23.567762807306053,system.loop_worst_fps,5.284545870358209,system.loop_1pct_low_fps,12.323305545487496,system.loop_0_1pct_low_fps,7.085916740478299,drive.heading_rad,-0.0,intake.over_current,0.0,intake.shooting,false,robot.shot_preset,close,robot.shooter_hood_luts_enabled,true,robot.slow_mode,false,robot.turret_forward_override,false,robot.hang_mode,false,shooter.running,true,shooter.busy,false,shooter.impact_detected,false,shooter.over_current,false,turret.over_current,false
292.493366014,system.limelight_pose,position=(-3.459 -0.868 -0.000)m, orientation={yaw=2.730, pitch=0.000, roll=0.000},system.loop_hz,28.381975640371547,system.loop_avg_fps,23.55047278574801,system.loop_worst_fps,5.284545870358209,system.loop_1pct_low_fps,12.15588130139435,system.loop_0_1pct_low_fps,7.085916740478299,drive.heading_rad,-0.0,intake.over_current,0.0,intake.shooting,false,robot.shot_preset,close,robot.shooter_hood_luts_enabled,true,robot.slow_mode,false,robot.turret_forward_override,false,robot.hang_mode,false,shooter.running,true,shooter.busy,true,shooter.impact_detected,false,shooter.over_current,false,turret.over_current,false
292.733956038,system.limelight_pose,position=(-3.459 -0.868 -0.000)m, orientation={yaw=2.730, pitch=0.000, roll=0.000},system.loop_hz,19.12976883378096,system.loop_avg_fps,23.541101249051454,system.loop_worst_fps,5.284545870358209,system.loop_1pct_low_fps,12.15588130139435,system.loop_0_1pct_low_fps,7.085916740478299,drive.heading_rad,-0.0,intake.over_current,0.0,intake.shooting,false,robot.shot_preset,close,robot.shooter_hood_luts_enabled,true,robot.slow_mode,false,robot.turret_forward_override,false,robot.hang_mode,false,shooter.running,true,shooter.busy,true,shooter.impact_detected,false,shooter.over_current,false,turret.over_current,false
292.990983814,system.limelight_pose,position=(-3.459 -0.868 -0.000)m, orientation={yaw=2.730, pitch=0.000, roll=0.000},system.loop_hz,17.041797530628482,system.loop_avg_fps,23.54039017365999,system.loop_worst_fps,5.284545870358209,system.loop_1pct_low_fps,12.15588130139435,system.loop_0_1pct_low_fps,7.085916740478299,drive.heading_rad,-0.0,intake.over_current,0.0,intake.shooting,false,robot.shot_preset,close,robot.shooter_hood_luts_enabled,true,robot.slow_mode,false,robot.turret_forward_override,false,robot.hang_mode,false,shooter.running,true,shooter.busy,true,shooter.impact_detected,false,shooter.over_current,false,turret.over_current,false
293.195364293,system.limelight_pose,position=(-3.459 -0.868 -0.000)m, orientation={yaw=2.730, pitch=0.000, roll=0.000},system.loop_hz,19.933436673573787,system.loop_avg_fps,23.529049308628185,system.loop_worst_fps,5.284545870358209,system.loop_1pct_low_fps,12.15588130139435,system.loop_0_1pct_low_fps,7.085916740478299,drive.heading_rad,-0.0,intake.over_current,0.0,intake.shooting,false,robot.shot_preset,close,robot.shooter_hood_luts_enabled,true,robot.slow_mode,false,robot.turret_forward_override,false,robot.hang_mode,false,shooter.running,true,shooter.busy,true,shooter.impact_detected,false,shooter.over_current,false,turret.over_current,false
293.434356858,system.limelight_pose,position=(-3.459 -0.868 -0.000)m, orientation={yaw=2.730, pitch=0.000, roll=0.000},system.loop_hz,23.35204828755454,system.loop_avg_fps,23.520364778356193,system.loop_worst_fps,5.284545870358209,system.loop_1pct_low_fps,12.127697520955948,system.loop_0_1pct_low_fps,7.085916740478299,drive.heading_rad,-0.0,intake.over_current,0.0,intake.shooting,false,robot.shot_preset,close,robot.shooter_hood_luts_enabled,true,robot.slow_mode,false,robot.turret_forward_override,false,robot.hang_mode,false,shooter.running,true,shooter.busy,true,shooter.impact_detected,false,shooter.over_current,false,turret.over_current,false
293.659581006,system.limelight_pose,position=(-3.459 -0.868 -0.000)m, orientation={yaw=2.730, pitch=0.000, roll=0.000},system.loop_hz,24.38060345505061,system.loop_avg_fps,23.51623444808474,system.loop_worst_fps,5.284545870358209,system.loop_1pct_low_fps,12.127697520955948,system.loop_0_1pct_low_fps,7.085916740478299,drive.heading_rad,-0.0,intake.over_current,0.0,intake.shooting,false,robot.shot_preset,close,robot.shooter_hood_luts_enabled,true,robot.slow_mode,false,robot.turret_forward_override,false,robot.hang_mode,false,shooter.running,true,shooter.busy,true,shooter.impact_detected,false,shooter.over_current,false,turret.over_current,false
293.903467155,system.limelight_pose,position=(-3.459 -0.868 -0.000)m, orientation={yaw=2.730, pitch=0.000, roll=0.000},system.loop_hz,17.67632728626077,system.loop_avg_fps,23.50605563578405,system.loop_worst_fps,5.284545870358209,system.loop_1pct_low_fps,12.127697520955948,system.loop_0_1pct_low_fps,7.085916740478299,drive.heading_rad,-0.0,intake.over_current,0.0,intake.shooting,false,robot.shot_preset,close,robot.shooter_hood_luts_enabled,true,robot.slow_mode,false,robot.turret_forward_override,false,robot.hang_mode,false,shooter.running,true,shooter.busy,true,shooter.impact_detected,false,shooter.over_current,false,turret.over_current,false
294.128229595,system.limelight_pose,position=(-3.459 -0.868 -0.000)m, orientation={yaw=2.730, pitch=0.000, roll=0.000},system.loop_hz,22.95523595849083,system.loop_avg_fps,23.515946707668952,system.loop_worst_fps,5.284545870358209,system.loop_1pct_low_fps,12.230338032953966,system.loop_0_1pct_low_fps,7.085916740478299,drive.heading_rad,-0.0,intake.over_current,0.0,intake.shooting,false,robot.shot_preset,close,robot.shooter_hood_luts_enabled,true,robot.slow_mode,false,robot.turret_forward_override,false,robot.hang_mode,false,shooter.running,true,shooter.busy,true,shooter.impact_detected,false,shooter.over_current,false,turret.over_current,false
294.357234618,system.limelight_pose,position=(-3.459 -0.868 -0.000)m, orientation={yaw=2.730, pitch=0.000, roll=0.000},system.loop_hz,15.621194774586161,system.loop_avg_fps,23.510646564402474,system.loop_worst_fps,5.284545870358209,system.loop_1pct_low_fps,12.230338032953966,system.loop_0_1pct_low_fps,7.085916740478299,drive.heading_rad,-0.0,intake.over_current,0.0,intake.shooting,false,robot.shot_preset,close,robot.shooter_hood_luts_enabled,true,robot.slow_mode,false,robot.turret_forward_override,false,robot.hang_mode,false,shooter.running,true,shooter.busy,true,shooter.impact_detected,false,shooter.over_current,false,turret.over_current,false
294.569379264,system.limelight_pose,position=(-3.459 -0.868 -0.000)m, orientation={yaw=2.730, pitch=0.000, roll=0.000},system.loop_hz,38.43215560042269,system.loop_avg_fps,23.52453279032209,system.loop_worst_fps,5.284545870358209,system.loop_1pct_low_fps,12.230338032953966,system.loop_0_1pct_low_fps,7.085916740478299,drive.heading_rad,-0.0,intake.over_current,0.0,intake.shooting,false,robot.shot_preset,close,robot.shooter_hood_luts_enabled,true,robot.slow_mode,false,robot.turret_forward_override,false,robot.hang_mode,false,shooter.running,true,shooter.busy,true,shooter.impact_detected,false,shooter.over_current,false,turret.over_current,false
294.773402743,system.limelight_pose,position=(-3.459 -0.868 -0.000)m, orientation={yaw=2.730, pitch=0.000, roll=0.000},system.loop_hz,22.771519341941136,system.loop_avg_fps,23.513595931256944,system.loop_worst_fps,5.284545870358209,system.loop_1pct_low_fps,12.213740458015268,system.loop_0_1pct_low_fps,7.085916740478299,drive.heading_rad,-0.0,intake.over_current,0.0,intake.shooting,false,robot.shot_preset,close,robot.shooter_hood_luts_enabled,true,robot.slow_mode,false,robot.turret_forward_override,false,robot.hang_mode,false,shooter.running,true,shooter.busy,true,shooter.impact_detected,true,shooter.over_current,false,turret.over_current,false
295.018576018,system.limelight_pose,position=(-3.459 -0.868 -0.000)m, orientation={yaw=2.730, pitch=0.000, roll=0.000},system.loop_hz,21.74840660298874,system.loop_avg_fps,23.503168032011235,system.loop_worst_fps,5.284545870358209,system.loop_1pct_low_fps,12.213740458015268,system.loop_0_1pct_low_fps,7.085916740478299,drive.heading_rad,-0.0,intake.over_current,0.0,intake.shooting,false,robot.shot_preset,close,robot.shooter_hood_luts_enabled,true,robot.slow_mode,false,robot.turret_forward_override,false,robot.hang_mode,false,shooter.running,true,shooter.busy,false,shooter.impact_detected,true,shooter.over_current,false,turret.over_current,false
295.248276374,system.limelight_pose,position=(-3.459 -0.868 -0.000)m, orientation={yaw=2.730, pitch=0.000, roll=0.000},system.loop_hz,17.443760313728745,system.loop_avg_fps,23.48415937087772,system.loop_worst_fps,5.284545870358209,system.loop_1pct_low_fps,12.213740458015268,system.loop_0_1pct_low_fps,7.085916740478299,drive.heading_rad,-0.0,intake.over_current,0.0,intake.shooting,false,robot.shot_preset,close,robot.shooter_hood_luts_enabled,true,robot.slow_mode,false,robot.turret_forward_override,false,robot.hang_mode,false,shooter.running,true,shooter.busy,false,shooter.impact_detected,false,shooter.over_current,false,turret.over_current,false
295.465599854,system.limelight_pose,position=(-3.459 -0.868 -0.000)m, orientation={yaw=2.730, pitch=0.000, roll=0.000},system.loop_hz,35.89262334085611,system.loop_avg_fps,23.482754752011292,system.loop_worst_fps,5.284545870358209,system.loop_1pct_low_fps,12.213740458015268,system.loop_0_1pct_low_fps,7.085916740478299,drive.heading_rad,-0.0,intake.over_current,0.0,intake.shooting,false,robot.shot_preset,close,robot.shooter_hood_luts_enabled,true,robot.slow_mode,false,robot.turret_forward_override,false,robot.hang_mode,false,shooter.running,true,shooter.busy,false,shooter.impact_detected,true,shooter.over_current,false,turret.over_current,false
295.675991292,system.limelight_pose,position=(-3.459 -0.868 -0.000)m, orientation={yaw=2.730, pitch=0.000, roll=0.000},system.loop_hz,22.026025158401048,system.loop_avg_fps,23.48355775267005,system.loop_worst_fps,5.284545870358209,system.loop_1pct_low_fps,12.213740458015268,system.loop_0_1pct_low_fps,7.085916740478299,drive.heading_rad,-0.0,intake.over_current,0.0,intake.shooting,false,robot.shot_preset,close,robot.shooter_hood_luts_enabled,true,robot.slow_mode,false,robot.turret_forward_override,false,robot.hang_mode,false,shooter.running,true,shooter.busy,true,shooter.impact_detected,true,shooter.over_current,false,turret.over_current,false
295.912397357,system.limelight_pose,position=(-3.459 -0.868 -0.000)m, orientation={yaw=2.730, pitch=0.000, roll=0.000},system.loop_hz,17.441098228294468,system.loop_avg_fps,23.476127612418466,system.loop_worst_fps,5.284545870358209,system.loop_1pct_low_fps,12.213740458015268,system.loop_0_1pct_low_fps,7.085916740478299,drive.heading_rad,-0.0,intake.over_current,0.0,intake.shooting,false,robot.shot_preset,close,robot.shooter_hood_luts_enabled,true,robot.slow_mode,false,robot.turret_forward_override,false,robot.hang_mode,false,shooter.running,true,shooter.busy,true,shooter.impact_detected,true,shooter.over_current,false,turret.over_current,false
296.135154588,system.limelight_pose,position=(-3.459 -0.868 -0.000)m, orientation={yaw=2.730, pitch=0.000, roll=0.000},system.loop_hz,24.279773302666815,system.loop_avg_fps,23.486474590461356,system.loop_worst_fps,5.284545870358209,system.loop_1pct_low_fps,12.213740458015268,system.loop_0_1pct_low_fps,7.085916740478299,drive.heading_rad,-0.0,intake.over_current,0.0,intake.shooting,false,robot.shot_preset,close,robot.shooter_hood_luts_enabled,true,robot.slow_mode,false,robot.turret_forward_override,false,robot.hang_mode,false,shooter.running,true,shooter.busy,true,shooter.impact_detected,true,shooter.over_current,false,turret.over_current,false
296.365465403,system.limelight_pose,position=(-3.459 -0.868 -0.000)m, orientation={yaw=2.730, pitch=0.000, roll=0.000},system.loop_hz,18.344316473075175,system.loop_avg_fps,23.48099672955923,system.loop_worst_fps,5.284545870358209,system.loop_1pct_low_fps,12.213740458015268,system.loop_0_1pct_low_fps,7.085916740478299,drive.heading_rad,-0.0,intake.over_current,0.0,intake.shooting,false,robot.shot_preset,close,robot.shooter_hood_luts_enabled,true,robot.slow_mode,false,robot.turret_forward_override,false,robot.hang_mode,false,shooter.running,true,shooter.busy,true,shooter.impact_detected,true,shooter.over_current,false,turret.over_current,false
296.576069466,system.limelight_pose,position=(-3.459 -0.868 -0.000)m, orientation={yaw=2.730, pitch=0.000, roll=0.000},system.loop_hz,28.93919446943022,system.loop_avg_fps,23.481728370094167,system.loop_worst_fps,5.284545870358209,system.loop_1pct_low_fps,12.213740458015268,system.loop_0_1pct_low_fps,7.085916740478299,drive.heading_rad,-0.0,intake.over_current,0.9,intake.shooting,false,robot.shot_preset,close,robot.shooter_hood_luts_enabled,true,robot.slow_mode,false,robot.turret_forward_override,false,robot.hang_mode,false,shooter.running,true,shooter.busy,true,shooter.impact_detected,true,shooter.over_current,false,turret.over_current,false
296.789038654,system.limelight_pose,position=(-3.459 -0.868 -0.000)m, orientation={yaw=2.730, pitch=0.000, roll=0.000},system.loop_hz,29.920595228319264,system.loop_avg_fps,23.481716594308594,system.loop_worst_fps,5.284545870358209,system.loop_1pct_low_fps,12.213740458015268,system.loop_0_1pct_low_fps,7.085916740478299,drive.heading_rad,-0.0,intake.over_current,0.0,intake.shooting,false,robot.shot_preset,close,robot.shooter_hood_luts_enabled,true,robot.slow_mode,false,robot.turret_forward_override,false,robot.hang_mode,false,shooter.running,true,shooter.busy,false,shooter.impact_detected,false,shooter.over_current,false,turret.over_current,false
297.019818469,system.limelight_pose,position=(-3.459 -0.868 -0.000)m, orientation={yaw=2.730, pitch=0.000, roll=0.000},system.loop_hz,20.054814219338457,system.loop_avg_fps,23.48942555555169,system.loop_worst_fps,5.284545870358209,system.loop_1pct_low_fps,12.213740458015268,system.loop_0_1pct_low_fps,7.085916740478299,drive.heading_rad,-0.0,intake.over_current,0.0,intake.shooting,false,robot.shot_preset,close,robot.shooter_hood_luts_enabled,true,robot.slow_mode,false,robot.turret_forward_override,false,robot.hang_mode,false,shooter.running,true,shooter.busy,false,shooter.impact_detected,true,shooter.over_current,false,turret.over_current,false
297.251649159,system.limelight_pose,position=(-3.459 -0.868 -0.000)m, orientation={yaw=2.730, pitch=0.000, roll=0.000},system.loop_hz,22.09415565836889,system.loop_avg_fps,23.483530597530542,system.loop_worst_fps,5.284545870358209,system.loop_1pct_low_fps,12.213740458015268,system.loop_0_1pct_low_fps,7.085916740478299,drive.heading_rad,-0.0,intake.over_current,0.0,intake.shooting,false,robot.shot_preset,close,robot.shooter_hood_luts_enabled,true,robot.slow_mode,false,robot.turret_forward_override,false,robot.hang_mode,false,shooter.running,true,shooter.busy,false,shooter.impact_detected,true,shooter.over_current,false,turret.over_current,false
297.467355347,system.limelight_pose,position=(-3.459 -0.868 -0.000)m, orientation={yaw=2.730, pitch=0.000, roll=0.000},system.loop_hz,25.142418601604113,system.loop_avg_fps,23.482665922684866,system.loop_worst_fps,5.284545870358209,system.loop_1pct_low_fps,12.213740458015268,system.loop_0_1pct_low_fps,7.085916740478299,drive.heading_rad,-0.0,intake.over_current,0.0,intake.shooting,false,robot.shot_preset,close,robot.shooter_hood_luts_enabled,true,robot.slow_mode,false,robot.turret_forward_override,false,robot.hang_mode,false,shooter.running,true,shooter.busy,false,shooter.impact_detected,true,shooter.over_current,false,turret.over_current,false
297.700316829,system.limelight_pose,position=(-3.459 -0.868 -0.000)m, orientation={yaw=2.730, pitch=0.000, roll=0.000},system.loop_hz,18.372430140265955,system.loop_avg_fps,23.476477120143226,system.loop_worst_fps,5.284545870358209,system.loop_1pct_low_fps,12.213740458015268,system.loop_0_1pct_low_fps,7.085916740478299,drive.heading_rad,-0.0,intake.over_current,0.0,intake.shooting,false,robot.shot_preset,close,robot.shooter_hood_luts_enabled,true,robot.slow_mode,false,robot.turret_forward_override,false,robot.hang_mode,false,shooter.running,true,shooter.busy,false,shooter.impact_detected,false,shooter.over_current,false,turret.over_current,false
297.931847977,system.limelight_pose,position=(-3.459 -0.868 -0.000)m, orientation={yaw=2.730, pitch=0.000, roll=0.000},system.loop_hz,17.36011712384831,system.loop_avg_fps,23.457654146452224,system.loop_worst_fps,5.284545870358209,system.loop_1pct_low_fps,12.1191718565898,system.loop_0_1pct_low_fps,7.085916740478299,drive.heading_rad,-0.0,intake.over_current,0.0,intake.shooting,false,robot.shot_preset,close,robot.shooter_hood_luts_enabled,true,robot.slow_mode,false,robot.turret_forward_override,false,robot.hang_mode,false,shooter.running,true,shooter.busy,false,shooter.impact_detected,false,shooter.over_current,false,turret.over_current,false
298.155684958,system.limelight_pose,position=(-3.459 -0.868 -0.000)m, orientation={yaw=2.730, pitch=0.000, roll=0.000},system.loop_hz,23.07745314828566,system.loop_avg_fps,23.454376672051655,system.loop_worst_fps,5.284545870358209,system.loop_1pct_low_fps,12.1191718565898,system.loop_0_1pct_low_fps,7.085916740478299,drive.heading_rad,-0.0,intake.over_current,0.0,intake.shooting,false,robot.shot_preset,close,robot.shooter_hood_luts_enabled,true,robot.slow_mode,false,robot.turret_forward_override,false,robot.hang_mode,false,shooter.running,true,shooter.busy,false,shooter.impact_detected,false,shooter.over_current,false,turret.over_current,false
298.39302669,system.limelight_pose,position=(-3.459 -0.868 -0.000)m, orientation={yaw=2.730, pitch=0.000, roll=0.000},system.loop_hz,17.316365442429518,system.loop_avg_fps,23.433957296787923,system.loop_worst_fps,5.284545870358209,system.loop_1pct_low_fps,12.1191718565898,system.loop_0_1pct_low_fps,7.085916740478299,drive.heading_rad,-0.0,intake.over_current,0.0,intake.shooting,false,robot.shot_preset,close,robot.shooter_hood_luts_enabled,true,robot.slow_mode,false,robot.turret_forward_override,false,robot.hang_mode,false,shooter.running,true,shooter.busy,false,shooter.impact_detected,false,shooter.over_current,false,turret.over_current,false
298.637255548,system.limelight_pose,position=(-3.459 -0.868 -0.000)m, orientation={yaw=2.730, pitch=0.000, roll=0.000},system.loop_hz,21.409701682136184,system.loop_avg_fps,23.437552848275338,system.loop_worst_fps,5.284545870358209,system.loop_1pct_low_fps,12.216685420350425,system.loop_0_1pct_low_fps,7.085916740478299,drive.heading_rad,-0.0,intake.over_current,0.0,intake.shooting,false,robot.shot_preset,close,robot.shooter_hood_luts_enabled,true,robot.slow_mode,false,robot.turret_forward_override,false,robot.hang_mode,false,shooter.running,true,shooter.busy,false,shooter.impact_detected,false,shooter.over_current,false,turret.over_current,false
298.875308072,system.limelight_pose,position=(-3.459 -0.868 -0.000)m, orientation={yaw=2.730, pitch=0.000, roll=0.000},system.loop_hz,20.97472834685675,system.loop_avg_fps,23.430048904156646,system.loop_worst_fps,5.284545870358209,system.loop_1pct_low_fps,12.216685420350425,system.loop_0_1pct_low_fps,7.085916740478299,drive.heading_rad,-0.0,intake.over_current,0.0,intake.shooting,false,robot.shot_preset,close,robot.shooter_hood_luts_enabled,true,robot.slow_mode,false,robot.turret_forward_override,false,robot.hang_mode,false,shooter.running,true,shooter.busy,false,shooter.impact_detected,true,shooter.over_current,false,turret.over_current,false
299.11994993,system.limelight_pose,position=(-3.459 -0.868 -0.000)m, orientation={yaw=2.730, pitch=0.000, roll=0.000},system.loop_hz,21.45740266766792,system.loop_avg_fps,23.420598412567397,system.loop_worst_fps,5.284545870358209,system.loop_1pct_low_fps,12.216685420350425,system.loop_0_1pct_low_fps,7.085916740478299,drive.heading_rad,-0.0,intake.over_current,0.0,intake.shooting,false,robot.shot_preset,close,robot.shooter_hood_luts_enabled,true,robot.slow_mode,false,robot.turret_forward_override,false,robot.hang_mode,false,shooter.running,true,shooter.busy,false,shooter.impact_detected,true,shooter.over_current,false,turret.over_current,false
299.331629076,system.limelight_pose,position=(-3.459 -0.868 -0.000)m, orientation={yaw=2.730, pitch=0.000, roll=0.000},system.loop_hz,15.210107018768834,system.loop_avg_fps,23.408267840041507,system.loop_worst_fps,5.284545870358209,system.loop_1pct_low_fps,12.216685420350425,system.loop_0_1pct_low_fps,7.085916740478299,drive.heading_rad,-0.0,intake.over_current,0.0,intake.shooting,false,robot.shot_preset,close,robot.shooter_hood_luts_enabled,true,robot.slow_mode,false,robot.turret_forward_override,false,robot.hang_mode,false,shooter.running,true,shooter.busy,false,shooter.impact_detected,false,shooter.over_current,false,turret.over_current,false
299.558939515,system.limelight_pose,position=(-3.459 -0.868 -0.000)m, orientation={yaw=2.730, pitch=0.000, roll=0.000},system.loop_hz,18.45371522189891,system.loop_avg_fps,23.416985741973917,system.loop_worst_fps,5.284545870358209,system.loop_1pct_low_fps,12.216685420350425,system.loop_0_1pct_low_fps,7.085916740478299,drive.heading_rad,-0.0,intake.over_current,0.0,intake.shooting,false,robot.shot_preset,close,robot.shooter_hood_luts_enabled,true,robot.slow_mode,false,robot.turret_forward_override,false,robot.hang_mode,false,shooter.running,true,shooter.busy,false,shooter.impact_detected,true,shooter.over_current,false,turret.over_current,false
299.794692539,system.limelight_pose,position=(-3.459 -0.868 -0.000)m, orientation={yaw=2.730, pitch=0.000, roll=0.000},system.loop_hz,20.83503138839549,system.loop_avg_fps,23.423121509269325,system.loop_worst_fps,5.284545870358209,system.loop_1pct_low_fps,12.216685420350425,system.loop_0_1pct_low_fps,7.085916740478299,drive.heading_rad,-0.0,intake.over_current,0.0,intake.shooting,true,robot.shot_preset,close,robot.shooter_hood_luts_enabled,true,robot.slow_mode,false,robot.turret_forward_override,false,robot.hang_mode,false,shooter.running,true,shooter.busy,false,shooter.impact_detected,true,shooter.over_current,false,turret.over_current,false
299.997105143,system.limelight_pose,position=(-3.459 -0.868 -0.000)m, orientation={yaw=2.730, pitch=0.000, roll=0.000},system.loop_hz,30.569662605667613,system.loop_avg_fps,23.426426294778537,system.loop_worst_fps,5.284545870358209,system.loop_1pct_low_fps,12.216685420350425,system.loop_0_1pct_low_fps,7.085916740478299,drive.heading_rad,-0.0,intake.over_current,0.0,intake.shooting,true,robot.shot_preset,close,robot.shooter_hood_luts_enabled,true,robot.slow_mode,false,robot.turret_forward_override,false,robot.hang_mode,false,shooter.running,true,shooter.busy,false,shooter.impact_detected,false,shooter.over_current,false,turret.over_current,false
300.217651248,system.limelight_pose,position=(-3.459 -0.868 -0.000)m, orientation={yaw=2.730, pitch=0.000, roll=0.000},system.loop_hz,29.60411658268527,system.loop_avg_fps,23.424305286653635,system.loop_worst_fps,5.284545870358209,system.loop_1pct_low_fps,12.216685420350425,system.loop_0_1pct_low_fps,7.085916740478299,drive.heading_rad,-0.0,intake.over_current,0.0,intake.shooting,true,robot.shot_preset,close,robot.shooter_hood_luts_enabled,true,robot.slow_mode,false,robot.turret_forward_override,false,robot.hang_mode,false,shooter.running,true,shooter.busy,true,shooter.impact_detected,true,shooter.over_current,false,turret.over_current,false
300.433369103,system.limelight_pose,position=(-3.459 -0.868 -0.000)m, orientation={yaw=2.730, pitch=0.000, roll=0.000},system.loop_hz,37.584915128914055,system.loop_avg_fps,23.423631893529954,system.loop_worst_fps,5.284545870358209,system.loop_1pct_low_fps,12.059663598857506,system.loop_0_1pct_low_fps,7.085916740478299,drive.heading_rad,-0.0,intake.over_current,0.0,intake.shooting,true,robot.shot_preset,close,robot.shooter_hood_luts_enabled,true,robot.slow_mode,false,robot.turret_forward_override,false,robot.hang_mode,false,shooter.running,true,shooter.busy,true,shooter.impact_detected,true,shooter.over_current,false,turret.over_current,false
300.65004975,system.limelight_pose,position=(-3.459 -0.868 -0.000)m, orientation={yaw=2.730, pitch=0.000, roll=0.000},system.loop_hz,16.953568803375564,system.loop_avg_fps,23.42267665709516,system.loop_worst_fps,5.284545870358209,system.loop_1pct_low_fps,12.059663598857506,system.loop_0_1pct_low_fps,7.085916740478299,drive.heading_rad,-0.0,intake.over_current,0.0,intake.shooting,true,robot.shot_preset,close,robot.shooter_hood_luts_enabled,true,robot.slow_mode,false,robot.turret_forward_override,false,robot.hang_mode,false,shooter.running,true,shooter.busy,false,shooter.impact_detected,false,shooter.over_current,false,turret.over_current,false
300.858811063,system.limelight_pose,position=(-3.459 -0.868 -0.000)m, orientation={yaw=2.730, pitch=0.000, roll=0.000},system.loop_hz,25.992927220513018,system.loop_avg_fps,23.424068858319973,system.loop_worst_fps,5.284545870358209,system.loop_1pct_low_fps,12.059663598857506,system.loop_0_1pct_low_fps,7.085916740478299,drive.heading_rad,-0.0,intake.over_current,0.0,intake.shooting,true,robot.shot_preset,close,robot.shooter_hood_luts_enabled,true,robot.slow_mode,false,robot.turret_forward_override,false,robot.hang_mode,false,shooter.running,true,shooter.busy,false,shooter.impact_detected,false,shooter.over_current,false,turret.over_current,false
301.062230208,system.limelight_pose,position=(-3.459 -0.868 -0.000)m, orientation={yaw=2.730, pitch=0.000, roll=0.000},system.loop_hz,24.493292560823527,system.loop_avg_fps,23.41443475600816,system.loop_worst_fps,5.284545870358209,system.loop_1pct_low_fps,11.981712123600818,system.loop_0_1pct_low_fps,7.085916740478299,drive.heading_rad,-0.0,intake.over_current,0.0,intake.shooting,false,robot.shot_preset,close,robot.shooter_hood_luts_enabled,true,robot.slow_mode,false,robot.turret_forward_override,false,robot.hang_mode,false,shooter.running,true,shooter.busy,false,shooter.impact_detected,false,shooter.over_current,false,turret.over_current,false
301.293125231,system.limelight_pose,position=(-3.459 -0.868 -0.000)m, orientation={yaw=2.730, pitch=0.000, roll=0.000},system.loop_hz,26.58466538016046,system.loop_avg_fps,23.39677381555816,system.loop_worst_fps,5.284545870358209,system.loop_1pct_low_fps,11.663597298956415,system.loop_0_1pct_low_fps,6.578947368421052,drive.heading_rad,-0.0,intake.over_current,0.0,intake.shooting,false,robot.shot_preset,close,robot.shooter_hood_luts_enabled,true,robot.slow_mode,false,robot.turret_forward_override,false,robot.hang_mode,false,shooter.running,true,shooter.busy,false,shooter.impact_detected,false,shooter.over_current,false,turret.over_current,false
301.515428045,system.limelight_pose,position=(-3.459 -0.868 -0.000)m, orientation={yaw=2.730, pitch=0.000, roll=0.000},system.loop_hz,23.488029173243973,system.loop_avg_fps,23.394254441487295,system.loop_worst_fps,5.284545870358209,system.loop_1pct_low_fps,11.663597298956415,system.loop_0_1pct_low_fps,6.578947368421052,drive.heading_rad,-0.0,intake.over_current,0.0,intake.shooting,false,robot.shot_preset,close,robot.shooter_hood_luts_enabled,true,robot.slow_mode,false,robot.turret_forward_override,false,robot.hang_mode,false,shooter.running,true,shooter.busy,false,shooter.impact_detected,false,shooter.over_current,false,turret.over_current,false
301.75621757,system.limelight_pose,position=(-3.459 -0.868 -0.000)m, orientation={yaw=2.730, pitch=0.000, roll=0.000},system.loop_hz,17.18607836222359,system.loop_avg_fps,23.38634963786916,system.loop_worst_fps,5.284545870358209,system.loop_1pct_low_fps,11.663597298956415,system.loop_0_1pct_low_fps,6.578947368421052,drive.heading_rad,-0.0,intake.over_current,0.0,intake.shooting,false,robot.shot_preset,close,robot.shooter_hood_luts_enabled,true,robot.slow_mode,false,robot.turret_forward_override,false,robot.hang_mode,false,shooter.running,true,shooter.busy,false,shooter.impact_detected,true,shooter.over_current,false,turret.over_current,false
301.977256008,system.limelight_pose,position=(-3.459 -0.868 -0.000)m, orientation={yaw=2.730, pitch=0.000, roll=0.000},system.loop_hz,24.108704218631793,system.loop_avg_fps,23.384241791348074,system.loop_worst_fps,5.284545870358209,system.loop_1pct_low_fps,11.663597298956415,system.loop_0_1pct_low_fps,6.578947368421052,drive.heading_rad,-0.0,intake.over_current,0.0,intake.shooting,false,robot.shot_preset,close,robot.shooter_hood_luts_enabled,true,robot.slow_mode,false,robot.turret_forward_override,false,robot.hang_mode,false,shooter.running,true,shooter.busy,true,shooter.impact_detected,true,shooter.over_current,false,turret.over_current,false
302.198323031,system.limelight_pose,position=(-3.459 -0.868 -0.000)m, orientation={yaw=2.730, pitch=0.000, roll=0.000},system.loop_hz,23.135381915898304,system.loop_avg_fps,23.382137216238892,system.loop_worst_fps,5.284545870358209,system.loop_1pct_low_fps,11.663597298956415,system.loop_0_1pct_low_fps,6.578947368421052,drive.heading_rad,-0.0,intake.over_current,0.0,intake.shooting,false,robot.shot_preset,close,robot.shooter_hood_luts_enabled,true,robot.slow_mode,false,robot.turret_forward_override,false,robot.hang_mode,false,shooter.running,true,shooter.busy,true,shooter.impact_detected,true,shooter.over_current,false,turret.over_current,false
302.406354593,system.limelight_pose,position=(-3.459 -0.868 -0.000)m, orientation={yaw=2.730, pitch=0.000, roll=0.000},system.loop_hz,11.768119744665665,system.loop_avg_fps,23.371433390458538,system.loop_worst_fps,5.284545870358209,system.loop_1pct_low_fps,11.567732115677321,system.loop_0_1pct_low_fps,6.578947368421052,drive.heading_rad,-0.0,intake.over_current,0.0,intake.shooting,false,robot.shot_preset,close,robot.shooter_hood_luts_enabled,true,robot.slow_mode,false,robot.turret_forward_override,false,robot.hang_mode,false,shooter.running,true,shooter.busy,true,shooter.impact_detected,true,shooter.over_current,false,turret.over_current,false
302.631872449,system.limelight_pose,position=(-3.459 -0.868 -0.000)m, orientation={yaw=2.730, pitch=0.000, roll=0.000},system.loop_hz,27.113188342817665,system.loop_avg_fps,23.380441276077992,system.loop_worst_fps,5.284545870358209,system.loop_1pct_low_fps,11.567732115677321,system.loop_0_1pct_low_fps,6.578947368421052,drive.heading_rad,-0.0,intake.over_current,0.0,intake.shooting,false,robot.shot_preset,close,robot.shooter_hood_luts_enabled,true,robot.slow_mode,false,robot.turret_forward_override,false,robot.hang_mode,false,shooter.running,true,shooter.busy,true,shooter.impact_detected,true,shooter.over_current,false,turret.over_current,false
302.842129137,system.limelight_pose,position=(-3.459 -0.868 -0.000)m, orientation={yaw=2.730, pitch=0.000, roll=0.000},system.loop_hz,29.539585969663804,system.loop_avg_fps,23.381477376766362,system.loop_worst_fps,5.284545870358209,system.loop_1pct_low_fps,11.567732115677321,system.loop_0_1pct_low_fps,6.578947368421052,drive.heading_rad,-0.0,intake.over_current,0.0,intake.shooting,false,robot.shot_preset,close,robot.shooter_hood_luts_enabled,true,robot.slow_mode,false,robot.turret_forward_override,false,robot.hang_mode,false,shooter.running,true,shooter.busy,true,shooter.impact_detected,true,shooter.over_current,false,turret.over_current,false
303.068730535,system.limelight_pose,position=(-3.459 -0.868 -0.000)m, orientation={yaw=2.730, pitch=0.000, roll=0.000},system.loop_hz,22.650267993450065,system.loop_avg_fps,23.377813147659158,system.loop_worst_fps,5.284545870358209,system.loop_1pct_low_fps,11.668611435239207,system.loop_0_1pct_low_fps,6.578947368421052,drive.heading_rad,-0.0,intake.over_current,0.0,intake.shooting,false,robot.shot_preset,close,robot.shooter_hood_luts_enabled,true,robot.slow_mode,false,robot.turret_forward_override,false,robot.hang_mode,false,shooter.running,true,shooter.busy,true,shooter.impact_detected,true,shooter.over_current,false,turret.over_current,false
303.281021598,system.limelight_pose,position=(-3.459 -0.868 -0.000)m, orientation={yaw=2.730, pitch=0.000, roll=0.000},system.loop_hz,22.56960352879213,system.loop_avg_fps,23.366014954381974,system.loop_worst_fps,5.284545870358209,system.loop_1pct_low_fps,11.668611435239207,system.loop_0_1pct_low_fps,6.578947368421052,drive.heading_rad,-0.0,intake.over_current,0.0,intake.shooting,false,robot.shot_preset,close,robot.shooter_hood_luts_enabled,true,robot.slow_mode,false,robot.turret_forward_override,false,robot.hang_mode,false,shooter.running,true,shooter.busy,true,shooter.impact_detected,true,shooter.over_current,false,turret.over_current,false
303.496603536,system.limelight_pose,position=(-3.459 -0.868 -0.000)m, orientation={yaw=2.730, pitch=0.000, roll=0.000},system.loop_hz,27.651996526665997,system.loop_avg_fps,23.36555924303385,system.loop_worst_fps,5.284545870358209,system.loop_1pct_low_fps,11.668611435239207,system.loop_0_1pct_low_fps,6.578947368421052,drive.heading_rad,-0.0,intake.over_current,0.0,intake.shooting,false,robot.shot_preset,close,robot.shooter_hood_luts_enabled,true,robot.slow_mode,false,robot.turret_forward_override,false,robot.hang_mode,false,shooter.running,true,shooter.busy,true,shooter.impact_detected,true,shooter.over_current,false,turret.over_current,false
303.711892933,system.limelight_pose,position=(-3.459 -0.868 -0.000)m, orientation={yaw=2.730, pitch=0.000, roll=0.000},system.loop_hz,23.30743993294254,system.loop_avg_fps,23.365189237406245,system.loop_worst_fps,5.284545870358209,system.loop_1pct_low_fps,11.668611435239207,system.loop_0_1pct_low_fps,6.578947368421052,drive.heading_rad,-0.0,intake.over_current,0.0,intake.shooting,false,robot.shot_preset,close,robot.shooter_hood_luts_enabled,true,robot.slow_mode,false,robot.turret_forward_override,false,robot.hang_mode,false,shooter.running,true,shooter.busy,true,shooter.impact_detected,true,shooter.over_current,false,turret.over_current,false
303.929004954,system.limelight_pose,position=(-3.459 -0.868 -0.000)m, orientation={yaw=2.730, pitch=0.000, roll=0.000},system.loop_hz,16.825526275116037,system.loop_avg_fps,23.352147246043263,system.loop_worst_fps,5.284545870358209,system.loop_1pct_low_fps,11.668611435239207,system.loop_0_1pct_low_fps,6.578947368421052,drive.heading_rad,-0.0,intake.over_current,0.0,intake.shooting,false,robot.shot_preset,close,robot.shooter_hood_luts_enabled,true,robot.slow_mode,false,robot.turret_forward_override,false,robot.hang_mode,false,shooter.running,true,shooter.busy,true,shooter.impact_detected,true,shooter.over_current,false,turret.over_current,false
304.143640143,system.limelight_pose,position=(-3.459 -0.868 -0.000)m, orientation={yaw=2.730, pitch=0.000, roll=0.000},system.loop_hz,34.779580755083025,system.loop_avg_fps,23.351999416275085,system.loop_worst_fps,5.284545870358209,system.loop_1pct_low_fps,11.668611435239207,system.loop_0_1pct_low_fps,6.578947368421052,drive.heading_rad,-0.0,intake.over_current,0.0,intake.shooting,false,robot.shot_preset,close,robot.shooter_hood_luts_enabled,true,robot.slow_mode,false,robot.turret_forward_override,false,robot.hang_mode,false,shooter.running,true,shooter.busy,true,shooter.impact_detected,true,shooter.over_current,false,turret.over_current,false
304.355872289,system.limelight_pose,position=(-3.459 -0.868 -0.000)m, orientation={yaw=2.730, pitch=0.000, roll=0.000},system.loop_hz,18.598767031938042,system.loop_avg_fps,23.352530986279568,system.loop_worst_fps,5.284545870358209,system.loop_1pct_low_fps,11.668611435239207,system.loop_0_1pct_low_fps,6.578947368421052,drive.heading_rad,-0.0,intake.over_current,0.0,intake.shooting,false,robot.shot_preset,close,robot.shooter_hood_luts_enabled,true,robot.slow_mode,false,robot.turret_forward_override,false,robot.hang_mode,false,shooter.running,true,shooter.busy,true,shooter.impact_detected,true,shooter.over_current,false,turret.over_current,false
304.567563977,system.limelight_pose,position=(-3.459 -0.868 -0.000)m, orientation={yaw=2.730, pitch=0.000, roll=0.000},system.loop_hz,26.09163350373622,system.loop_avg_fps,23.353212080978217,system.loop_worst_fps,5.284545870358209,system.loop_1pct_low_fps,11.668611435239207,system.loop_0_1pct_low_fps,6.578947368421052,drive.heading_rad,-0.0,intake.over_current,0.0,intake.shooting,false,robot.shot_preset,close,robot.shooter_hood_luts_enabled,true,robot.slow_mode,false,robot.turret_forward_override,false,robot.hang_mode,false,shooter.running,true,shooter.busy,true,shooter.impact_detected,true,shooter.over_current,false,turret.over_current,false
304.790329083,system.limelight_pose,position=(-3.459 -0.868 -0.000)m, orientation={yaw=2.730, pitch=0.000, roll=0.000},system.loop_hz,26.881265905448156,system.loop_avg_fps,23.362808868839323,system.loop_worst_fps,5.284545870358209,system.loop_1pct_low_fps,11.668611435239207,system.loop_0_1pct_low_fps,6.578947368421052,drive.heading_rad,-0.0,intake.over_current,0.0,intake.shooting,false,robot.shot_preset,close,robot.shooter_hood_luts_enabled,true,robot.slow_mode,false,robot.turret_forward_override,false,robot.hang_mode,false,shooter.running,true,shooter.busy,true,shooter.impact_detected,true,shooter.over_current,false,turret.over_current,false
305.023379814,system.limelight_pose,position=(-3.459 -0.868 -0.000)m, orientation={yaw=2.730, pitch=0.000, roll=0.000},system.loop_hz,20.67920689617057,system.loop_avg_fps,23.35747372330318,system.loop_worst_fps,5.284545870358209,system.loop_1pct_low_fps,11.668611435239207,system.loop_0_1pct_low_fps,6.578947368421052,drive.heading_rad,-0.0,intake.over_current,0.0,intake.shooting,false,robot.shot_preset,close,robot.shooter_hood_luts_enabled,true,robot.slow_mode,false,robot.turret_forward_override,false,robot.hang_mode,false,shooter.running,true,shooter.busy,true,shooter.impact_detected,true,shooter.over_current,false,turret.over_current,false
305.239450295,system.limelight_pose,position=(-3.459 -0.868 -0.000)m, orientation={yaw=2.730, pitch=0.000, roll=0.000},system.loop_hz,33.23385885482567,system.loop_avg_fps,23.356913006835388,system.loop_worst_fps,5.284545870358209,system.loop_1pct_low_fps,11.668611435239207,system.loop_0_1pct_low_fps,6.578947368421052,drive.heading_rad,-0.0,intake.over_current,0.0,intake.shooting,false,robot.shot_preset,close,robot.shooter_hood_luts_enabled,true,robot.slow_mode,false,robot.turret_forward_override,false,robot.hang_mode,false,shooter.running,true,shooter.busy,true,shooter.impact_detected,true,shooter.over_current,false,turret.over_current,false
305.490231445,system.limelight_pose,position=(-3.459 -0.868 -0.000)m, orientation={yaw=2.730, pitch=0.000, roll=0.000},system.loop_hz,19.661718172655114,system.loop_avg_fps,23.358613324149683,system.loop_worst_fps,5.284545870358209,system.loop_1pct_low_fps,11.668611435239207,system.loop_0_1pct_low_fps,6.578947368421052,drive.heading_rad,-0.0,intake.over_current,0.0,intake.shooting,false,robot.shot_preset,close,robot.shooter_hood_luts_enabled,true,robot.slow_mode,false,robot.turret_forward_override,false,robot.hang_mode,false,shooter.running,true,shooter.busy,true,shooter.impact_detected,true,shooter.over_current,false,turret.over_current,false
305.721241385,system.limelight_pose,position=(-3.459 -0.868 -0.000)m, orientation={yaw=2.730, pitch=0.000, roll=0.000},system.loop_hz,22.92484529628194,system.loop_avg_fps,23.353901238994187,system.loop_worst_fps,5.284545870358209,system.loop_1pct_low_fps,11.668611435239207,system.loop_0_1pct_low_fps,6.578947368421052,drive.heading_rad,-0.0,intake.over_current,0.0,intake.shooting,false,robot.shot_preset,close,robot.shooter_hood_luts_enabled,true,robot.slow_mode,false,robot.turret_forward_override,false,robot.hang_mode,false,shooter.running,true,shooter.busy,true,shooter.impact_detected,true,shooter.over_current,false,turret.over_current,false
305.942628657,system.limelight_pose,position=(-3.459 -0.868 -0.000)m, orientation={yaw=2.730, pitch=0.000, roll=0.000},system.loop_hz,22.933432295676006,system.loop_avg_fps,23.35188101074262,system.loop_worst_fps,5.284545870358209,system.loop_1pct_low_fps,11.668611435239207,system.loop_0_1pct_low_fps,6.578947368421052,drive.heading_rad,-0.0,intake.over_current,0.0,intake.shooting,false,robot.shot_preset,close,robot.shooter_hood_luts_enabled,true,robot.slow_mode,false,robot.turret_forward_override,false,robot.hang_mode,false,shooter.running,true,shooter.busy,true,shooter.impact_detected,true,shooter.over_current,false,turret.over_current,false
306.151448594,system.limelight_pose,position=(-3.459 -0.868 -0.000)m, orientation={yaw=2.730, pitch=0.000, roll=0.000},system.loop_hz,17.316015816794387,system.loop_avg_fps,23.34150826319064,system.loop_worst_fps,5.284545870358209,system.loop_1pct_low_fps,11.668611435239207,system.loop_0_1pct_low_fps,6.578947368421052,drive.heading_rad,-0.0,intake.over_current,0.0,intake.shooting,false,robot.shot_preset,close,robot.shooter_hood_luts_enabled,true,robot.slow_mode,false,robot.turret_forward_override,false,robot.hang_mode,false,shooter.running,true,shooter.busy,true,shooter.impact_detected,true,shooter.over_current,false,turret.over_current,false
306.351733198,system.limelight_pose,position=(-3.459 -0.868 -0.000)m, orientation={yaw=2.730, pitch=0.000, roll=0.000},system.loop_hz,14.142461454977065,system.loop_avg_fps,23.333538197980648,system.loop_worst_fps,5.284545870358209,system.loop_1pct_low_fps,11.668611435239207,system.loop_0_1pct_low_fps,6.578947368421052,drive.heading_rad,-0.0,intake.over_current,0.0,intake.shooting,false,robot.shot_preset,close,robot.shooter_hood_luts_enabled,true,robot.slow_mode,false,robot.turret_forward_override,false,robot.hang_mode,false,shooter.running,true,shooter.busy,true,shooter.impact_detected,true,shooter.over_current,false,turret.over_current,false
306.593992139,system.limelight_pose,position=(-3.459 -0.868 -0.000)m, orientation={yaw=2.730, pitch=0.000, roll=0.000},system.loop_hz,21.08942485551344,system.loop_avg_fps,23.32585210889081,system.loop_worst_fps,5.284545870358209,system.loop_1pct_low_fps,11.668611435239207,system.loop_0_1pct_low_fps,6.578947368421052,drive.heading_rad,-0.0,intake.over_current,0.0,intake.shooting,false,robot.shot_preset,close,robot.shooter_hood_luts_enabled,true,robot.slow_mode,false,robot.turret_forward_override,false,robot.hang_mode,false,shooter.running,true,shooter.busy,true,shooter.impact_detected,true,shooter.over_current,false,turret.over_current,false
306.804297535,system.limelight_pose,position=(-3.459 -0.868 -0.000)m, orientation={yaw=2.730, pitch=0.000, roll=0.000},system.loop_hz,23.332660341636387,system.loop_avg_fps,23.326961460190407,system.loop_worst_fps,5.284545870358209,system.loop_1pct_low_fps,11.668611435239207,system.loop_0_1pct_low_fps,6.578947368421052,drive.heading_rad,-0.0,intake.over_current,0.0,intake.shooting,false,robot.shot_preset,close,robot.shooter_hood_luts_enabled,true,robot.slow_mode,false,robot.turret_forward_override,false,robot.hang_mode,false,shooter.running,true,shooter.busy,true,shooter.impact_detected,true,shooter.over_current,false,turret.over_current,false
307.014515431,system.limelight_pose,position=(-3.459 -0.868 -0.000)m, orientation={yaw=2.730, pitch=0.000, roll=0.000},system.loop_hz,23.39986132306767,system.loop_avg_fps,23.32808926072869,system.loop_worst_fps,5.284545870358209,system.loop_1pct_low_fps,11.668611435239207,system.loop_0_1pct_low_fps,6.578947368421052,drive.heading_rad,-0.0,intake.over_current,0.0,intake.shooting,false,robot.shot_preset,close,robot.shooter_hood_luts_enabled,true,robot.slow_mode,false,robot.turret_forward_override,false,robot.hang_mode,false,shooter.running,true,shooter.busy,true,shooter.impact_detected,true,shooter.over_current,false,turret.over_current,false
307.230585328,system.limelight_pose,position=(-3.459 -0.868 -0.000)m, orientation={yaw=2.730, pitch=0.000, roll=0.000},system.loop_hz,17.744482189123786,system.loop_avg_fps,23.315928772701845,system.loop_worst_fps,5.284545870358209,system.loop_1pct_low_fps,11.668611435239207,system.loop_0_1pct_low_fps,6.578947368421052,drive.heading_rad,-0.0,intake.over_current,0.0,intake.shooting,false,robot.shot_preset,close,robot.shooter_hood_luts_enabled,true,robot.slow_mode,false,robot.turret_forward_override,false,robot.hang_mode,false,shooter.running,true,shooter.busy,true,shooter.impact_detected,true,shooter.over_current,false,turret.over_current,false
307.444811891,system.limelight_pose,position=(-3.459 -0.868 -0.000)m, orientation={yaw=2.730, pitch=0.000, roll=0.000},system.loop_hz,35.17962576200708,system.loop_avg_fps,23.315988330081673,system.loop_worst_fps,5.284545870358209,system.loop_1pct_low_fps,11.668611435239207,system.loop_0_1pct_low_fps,6.578947368421052,drive.heading_rad,-0.0,intake.over_current,0.0,intake.shooting,false,robot.shot_preset,close,robot.shooter_hood_luts_enabled,true,robot.slow_mode,false,robot.turret_forward_override,false,robot.hang_mode,false,shooter.running,true,shooter.busy,true,shooter.impact_detected,true,shooter.over_current,false,turret.over_current,false
307.645448245,system.limelight_pose,position=(-3.459 -0.868 -0.000)m, orientation={yaw=2.730, pitch=0.000, roll=0.000},system.loop_hz,26.305230000557028,system.loop_avg_fps,23.319733038535016,system.loop_worst_fps,5.284545870358209,system.loop_1pct_low_fps,11.761411369364325,system.loop_0_1pct_low_fps,7.556675062972292,drive.heading_rad,-0.0,intake.over_current,0.0,intake.shooting,false,robot.shot_preset,close,robot.shooter_hood_luts_enabled,true,robot.slow_mode,false,robot.turret_forward_override,false,robot.hang_mode,false,shooter.running,true,shooter.busy,true,shooter.impact_detected,true,shooter.over_current,false,turret.over_current,false
307.877044726,system.limelight_pose,position=(-3.459 -0.868 -0.000)m, orientation={yaw=2.730, pitch=0.000, roll=0.000},system.loop_hz,20.285482463206993,system.loop_avg_fps,23.315084311040422,system.loop_worst_fps,5.284545870358209,system.loop_1pct_low_fps,11.761411369364325,system.loop_0_1pct_low_fps,7.556675062972292,drive.heading_rad,-0.0,intake.over_current,0.0,intake.shooting,false,robot.shot_preset,close,robot.shooter_hood_luts_enabled,true,robot.slow_mode,false,robot.turret_forward_override,false,robot.hang_mode,false,shooter.running,true,shooter.busy,true,shooter.impact_detected,true,shooter.over_current,false,turret.over_current,false
308.128595876,system.limelight_pose,position=(-3.459 -0.868 -0.000)m, orientation={yaw=2.730, pitch=0.000, roll=0.000},system.loop_hz,17.128553234864192,system.loop_avg_fps,23.31664643069301,system.loop_worst_fps,5.284545870358209,system.loop_1pct_low_fps,11.761411369364325,system.loop_0_1pct_low_fps,7.556675062972292,drive.heading_rad,-0.0,intake.over_current,0.0,intake.shooting,false,robot.shot_preset,close,robot.shooter_hood_luts_enabled,true,robot.slow_mode,false,robot.turret_forward_override,false,robot.hang_mode,false,shooter.running,true,shooter.busy,true,shooter.impact_detected,true,shooter.over_current,false,turret.over_current,false
308.340488814,system.limelight_pose,position=(-3.459 -0.868 -0.000)m, orientation={yaw=2.730, pitch=0.000, roll=0.000},system.loop_hz,18.717666517911194,system.loop_avg_fps,23.317331382015354,system.loop_worst_fps,5.284545870358209,system.loop_1pct_low_fps,11.761411369364325,system.loop_0_1pct_low_fps,7.556675062972292,drive.heading_rad,-0.0,intake.over_current,0.0,intake.shooting,false,robot.shot_preset,close,robot.shooter_hood_luts_enabled,true,robot.slow_mode,false,robot.turret_forward_override,false,robot.hang_mode,false,shooter.running,true,shooter.busy,true,shooter.impact_detected,true,shooter.over_current,false,turret.over_current,false
308.562934837,system.limelight_pose,position=(-3.459 -0.868 -0.000)m, orientation={yaw=2.730, pitch=0.000, roll=0.000},system.loop_hz,30.517962766049383,system.loop_avg_fps,23.3151811419329,system.loop_worst_fps,5.284545870358209,system.loop_1pct_low_fps,11.761411369364325,system.loop_0_1pct_low_fps,7.556675062972292,drive.heading_rad,-0.0,intake.over_current,0.0,intake.shooting,false,robot.shot_preset,close,robot.shooter_hood_luts_enabled,true,robot.slow_mode,false,robot.turret_forward_override,false,robot.hang_mode,false,shooter.running,true,shooter.busy,true,shooter.impact_detected,true,shooter.over_current,false,turret.over_current,false
308.80949207,system.limelight_pose,position=(-3.459 -0.868 -0.000)m, orientation={yaw=2.730, pitch=0.000, roll=0.000},system.loop_hz,17.418237790272883,system.loop_avg_fps,23.30659148043827,system.loop_worst_fps,5.284545870358209,system.loop_1pct_low_fps,11.761411369364325,system.loop_0_1pct_low_fps,7.556675062972292,drive.heading_rad,-0.0,intake.over_current,0.0,intake.shooting,false,robot.shot_preset,close,robot.shooter_hood_luts_enabled,true,robot.slow_mode,false,robot.turret_forward_override,false,robot.hang_mode,false,shooter.running,true,shooter.busy,true,shooter.impact_detected,true,shooter.over_current,false,turret.over_current,false
309.01336534,system.limelight_pose,position=(-3.459 -0.868 -0.000)m, orientation={yaw=2.730, pitch=0.000, roll=0.000},system.loop_hz,31.55814058803383,system.loop_avg_fps,23.297986783830627,system.loop_worst_fps,5.284545870358209,system.loop_1pct_low_fps,11.761411369364325,system.loop_0_1pct_low_fps,7.556675062972292,drive.heading_rad,-0.0,intake.over_current,0.0,intake.shooting,false,robot.shot_preset,close,robot.shooter_hood_luts_enabled,true,robot.slow_mode,false,robot.turret_forward_override,false,robot.hang_mode,false,shooter.running,true,shooter.busy,true,shooter.impact_detected,true,shooter.over_current,false,turret.over_current,false
309.215844152,system.limelight_pose,position=(-3.459 -0.868 -0.000)m, orientation={yaw=2.730, pitch=0.000, roll=0.000},system.loop_hz,20.082890120679846,system.loop_avg_fps,23.289793109243234,system.loop_worst_fps,5.284545870358209,system.loop_1pct_low_fps,11.761411369364325,system.loop_0_1pct_low_fps,7.556675062972292,drive.heading_rad,-0.0,intake.over_current,0.0,intake.shooting,false,robot.shot_preset,close,robot.shooter_hood_luts_enabled,true,robot.slow_mode,false,robot.turret_forward_override,false,robot.hang_mode,false,shooter.running,true,shooter.busy,true,shooter.impact_detected,true,shooter.over_current,false,turret.over_current,false
309.449991843,system.limelight_pose,position=(-3.459 -0.868 -0.000)m, orientation={yaw=2.730, pitch=0.000, roll=0.000},system.loop_hz,19.32983239140805,system.loop_avg_fps,23.273238110181744,system.loop_worst_fps,5.284545870358209,system.loop_1pct_low_fps,11.761411369364325,system.loop_0_1pct_low_fps,7.556675062972292,drive.heading_rad,-0.0,intake.over_current,0.0,intake.shooting,false,robot.shot_preset,close,robot.shooter_hood_luts_enabled,true,robot.slow_mode,false,robot.turret_forward_override,false,robot.hang_mode,false,shooter.running,true,shooter.busy,true,shooter.impact_detected,true,shooter.over_current,false,turret.over_current,false
309.65984953,system.limelight_pose,position=(-3.459 -0.868 -0.000)m, orientation={yaw=2.730, pitch=0.000, roll=0.000},system.loop_hz,25.023874653232077,system.loop_avg_fps,23.274555623693665,system.loop_worst_fps,5.284545870358209,system.loop_1pct_low_fps,11.761411369364325,system.loop_0_1pct_low_fps,7.556675062972292,drive.heading_rad,-0.0,intake.over_current,0.0,intake.shooting,false,robot.shot_preset,close,robot.shooter_hood_luts_enabled,true,robot.slow_mode,false,robot.turret_forward_override,false,robot.hang_mode,false,shooter.running,true,shooter.busy,true,shooter.impact_detected,true,shooter.over_current,false,turret.over_current,false
309.881587386,system.limelight_pose,position=(-3.459 -0.868 -0.000)m, orientation={yaw=2.730, pitch=0.000, roll=0.000},system.loop_hz,23.180430116588674,system.loop_avg_fps,23.27273223331175,system.loop_worst_fps,5.284545870358209,system.loop_1pct_low_fps,11.761411369364325,system.loop_0_1pct_low_fps,7.556675062972292,drive.heading_rad,-0.0,intake.over_current,0.0,intake.shooting,false,robot.shot_preset,close,robot.shooter_hood_luts_enabled,true,robot.slow_mode,false,robot.turret_forward_override,false,robot.hang_mode,false,shooter.running,true,shooter.busy,true,shooter.impact_detected,true,shooter.over_current,false,turret.over_current,false
310.127087036,system.limelight_pose,position=(-3.459 -0.868 -0.000)m, orientation={yaw=2.730, pitch=0.000, roll=0.000},system.loop_hz,20.947816642595544,system.loop_avg_fps,23.264667062614357,system.loop_worst_fps,5.284545870358209,system.loop_1pct_low_fps,11.758118701007838,system.loop_0_1pct_low_fps,7.556675062972292,drive.heading_rad,-0.0,intake.over_current,0.0,intake.shooting,false,robot.shot_preset,close,robot.shooter_hood_luts_enabled,true,robot.slow_mode,false,robot.turret_forward_override,false,robot.hang_mode,false,shooter.running,true,shooter.busy,true,shooter.impact_detected,true,shooter.over_current,false,turret.over_current,false
310.347921599,system.limelight_pose,position=(-3.459 -0.868 -0.000)m, orientation={yaw=2.730, pitch=0.000, roll=0.000},system.loop_hz,17.88685963856183,system.loop_avg_fps,23.25183860395538,system.loop_worst_fps,5.284545870358209,system.loop_1pct_low_fps,11.741682974559685,system.loop_0_1pct_low_fps,7.556675062972292,drive.heading_rad,-0.0,intake.over_current,0.0,intake.shooting,false,robot.shot_preset,close,robot.shooter_hood_luts_enabled,true,robot.slow_mode,false,robot.turret_forward_override,false,robot.hang_mode,false,shooter.running,true,shooter.busy,true,shooter.impact_detected,true,shooter.over_current,false,turret.over_current,false
310.581245915,system.limelight_pose,position=(-3.459 -0.868 -0.000)m, orientation={yaw=2.730, pitch=0.000, roll=0.000},system.loop_hz,28.13809863665259,system.loop_avg_fps,23.247056263425623,system.loop_worst_fps,5.284545870358209,system.loop_1pct_low_fps,11.741682974559685,system.loop_0_1pct_low_fps,7.556675062972292,drive.heading_rad,-0.0,intake.over_current,0.0,intake.shooting,false,robot.shot_preset,close,robot.shooter_hood_luts_enabled,true,robot.slow_mode,false,robot.turret_forward_override,false,robot.hang_mode,false,shooter.running,true,shooter.busy,true,shooter.impact_detected,true,shooter.over_current,false,turret.over_current,false
310.809207646,system.limelight_pose,position=(-3.459 -0.868 -0.000)m, orientation={yaw=2.730, pitch=0.000, roll=0.000},system.loop_hz,20.64148364379068,system.loop_avg_fps,23.243697154465018,system.loop_worst_fps,5.284545870358209,system.loop_1pct_low_fps,11.741682974559685,system.loop_0_1pct_low_fps,7.556675062972292,drive.heading_rad,-0.0,intake.over_current,0.0,intake.shooting,false,robot.shot_preset,close,robot.shooter_hood_luts_enabled,true,robot.slow_mode,false,robot.turret_forward_override,false,robot.hang_mode,false,shooter.running,true,shooter.busy,true,shooter.impact_detected,true,shooter.over_current,false,turret.over_current,false
311.013865791,system.limelight_pose,position=(-3.459 -0.868 -0.000)m, orientation={yaw=2.730, pitch=0.000, roll=0.000},system.loop_hz,41.3424556840274,system.loop_avg_fps,23.257609055475715,system.loop_worst_fps,5.284545870358209,system.loop_1pct_low_fps,11.741682974559685,system.loop_0_1pct_low_fps,7.556675062972292,drive.heading_rad,-0.0,intake.over_current,0.0,intake.shooting,false,robot.shot_preset,close,robot.shooter_hood_luts_enabled,true,robot.slow_mode,false,robot.turret_forward_override,false,robot.hang_mode,false,shooter.running,true,shooter.busy,true,shooter.impact_detected,true,shooter.over_current,false,turret.over_current,false
311.241239814,system.limelight_pose,position=(-3.459 -0.868 -0.000)m, orientation={yaw=2.730, pitch=0.000, roll=0.000},system.loop_hz,18.13838038847388,system.loop_avg_fps,23.254391887541843,system.loop_worst_fps,5.284545870358209,system.loop_1pct_low_fps,11.741682974559685,system.loop_0_1pct_low_fps,7.556675062972292,drive.heading_rad,-0.0,intake.over_current,0.0,intake.shooting,false,robot.shot_preset,close,robot.shooter_hood_luts_enabled,true,robot.slow_mode,false,robot.turret_forward_override,false,robot.hang_mode,false,shooter.running,true,shooter.busy,false,shooter.impact_detected,false,shooter.over_current,false,turret.over_current,false
311.465103045,system.limelight_pose,position=(-3.459 -0.868 -0.000)m, orientation={yaw=2.730, pitch=0.000, roll=0.000},system.loop_hz,21.639008623546612,system.loop_avg_fps,23.252100048945533,system.loop_worst_fps,5.284545870358209,system.loop_1pct_low_fps,11.741682974559685,system.loop_0_1pct_low_fps,7.556675062972292,drive.heading_rad,-0.0,intake.over_current,0.0,intake.shooting,false,robot.shot_preset,close,robot.shooter_hood_luts_enabled,true,robot.slow_mode,false,robot.turret_forward_override,false,robot.hang_mode,false,shooter.running,true,shooter.busy,false,shooter.impact_detected,false,shooter.over_current,false,turret.over_current,false
311.696490985,system.limelight_pose,position=(-3.459 -0.868 -0.000)m, orientation={yaw=2.730, pitch=0.000, roll=0.000},system.loop_hz,20.92940278030827,system.loop_avg_fps,23.247876382639507,system.loop_worst_fps,5.284545870358209,system.loop_1pct_low_fps,11.741682974559685,system.loop_0_1pct_low_fps,7.556675062972292,drive.heading_rad,-0.0,intake.over_current,0.0,intake.shooting,false,robot.shot_preset,close,robot.shooter_hood_luts_enabled,true,robot.slow_mode,false,robot.turret_forward_override,false,robot.hang_mode,false,shooter.running,true,shooter.busy,false,shooter.impact_detected,false,shooter.over_current,false,turret.over_current,false
311.925885966,system.limelight_pose,position=(-3.459 -0.868 -0.000)m, orientation={yaw=2.730, pitch=0.000, roll=0.000},system.loop_hz,29.79397229805475,system.loop_avg_fps,23.25526681379869,system.loop_worst_fps,5.284545870358209,system.loop_1pct_low_fps,11.741682974559685,system.loop_0_1pct_low_fps,7.556675062972292,drive.heading_rad,-0.0,intake.over_current,0.0,intake.shooting,false,robot.shot_preset,close,robot.shooter_hood_luts_enabled,true,robot.slow_mode,false,robot.turret_forward_override,false,robot.hang_mode,false,shooter.running,true,shooter.busy,false,shooter.impact_detected,true,shooter.over_current,false,turret.over_current,false
312.161772282,system.limelight_pose,position=(-3.459 -0.868 -0.000)m, orientation={yaw=2.730, pitch=0.000, roll=0.000},system.loop_hz,18.805031985845698,system.loop_avg_fps,23.249900780719667,system.loop_worst_fps,5.284545870358209,system.loop_1pct_low_fps,11.827956989247312,system.loop_0_1pct_low_fps,7.556675062972292,drive.heading_rad,-0.0,intake.over_current,0.0,intake.shooting,false,robot.shot_preset,close,robot.shooter_hood_luts_enabled,true,robot.slow_mode,false,robot.turret_forward_override,false,robot.hang_mode,false,shooter.running,true,shooter.busy,false,shooter.impact_detected,true,shooter.over_current,false,turret.over_current,false
312.389320721,system.limelight_pose,position=(-3.459 -0.868 -0.000)m, orientation={yaw=2.730, pitch=0.000, roll=0.000},system.loop_hz,26.04604497972182,system.loop_avg_fps,23.246698946081644,system.loop_worst_fps,5.284545870358209,system.loop_1pct_low_fps,11.827956989247312,system.loop_0_1pct_low_fps,7.556675062972292,drive.heading_rad,-0.0,intake.over_current,0.0,intake.shooting,false,robot.shot_preset,close,robot.shooter_hood_luts_enabled,true,robot.slow_mode,false,robot.turret_forward_override,false,robot.hang_mode,false,shooter.running,true,shooter.busy,false,shooter.impact_detected,false,shooter.over_current,false,turret.over_current,false
312.592533367,system.limelight_pose,position=(-3.459 -0.868 -0.000)m, orientation={yaw=2.730, pitch=0.000, roll=0.000},system.loop_hz,17.53350165612487,system.loop_avg_fps,23.2387361518572,system.loop_worst_fps,5.284545870358209,system.loop_1pct_low_fps,11.827956989247312,system.loop_0_1pct_low_fps,7.556675062972292,drive.heading_rad,-0.0,intake.over_current,0.0,intake.shooting,true,robot.shot_preset,close,robot.shooter_hood_luts_enabled,true,robot.slow_mode,false,robot.turret_forward_override,false,robot.hang_mode,false,shooter.running,true,shooter.busy,false,shooter.impact_detected,false,shooter.over_current,false,turret.over_current,false
312.822739473,system.limelight_pose,position=(-3.459 -0.868 -0.000)m, orientation={yaw=2.730, pitch=0.000, roll=0.000},system.loop_hz,18.38592805785404,system.loop_avg_fps,23.23489988166122,system.loop_worst_fps,5.284545870358209,system.loop_1pct_low_fps,11.827956989247312,system.loop_0_1pct_low_fps,7.556675062972292,drive.heading_rad,-0.0,intake.over_current,0.0,intake.shooting,true,robot.shot_preset,close,robot.shooter_hood_luts_enabled,true,robot.slow_mode,false,robot.turret_forward_override,false,robot.hang_mode,false,shooter.running,true,shooter.busy,false,shooter.impact_detected,true,shooter.over_current,false,turret.over_current,false
313.040927162,system.limelight_pose,position=(-3.459 -0.868 -0.000)m, orientation={yaw=2.730, pitch=0.000, roll=0.000},system.loop_hz,26.601166083411613,system.loop_avg_fps,23.234138516459836,system.loop_worst_fps,5.284545870358209,system.loop_1pct_low_fps,11.827956989247312,system.loop_0_1pct_low_fps,7.556675062972292,drive.heading_rad,-0.0,intake.over_current,0.0,intake.shooting,true,robot.shot_preset,close,robot.shooter_hood_luts_enabled,true,robot.slow_mode,false,robot.turret_forward_override,false,robot.hang_mode,false,shooter.running,true,shooter.busy,true,shooter.impact_detected,true,shooter.over_current,false,turret.over_current,false
313.273617977,system.limelight_pose,position=(-3.459 -0.868 -0.000)m, orientation={yaw=2.730, pitch=0.000, roll=0.000},system.loop_hz,19.841841868956006,system.loop_avg_fps,23.240618701477597,system.loop_worst_fps,5.284545870358209,system.loop_1pct_low_fps,11.827956989247312,system.loop_0_1pct_low_fps,7.556675062972292,drive.heading_rad,-0.0,intake.over_current,0.0,intake.shooting,true,robot.shot_preset,close,robot.shooter_hood_luts_enabled,true,robot.slow_mode,false,robot.turret_forward_override,false,robot.hang_mode,false,shooter.running,true,shooter.busy,true,shooter.impact_detected,true,shooter.over_current,false,turret.over_current,false
313.482204581,system.limelight_pose,position=(-3.459 -0.868 -0.000)m, orientation={yaw=2.730, pitch=0.000, roll=0.000},system.loop_hz,29.916679057121115,system.loop_avg_fps,23.24227766283144,system.loop_worst_fps,5.284545870358209,system.loop_1pct_low_fps,11.827956989247312,system.loop_0_1pct_low_fps,7.556675062972292,drive.heading_rad,-0.0,intake.over_current,0.0,intake.shooting,true,robot.shot_preset,close,robot.shooter_hood_luts_enabled,true,robot.slow_mode,false,robot.turret_forward_override,false,robot.hang_mode,false,shooter.running,true,shooter.busy,false,shooter.impact_detected,false,shooter.over_current,false,turret.over_current,false
313.714163896,system.limelight_pose,position=(-3.459 -0.868 -0.000)m, orientation={yaw=2.730, pitch=0.000, roll=0.000},system.loop_hz,21.41237617786058,system.loop_avg_fps,23.238026996332266,system.loop_worst_fps,5.284545870358209,system.loop_1pct_low_fps,11.827956989247312,system.loop_0_1pct_low_fps,7.556675062972292,drive.heading_rad,-0.0,intake.over_current,0.0,intake.shooting,true,robot.shot_preset,close,robot.shooter_hood_luts_enabled,true,robot.slow_mode,false,robot.turret_forward_override,false,robot.hang_mode,false,shooter.running,true,shooter.busy,true,shooter.impact_detected,false,shooter.over_current,false,turret.over_current,false
313.917077,system.limelight_pose,position=(-3.459 -0.868 -0.000)m, orientation={yaw=2.730, pitch=0.000, roll=0.000},system.loop_hz,39.92978586734837,system.loop_avg_fps,23.2411131626255,system.loop_worst_fps,5.284545870358209,system.loop_1pct_low_fps,11.827956989247312,system.loop_0_1pct_low_fps,7.556675062972292,drive.heading_rad,-0.0,intake.over_current,0.0,intake.shooting,false,robot.shot_preset,close,robot.shooter_hood_luts_enabled,true,robot.slow_mode,false,robot.turret_forward_override,false,robot.hang_mode,false,shooter.running,true,shooter.busy,true,shooter.impact_detected,false,shooter.over_current,false,turret.over_current,false
314.143835606,system.limelight_pose,position=(-3.459 -0.868 -0.000)m, orientation={yaw=2.730, pitch=0.000, roll=0.000},system.loop_hz,14.156125272594346,system.loop_avg_fps,23.227378705217326,system.loop_worst_fps,5.284545870358209,system.loop_1pct_low_fps,11.804158283031523,system.loop_0_1pct_low_fps,7.556675062972292,drive.heading_rad,-0.0,intake.over_current,0.0,intake.shooting,false,robot.shot_preset,close,robot.shooter_hood_luts_enabled,true,robot.slow_mode,false,robot.turret_forward_override,false,robot.hang_mode,false,shooter.running,true,shooter.busy,false,shooter.impact_detected,false,shooter.over_current,false,turret.over_current,false
314.346823668,system.limelight_pose,position=(-3.459 -0.868 -0.000)m, orientation={yaw=2.730, pitch=0.000, roll=0.000},system.loop_hz,21.265621326697715,system.loop_avg_fps,23.21966528143196,system.loop_worst_fps,5.284545870358209,system.loop_1pct_low_fps,11.804158283031523,system.loop_0_1pct_low_fps,7.556675062972292,drive.heading_rad,-0.0,intake.over_current,0.0,intake.shooting,false,robot.shot_preset,close,robot.shooter_hood_luts_enabled,true,robot.slow_mode,false,robot.turret_forward_override,false,robot.hang_mode,false,shooter.running,true,shooter.busy,false,shooter.impact_detected,false,shooter.over_current,false,turret.over_current,false
314.601142735,system.limelight_pose,position=(-3.459 -0.868 -0.000)m, orientation={yaw=2.730, pitch=0.000, roll=0.000},system.loop_hz,16.92419480520818,system.loop_avg_fps,23.20992503667493,system.loop_worst_fps,5.284545870358209,system.loop_1pct_low_fps,11.804158283031523,system.loop_0_1pct_low_fps,7.556675062972292,drive.heading_rad,-0.0,intake.over_current,0.0,intake.shooting,false,robot.shot_preset,close,robot.shooter_hood_luts_enabled,true,robot.slow_mode,false,robot.turret_forward_override,false,robot.hang_mode,false,shooter.running,true,shooter.busy,false,shooter.impact_detected,false,shooter.over_current,false,turret.over_current,false
314.839263217,system.limelight_pose,position=(-3.459 -0.868 -0.000)m, orientation={yaw=2.730, pitch=0.000, roll=0.000},system.loop_hz,26.14595293202086,system.loop_avg_fps,23.2042714529188,system.loop_worst_fps,5.284545870358209,system.loop_1pct_low_fps,11.804158283031523,system.loop_0_1pct_low_fps,7.556675062972292,drive.heading_rad,-0.0,intake.over_current,0.0,intake.shooting,false,robot.shot_preset,close,robot.shooter_hood_luts_enabled,true,robot.slow_mode,false,robot.turret_forward_override,false,robot.hang_mode,false,shooter.running,true,shooter.busy,true,shooter.impact_detected,false,shooter.over_current,false,turret.over_current,false
315.063176323,system.limelight_pose,position=(-3.459 -0.868 -0.000)m, orientation={yaw=2.730, pitch=0.000, roll=0.000},system.loop_hz,24.49154331499662,system.loop_avg_fps,23.202175649821548,system.loop_worst_fps,5.284545870358209,system.loop_1pct_low_fps,11.804158283031523,system.loop_0_1pct_low_fps,7.556675062972292,drive.heading_rad,-0.0,intake.over_current,0.0,intake.shooting,false,robot.shot_preset,close,robot.shooter_hood_luts_enabled,true,robot.slow_mode,false,robot.turret_forward_override,false,robot.hang_mode,false,shooter.running,true,shooter.busy,true,shooter.impact_detected,false,shooter.over_current,false,turret.over_current,false
315.295942972,system.limelight_pose,position=(-3.459 -0.868 -0.000)m, orientation={yaw=2.730, pitch=0.000, roll=0.000},system.loop_hz,24.969201738140907,system.loop_avg_fps,23.197896079358188,system.loop_worst_fps,5.284545870358209,system.loop_1pct_low_fps,11.804158283031523,system.loop_0_1pct_low_fps,7.556675062972292,drive.heading_rad,-0.0,intake.over_current,0.0,intake.shooting,false,robot.shot_preset,close,robot.shooter_hood_luts_enabled,true,robot.slow_mode,false,robot.turret_forward_override,false,robot.hang_mode,false,shooter.running,true,shooter.busy,true,shooter.impact_detected,false,shooter.over_current,false,turret.over_current,false
315.519356161,system.limelight_pose,position=(-3.459 -0.868 -0.000)m, orientation={yaw=2.730, pitch=0.000, roll=0.000},system.loop_hz,20.560652392785244,system.loop_avg_fps,23.195949239809753,system.loop_worst_fps,5.284545870358209,system.loop_1pct_low_fps,11.804158283031523,system.loop_0_1pct_low_fps,7.556675062972292,drive.heading_rad,-0.0,intake.over_current,0.0,intake.shooting,false,robot.shot_preset,close,robot.shooter_hood_luts_enabled,true,robot.slow_mode,false,robot.turret_forward_override,false,robot.hang_mode,false,shooter.running,true,shooter.busy,true,shooter.impact_detected,false,shooter.over_current,false,turret.over_current,false
315.76383206,system.limelight_pose,position=(-3.459 -0.868 -0.000)m, orientation={yaw=2.730, pitch=0.000, roll=0.000},system.loop_hz,18.151440261417427,system.loop_avg_fps,23.188819894057936,system.loop_worst_fps,5.284545870358209,system.loop_1pct_low_fps,11.804158283031523,system.loop_0_1pct_low_fps,7.556675062972292,drive.heading_rad,-0.0,intake.over_current,0.0,intake.shooting,false,robot.shot_preset,close,robot.shooter_hood_luts_enabled,true,robot.slow_mode,false,robot.turret_forward_override,false,robot.hang_mode,false,shooter.running,true,shooter.busy,true,shooter.impact_detected,false,shooter.over_current,false,turret.over_current,false
315.984489874,system.limelight_pose,position=(-3.459 -0.868 -0.000)m, orientation={yaw=2.730, pitch=0.000, roll=0.000},system.loop_hz,25.367885069274443,system.loop_avg_fps,23.187581587005397,system.loop_worst_fps,5.284545870358209,system.loop_1pct_low_fps,11.804158283031523,system.loop_0_1pct_low_fps,7.556675062972292,drive.heading_rad,-0.0,intake.over_current,0.0,intake.shooting,false,robot.shot_preset,close,robot.shooter_hood_luts_enabled,true,robot.slow_mode,false,robot.turret_forward_override,false,robot.hang_mode,false,shooter.running,true,shooter.busy,true,shooter.impact_detected,false,shooter.over_current,false,turret.over_current,false
316.185908478,system.limelight_pose,position=(-3.459 -0.868 -0.000)m, orientation={yaw=2.730, pitch=0.000, roll=0.000},system.loop_hz,14.637875643754056,system.loop_avg_fps,23.180488735012073,system.loop_worst_fps,5.284545870358209,system.loop_1pct_low_fps,11.804158283031523,system.loop_0_1pct_low_fps,7.556675062972292,drive.heading_rad,-0.0,intake.over_current,0.0,intake.shooting,false,robot.shot_preset,close,robot.shooter_hood_luts_enabled,true,robot.slow_mode,false,robot.turret_forward_override,false,robot.hang_mode,false,shooter.running,true,shooter.busy,true,shooter.impact_detected,false,shooter.over_current,false,turret.over_current,false
316.422412251,system.limelight_pose,position=(-3.459 -0.868 -0.000)m, orientation={yaw=2.730, pitch=0.000, roll=0.000},system.loop_hz,18.115284037233355,system.loop_avg_fps,23.16484562508927,system.loop_worst_fps,5.284545870358209,system.loop_1pct_low_fps,11.804158283031523,system.loop_0_1pct_low_fps,7.556675062972292,drive.heading_rad,-0.0,intake.over_current,0.0,intake.shooting,false,robot.shot_preset,close,robot.shooter_hood_luts_enabled,true,robot.slow_mode,false,robot.turret_forward_override,false,robot.hang_mode,false,shooter.running,true,shooter.busy,true,shooter.impact_detected,false,shooter.over_current,false,turret.over_current,false
316.647483274,system.limelight_pose,position=(-3.459 -0.868 -0.000)m, orientation={yaw=2.730, pitch=0.000, roll=0.000},system.loop_hz,24.94994168448179,system.loop_avg_fps,23.16259532102128,system.loop_worst_fps,5.284545870358209,system.loop_1pct_low_fps,11.804158283031523,system.loop_0_1pct_low_fps,7.556675062972292,drive.heading_rad,-0.0,intake.over_current,0.0,intake.shooting,false,robot.shot_preset,close,robot.shooter_hood_luts_enabled,true,robot.slow_mode,false,robot.turret_forward_override,false,robot.hang_mode,false,shooter.running,true,shooter.busy,true,shooter.impact_detected,false,shooter.over_current,false,turret.over_current,false
316.867143296,system.limelight_pose,position=(-3.459 -0.868 -0.000)m, orientation={yaw=2.730, pitch=0.000, roll=0.000},system.loop_hz,20.993093838949576,system.loop_avg_fps,23.15116788566862,system.loop_worst_fps,5.284545870358209,system.loop_1pct_low_fps,11.884769409636997,system.loop_0_1pct_low_fps,7.556675062972292,drive.heading_rad,-0.0,intake.over_current,0.0,intake.shooting,false,robot.shot_preset,close,robot.shooter_hood_luts_enabled,true,robot.slow_mode,false,robot.turret_forward_override,false,robot.hang_mode,false,shooter.running,true,shooter.busy,true,shooter.impact_detected,false,shooter.over_current,false,turret.over_current,false
317.084293526,system.limelight_pose,position=(-3.459 -0.868 -0.000)m, orientation={yaw=2.730, pitch=0.000, roll=0.000},system.loop_hz,17.408332421717645,system.loop_avg_fps,23.15088196932986,system.loop_worst_fps,5.284545870358209,system.loop_1pct_low_fps,11.884769409636997,system.loop_0_1pct_low_fps,7.556675062972292,drive.heading_rad,-0.0,intake.over_current,0.0,intake.shooting,false,robot.shot_preset,close,robot.shooter_hood_luts_enabled,true,robot.slow_mode,false,robot.turret_forward_override,false,robot.hang_mode,false,shooter.running,true,shooter.busy,true,shooter.impact_detected,false,shooter.over_current,false,turret.over_current,false
317.28948338,system.limelight_pose,position=(-3.459 -0.868 -0.000)m, orientation={yaw=2.730, pitch=0.000, roll=0.000},system.loop_hz,29.37205972831507,system.loop_avg_fps,23.15349300053966,system.loop_worst_fps,5.284545870358209,system.loop_1pct_low_fps,11.884769409636997,system.loop_0_1pct_low_fps,7.556675062972292,drive.heading_rad,-0.0,intake.over_current,0.0,intake.shooting,false,robot.shot_preset,close,robot.shooter_hood_luts_enabled,true,robot.slow_mode,false,robot.turret_forward_override,false,robot.hang_mode,false,shooter.running,true,shooter.busy,true,shooter.impact_detected,false,shooter.over_current,false,turret.over_current,false
317.521656779,system.limelight_pose,position=(-3.459 -0.868 -0.000)m, orientation={yaw=2.730, pitch=0.000, roll=0.000},system.loop_hz,17.24520566468315,system.loop_avg_fps,23.149574315205488,system.loop_worst_fps,5.284545870358209,system.loop_1pct_low_fps,11.884769409636997,system.loop_0_1pct_low_fps,7.556675062972292,drive.heading_rad,-0.0,intake.over_current,0.0,intake.shooting,false,robot.shot_preset,close,robot.shooter_hood_luts_enabled,true,robot.slow_mode,false,robot.turret_forward_override,false,robot.hang_mode,false,shooter.running,true,shooter.busy,true,shooter.impact_detected,false,shooter.over_current,false,turret.over_current,false
317.733221883,system.limelight_pose,position=(-3.459 -0.868 -0.000)m, orientation={yaw=2.730, pitch=0.000, roll=0.000},system.loop_hz,24.474234700465928,system.loop_avg_fps,23.150639805731945,system.loop_worst_fps,5.284545870358209,system.loop_1pct_low_fps,11.884769409636997,system.loop_0_1pct_low_fps,7.556675062972292,drive.heading_rad,-0.0,intake.over_current,0.0,intake.shooting,false,robot.shot_preset,close,robot.shooter_hood_luts_enabled,true,robot.slow_mode,false,robot.turret_forward_override,false,robot.hang_mode,false,shooter.running,true,shooter.busy,true,shooter.impact_detected,false,shooter.over_current,false,turret.over_current,false
317.935154112,system.limelight_pose,position=(-3.459 -0.868 -0.000)m, orientation={yaw=2.730, pitch=0.000, roll=0.000},system.loop_hz,32.52111522838169,system.loop_avg_fps,23.14362960968504,system.loop_worst_fps,5.284545870358209,system.loop_1pct_low_fps,11.884769409636997,system.loop_0_1pct_low_fps,7.556675062972292,drive.heading_rad,-0.0,intake.over_current,0.0,intake.shooting,false,robot.shot_preset,close,robot.shooter_hood_luts_enabled,true,robot.slow_mode,false,robot.turret_forward_override,false,robot.hang_mode,false,shooter.running,true,shooter.busy,true,shooter.impact_detected,false,shooter.over_current,false,turret.over_current,false
318.142751966,system.limelight_pose,position=(-3.459 -0.868 -0.000)m, orientation={yaw=2.730, pitch=0.000, roll=0.000},system.loop_hz,26.79869203090437,system.loop_avg_fps,23.156020590747996,system.loop_worst_fps,5.284545870358209,system.loop_1pct_low_fps,11.884769409636997,system.loop_0_1pct_low_fps,7.556675062972292,drive.heading_rad,-0.0,intake.over_current,0.0,intake.shooting,false,robot.shot_preset,close,robot.shooter_hood_luts_enabled,true,robot.slow_mode,false,robot.turret_forward_override,false,robot.hang_mode,false,shooter.running,true,shooter.busy,true,shooter.impact_detected,false,shooter.over_current,false,turret.over_current,false
318.370490281,system.limelight_pose,position=(-3.459 -0.868 -0.000)m, orientation={yaw=2.730, pitch=0.000, roll=0.000},system.loop_hz,14.028064039903331,system.loop_avg_fps,23.153192229137268,system.loop_worst_fps,5.284545870358209,system.loop_1pct_low_fps,11.884769409636997,system.loop_0_1pct_low_fps,7.556675062972292,drive.heading_rad,-0.0,intake.over_current,0.0,intake.shooting,false,robot.shot_preset,close,robot.shooter_hood_luts_enabled,true,robot.slow_mode,false,robot.turret_forward_override,false,robot.hang_mode,false,shooter.running,true,shooter.busy,true,shooter.impact_detected,false,shooter.over_current,false,turret.over_current,false
318.599745845,system.limelight_pose,position=(-3.459 -0.868 -0.000)m, orientation={yaw=2.730, pitch=0.000, roll=0.000},system.loop_hz,22.82624941987863,system.loop_avg_fps,23.15001479528485,system.loop_worst_fps,5.284545870358209,system.loop_1pct_low_fps,11.884769409636997,system.loop_0_1pct_low_fps,7.556675062972292,drive.heading_rad,-0.0,intake.over_current,0.0,intake.shooting,false,robot.shot_preset,close,robot.shooter_hood_luts_enabled,true,robot.slow_mode,false,robot.turret_forward_override,false,robot.hang_mode,false,shooter.running,true,shooter.busy,true,shooter.impact_detected,false,shooter.over_current,false,turret.over_current,false
318.802257616,system.limelight_pose,position=(-3.459 -0.868 -0.000)m, orientation={yaw=2.730, pitch=0.000, roll=0.000},system.loop_hz,15.406330726284624,system.loop_avg_fps,23.14293035623796,system.loop_worst_fps,5.284545870358209,system.loop_1pct_low_fps,11.884769409636997,system.loop_0_1pct_low_fps,7.556675062972292,drive.heading_rad,-0.0,intake.over_current,0.0,intake.shooting,false,robot.shot_preset,close,robot.shooter_hood_luts_enabled,true,robot.slow_mode,false,robot.turret_forward_override,false,robot.hang_mode,false,shooter.running,true,shooter.busy,true,shooter.impact_detected,false,shooter.over_current,false,turret.over_current,false
319.015416387,system.limelight_pose,position=(-3.459 -0.868 -0.000)m, orientation={yaw=2.730, pitch=0.000, roll=0.000},system.loop_hz,21.384597059665587,system.loop_avg_fps,23.13334503015248,system.loop_worst_fps,5.284545870358209,system.loop_1pct_low_fps,11.884769409636997,system.loop_0_1pct_low_fps,7.556675062972292,drive.heading_rad,-0.0,intake.over_current,0.0,intake.shooting,false,robot.shot_preset,close,robot.shooter_hood_luts_enabled,true,robot.slow_mode,false,robot.turret_forward_override,false,robot.hang_mode,false,shooter.running,true,shooter.busy,true,shooter.impact_detected,false,shooter.over_current,false,turret.over_current,false
319.246287785,system.limelight_pose,position=(-3.459 -0.868 -0.000)m, orientation={yaw=2.730, pitch=0.000, roll=0.000},system.loop_hz,25.45093003424923,system.loop_avg_fps,23.129852210256928,system.loop_worst_fps,5.284545870358209,system.loop_1pct_low_fps,11.884769409636997,system.loop_0_1pct_low_fps,7.556675062972292,drive.heading_rad,-0.0,intake.over_current,0.0,intake.shooting,false,robot.shot_preset,close,robot.shooter_hood_luts_enabled,true,robot.slow_mode,false,robot.turret_forward_override,false,robot.hang_mode,false,shooter.running,true,shooter.busy,true,shooter.impact_detected,false,shooter.over_current,false,turret.over_current,false
319.482890142,system.limelight_pose,position=(-3.459 -0.868 -0.000)m, orientation={yaw=2.730, pitch=0.000, roll=0.000},system.loop_hz,24.690136320191854,system.loop_avg_fps,23.135244188679884,system.loop_worst_fps,5.284545870358209,system.loop_1pct_low_fps,11.884769409636997,system.loop_0_1pct_low_fps,7.556675062972292,drive.heading_rad,-0.0,intake.over_current,0.0,intake.shooting,false,robot.shot_preset,close,robot.shooter_hood_luts_enabled,true,robot.slow_mode,false,robot.turret_forward_override,false,robot.hang_mode,false,shooter.running,true,shooter.busy,true,shooter.impact_detected,false,shooter.over_current,false,turret.over_current,false
319.716438749,system.limelight_pose,position=(-3.459 -0.868 -0.000)m, orientation={yaw=2.730, pitch=0.000, roll=0.000},system.loop_hz,24.257613330775047,system.loop_avg_fps,23.131131946110138,system.loop_worst_fps,5.284545870358209,system.loop_1pct_low_fps,11.884769409636997,system.loop_0_1pct_low_fps,7.556675062972292,drive.heading_rad,-0.0,intake.over_current,0.0,intake.shooting,false,robot.shot_preset,close,robot.shooter_hood_luts_enabled,true,robot.slow_mode,false,robot.turret_forward_override,false,robot.hang_mode,false,shooter.running,true,shooter.busy,true,shooter.impact_detected,false,shooter.over_current,false,turret.over_current,false
319.936869938,system.limelight_pose,position=(-3.459 -0.868 -0.000)m, orientation={yaw=2.730, pitch=0.000, roll=0.000},system.loop_hz,19.83805324265754,system.loop_avg_fps,23.130126320693513,system.loop_worst_fps,5.284545870358209,system.loop_1pct_low_fps,11.884769409636997,system.loop_0_1pct_low_fps,7.556675062972292,drive.heading_rad,-0.0,intake.over_current,0.0,intake.shooting,false,robot.shot_preset,close,robot.shooter_hood_luts_enabled,true,robot.slow_mode,false,robot.turret_forward_override,false,robot.hang_mode,false,shooter.running,true,shooter.busy,true,shooter.impact_detected,false,shooter.over_current,false,turret.over_current,false
320.176188879,system.limelight_pose,position=(-3.459 -0.868 -0.000)m, orientation={yaw=2.730, pitch=0.000, roll=0.000},system.loop_hz,20.678208429281554,system.loop_avg_fps,23.134841835548507,system.loop_worst_fps,5.284545870358209,system.loop_1pct_low_fps,11.884769409636997,system.loop_0_1pct_low_fps,7.556675062972292,drive.heading_rad,-0.0,intake.over_current,0.0,intake.shooting,false,robot.shot_preset,close,robot.shooter_hood_luts_enabled,true,robot.slow_mode,false,robot.turret_forward_override,false,robot.hang_mode,false,shooter.running,true,shooter.busy,true,shooter.impact_detected,false,shooter.over_current,false,turret.over_current,false
320.429584529,system.limelight_pose,position=(-3.459 -0.868 -0.000)m, orientation={yaw=2.730, pitch=0.000, roll=0.000},system.loop_hz,14.40963571186909,system.loop_avg_fps,23.126111138446912,system.loop_worst_fps,5.284545870358209,system.loop_1pct_low_fps,11.884769409636997,system.loop_0_1pct_low_fps,7.556675062972292,drive.heading_rad,-0.0,intake.over_current,0.0,intake.shooting,false,robot.shot_preset,close,robot.shooter_hood_luts_enabled,true,robot.slow_mode,false,robot.turret_forward_override,false,robot.hang_mode,false,shooter.running,true,shooter.busy,true,shooter.impact_detected,false,shooter.over_current,false,turret.over_current,false
320.680467179,system.limelight_pose,position=(-3.459 -0.868 -0.000)m, orientation={yaw=2.730, pitch=0.000, roll=0.000},system.loop_hz,17.734477592559394,system.loop_avg_fps,23.118011855133414,system.loop_worst_fps,5.284545870358209,system.loop_1pct_low_fps,11.884769409636997,system.loop_0_1pct_low_fps,7.556675062972292,drive.heading_rad,-0.0,intake.over_current,0.0,intake.shooting,false,robot.shot_preset,close,robot.shooter_hood_luts_enabled,true,robot.slow_mode,false,robot.turret_forward_override,false,robot.hang_mode,false,shooter.running,true,shooter.busy,true,shooter.impact_detected,false,shooter.over_current,false,turret.over_current,false
320.944415331,system.limelight_pose,position=(-3.459 -0.868 -0.000)m, orientation={yaw=2.730, pitch=0.000, roll=0.000},system.loop_hz,14.809282724981474,system.loop_avg_fps,23.116984871677353,system.loop_worst_fps,5.284545870358209,system.loop_1pct_low_fps,11.884769409636997,system.loop_0_1pct_low_fps,7.556675062972292,drive.heading_rad,-0.0,intake.over_current,0.0,intake.shooting,false,robot.shot_preset,close,robot.shooter_hood_luts_enabled,true,robot.slow_mode,false,robot.turret_forward_override,false,robot.hang_mode,false,shooter.running,true,shooter.busy,true,shooter.impact_detected,false,shooter.over_current,false,turret.over_current,false
321.16819777,system.limelight_pose,position=(-3.459 -0.868 -0.000)m, orientation={yaw=2.730, pitch=0.000, roll=0.000},system.loop_hz,20.42676412684562,system.loop_avg_fps,23.115244441940497,system.loop_worst_fps,5.284545870358209,system.loop_1pct_low_fps,11.884769409636997,system.loop_0_1pct_low_fps,7.556675062972292,drive.heading_rad,-0.0,intake.over_current,0.0,intake.shooting,false,robot.shot_preset,close,robot.shooter_hood_luts_enabled,true,robot.slow_mode,false,robot.turret_forward_override,false,robot.hang_mode,false,shooter.running,true,shooter.busy,true,shooter.impact_detected,false,shooter.over_current,false,turret.over_current,false
321.397101585,system.limelight_pose,position=(-3.459 -0.868 -0.000)m, orientation={yaw=2.730, pitch=0.000, roll=0.000},system.loop_hz,28.779356130416634,system.loop_avg_fps,23.12235193168387,system.loop_worst_fps,5.284545870358209,system.loop_1pct_low_fps,11.959636227731407,system.loop_0_1pct_low_fps,7.556675062972292,drive.heading_rad,-0.0,intake.over_current,0.0,intake.shooting,false,robot.shot_preset,close,robot.shooter_hood_luts_enabled,true,robot.slow_mode,false,robot.turret_forward_override,false,robot.hang_mode,false,shooter.running,true,shooter.busy,true,shooter.impact_detected,false,shooter.over_current,false,turret.over_current,false
321.620401607,system.limelight_pose,position=(-3.459 -0.868 -0.000)m, orientation={yaw=2.730, pitch=0.000, roll=0.000},system.loop_hz,16.370417228561728,system.loop_avg_fps,23.11071431943963,system.loop_worst_fps,5.284545870358209,system.loop_1pct_low_fps,11.959636227731407,system.loop_0_1pct_low_fps,7.556675062972292,drive.heading_rad,-0.0,intake.over_current,0.0,intake.shooting,false,robot.shot_preset,close,robot.shooter_hood_luts_enabled,true,robot.slow_mode,false,robot.turret_forward_override,false,robot.hang_mode,false,shooter.running,true,shooter.busy,true,shooter.impact_detected,true,shooter.over_current,false,turret.over_current,false
321.835187295,system.limelight_pose,position=(-3.459 -0.868 -0.000)m, orientation={yaw=2.730, pitch=0.000, roll=0.000},system.loop_hz,21.18428813885021,system.loop_avg_fps,23.10109201903251,system.loop_worst_fps,5.284545870358209,system.loop_1pct_low_fps,11.959636227731407,system.loop_0_1pct_low_fps,7.556675062972292,drive.heading_rad,-0.0,intake.over_current,0.0,intake.shooting,false,robot.shot_preset,close,robot.shooter_hood_luts_enabled,true,robot.slow_mode,false,robot.turret_forward_override,false,robot.hang_mode,false,shooter.running,true,shooter.busy,true,shooter.impact_detected,true,shooter.over_current,false,turret.over_current,false
322.035647482,system.limelight_pose,position=(-3.459 -0.868 -0.000)m, orientation={yaw=2.730, pitch=0.000, roll=0.000},system.loop_hz,26.83455869319084,system.loop_avg_fps,23.09480671232846,system.loop_worst_fps,5.284545870358209,system.loop_1pct_low_fps,11.955168119551681,system.loop_0_1pct_low_fps,7.556675062972292,drive.heading_rad,-0.0,intake.over_current,0.0,intake.shooting,false,robot.shot_preset,close,robot.shooter_hood_luts_enabled,true,robot.slow_mode,false,robot.turret_forward_override,false,robot.hang_mode,false,shooter.running,true,shooter.busy,false,shooter.impact_detected,true,shooter.over_current,false,turret.over_current,false
322.258321296,system.limelight_pose,position=(-3.459 -0.868 -0.000)m, orientation={yaw=2.730, pitch=0.000, roll=0.000},system.loop_hz,25.6514374937367,system.loop_avg_fps,23.093389011918525,system.loop_worst_fps,5.284545870358209,system.loop_1pct_low_fps,11.955168119551681,system.loop_0_1pct_low_fps,7.556675062972292,drive.heading_rad,-0.0,intake.over_current,0.0,intake.shooting,false,robot.shot_preset,close,robot.shooter_hood_luts_enabled,true,robot.slow_mode,false,robot.turret_forward_override,false,robot.hang_mode,false,shooter.running,true,shooter.busy,false,shooter.impact_detected,false,shooter.over_current,false,turret.over_current,false
322.460646983,system.limelight_pose,position=(-3.459 -0.868 -0.000)m, orientation={yaw=2.730, pitch=0.000, roll=0.000},system.loop_hz,22.09472534610503,system.loop_avg_fps,23.08671811318259,system.loop_worst_fps,5.284545870358209,system.loop_1pct_low_fps,11.955168119551681,system.loop_0_1pct_low_fps,7.556675062972292,drive.heading_rad,-0.0,intake.over_current,0.0,intake.shooting,false,robot.shot_preset,close,robot.shooter_hood_luts_enabled,true,robot.slow_mode,false,robot.turret_forward_override,false,robot.hang_mode,false,shooter.running,true,shooter.busy,false,shooter.impact_detected,false,shooter.over_current,false,turret.over_current,false
322.67662238,system.limelight_pose,position=(-3.459 -0.868 -0.000)m, orientation={yaw=2.730, pitch=0.000, roll=0.000},system.loop_hz,25.23903193066794,system.loop_avg_fps,23.08685509872129,system.loop_worst_fps,5.284545870358209,system.loop_1pct_low_fps,11.955168119551681,system.loop_0_1pct_low_fps,7.556675062972292,drive.heading_rad,-0.0,intake.over_current,0.0,intake.shooting,false,robot.shot_preset,close,robot.shooter_hood_luts_enabled,true,robot.slow_mode,false,robot.turret_forward_override,false,robot.hang_mode,false,shooter.running,true,shooter.busy,false,shooter.impact_detected,false,shooter.over_current,false,turret.over_current,false
322.883702817,system.limelight_pose,position=(-3.459 -0.868 -0.000)m, orientation={yaw=2.730, pitch=0.000, roll=0.000},system.loop_hz,22.81713490162698,system.loop_avg_fps,23.089020388013605,system.loop_worst_fps,5.284545870358209,system.loop_1pct_low_fps,11.955168119551681,system.loop_0_1pct_low_fps,7.556675062972292,drive.heading_rad,-0.0,intake.over_current,0.0,intake.shooting,false,robot.shot_preset,close,robot.shooter_hood_luts_enabled,true,robot.slow_mode,false,robot.turret_forward_override,false,robot.hang_mode,false,shooter.running,true,shooter.busy,false,shooter.impact_detected,false,shooter.over_current,false,turret.over_current,false
323.133366592,system.limelight_pose,position=(-3.459 -0.868 -0.000)m, orientation={yaw=2.730, pitch=0.000, roll=0.000},system.loop_hz,19.974779842965365,system.loop_avg_fps,23.091341427638834,system.loop_worst_fps,5.284545870358209,system.loop_1pct_low_fps,11.955168119551681,system.loop_0_1pct_low_fps,7.556675062972292,drive.heading_rad,-0.0,intake.over_current,0.0,intake.shooting,false,robot.shot_preset,close,robot.shooter_hood_luts_enabled,true,robot.slow_mode,false,robot.turret_forward_override,false,robot.hang_mode,false,shooter.running,true,shooter.busy,false,shooter.impact_detected,true,shooter.over_current,false,turret.over_current,false
323.356831406,system.limelight_pose,position=(-3.459 -0.868 -0.000)m, orientation={yaw=2.730, pitch=0.000, roll=0.000},system.loop_hz,24.19530235137422,system.loop_avg_fps,23.089767013158006,system.loop_worst_fps,5.284545870358209,system.loop_1pct_low_fps,11.955168119551681,system.loop_0_1pct_low_fps,7.556675062972292,drive.heading_rad,-0.0,intake.over_current,0.0,intake.shooting,false,robot.shot_preset,close,robot.shooter_hood_luts_enabled,true,robot.slow_mode,false,robot.turret_forward_override,false,robot.hang_mode,false,shooter.running,true,shooter.busy,false,shooter.impact_detected,true,shooter.over_current,false,turret.over_current,false
323.593351805,system.limelight_pose,position=(-3.459 -0.868 -0.000)m, orientation={yaw=2.730, pitch=0.000, roll=0.000},system.loop_hz,22.353734707760026,system.loop_avg_fps,23.08524217906283,system.loop_worst_fps,5.284545870358209,system.loop_1pct_low_fps,11.955168119551681,system.loop_0_1pct_low_fps,7.556675062972292,drive.heading_rad,-0.0,intake.over_current,0.0,intake.shooting,false,robot.shot_preset,close,robot.shooter_hood_luts_enabled,true,robot.slow_mode,false,robot.turret_forward_override,false,robot.hang_mode,false,shooter.running,true,shooter.busy,false,shooter.impact_detected,false,shooter.over_current,false,turret.over_current,false
323.811616786,system.limelight_pose,position=(-3.459 -0.868 -0.000)m, orientation={yaw=2.730, pitch=0.000, roll=0.000},system.loop_hz,23.15459981292627,system.loop_avg_fps,23.084863305884724,system.loop_worst_fps,5.284545870358209,system.loop_1pct_low_fps,11.955168119551681,system.loop_0_1pct_low_fps,7.556675062972292,drive.heading_rad,-0.0,intake.over_current,0.0,intake.shooting,false,robot.shot_preset,close,robot.shooter_hood_luts_enabled,true,robot.slow_mode,false,robot.turret_forward_override,false,robot.hang_mode,false,shooter.running,true,shooter.busy,false,shooter.impact_detected,false,shooter.over_current,false,turret.over_current,false
324.058378769,system.limelight_pose,position=(-3.459 -0.868 -0.000)m, orientation={yaw=2.730, pitch=0.000, roll=0.000},system.loop_hz,15.328977563484024,system.loop_avg_fps,23.078061316897664,system.loop_worst_fps,5.284545870358209,system.loop_1pct_low_fps,11.955168119551681,system.loop_0_1pct_low_fps,7.556675062972292,drive.heading_rad,-0.0,intake.over_current,0.0,intake.shooting,false,robot.shot_preset,close,robot.shooter_hood_luts_enabled,true,robot.slow_mode,false,robot.turret_forward_override,false,robot.hang_mode,false,shooter.running,true,shooter.busy,false,shooter.impact_detected,false,shooter.over_current,false,turret.over_current,false
324.274000665,system.limelight_pose,position=(-3.459 -0.868 -0.000)m, orientation={yaw=2.730, pitch=0.000, roll=0.000},system.loop_hz,26.69519849481549,system.loop_avg_fps,23.078293899542498,system.loop_worst_fps,5.284545870358209,system.loop_1pct_low_fps,11.955168119551681,system.loop_0_1pct_low_fps,7.556675062972292,drive.heading_rad,-0.0,intake.over_current,0.0,intake.shooting,false,robot.shot_preset,close,robot.shooter_hood_luts_enabled,true,robot.slow_mode,false,robot.turret_forward_override,false,robot.hang_mode,false,shooter.running,true,shooter.busy,false,shooter.impact_detected,true,shooter.over_current,false,turret.over_current,false
324.533971066,system.limelight_pose,position=(-3.459 -0.868 -0.000)m, orientation={yaw=2.730, pitch=0.000, roll=0.000},system.loop_hz,13.837828646526892,system.loop_avg_fps,23.068575804409925,system.loop_worst_fps,5.284545870358209,system.loop_1pct_low_fps,11.949215832710978,system.loop_0_1pct_low_fps,7.556675062972292,drive.heading_rad,-0.0,intake.over_current,0.0,intake.shooting,false,robot.shot_preset,close,robot.shooter_hood_luts_enabled,true,robot.slow_mode,false,robot.turret_forward_override,false,robot.hang_mode,false,shooter.running,true,shooter.busy,false,shooter.impact_detected,true,shooter.over_current,false,turret.over_current,false
324.765436298,system.limelight_pose,position=(-3.459 -0.868 -0.000)m, orientation={yaw=2.730, pitch=0.000, roll=0.000},system.loop_hz,21.76442163901489,system.loop_avg_fps,23.05558268626071,system.loop_worst_fps,5.284545870358209,system.loop_1pct_low_fps,11.949215832710978,system.loop_0_1pct_low_fps,7.556675062972292,drive.heading_rad,-0.0,intake.over_current,0.0,intake.shooting,false,robot.shot_preset,close,robot.shooter_hood_luts_enabled,true,robot.slow_mode,false,robot.turret_forward_override,false,robot.hang_mode,false,shooter.running,true,shooter.busy,false,shooter.impact_detected,false,shooter.over_current,false,turret.over_current,false
324.999174197,system.limelight_pose,position=(-3.459 -0.868 -0.000)m, orientation={yaw=2.730, pitch=0.000, roll=0.000},system.loop_hz,26.59910211007254,system.loop_avg_fps,23.051818490199764,system.loop_worst_fps,5.284545870358209,system.loop_1pct_low_fps,11.949215832710978,system.loop_0_1pct_low_fps,7.556675062972292,drive.heading_rad,-0.0,intake.over_current,0.0,intake.shooting,false,robot.shot_preset,close,robot.shooter_hood_luts_enabled,true,robot.slow_mode,false,robot.turret_forward_override,false,robot.hang_mode,false,shooter.running,true,shooter.busy,false,shooter.impact_detected,false,shooter.over_current,false,turret.over_current,false
325.240449054,system.limelight_pose,position=(-3.459 -0.868 -0.000)m, orientation={yaw=2.730, pitch=0.000, roll=0.000},system.loop_hz,20.47935158112294,system.loop_avg_fps,23.04639409884927,system.loop_worst_fps,5.284545870358209,system.loop_1pct_low_fps,11.949215832710978,system.loop_0_1pct_low_fps,7.556675062972292,drive.heading_rad,-0.0,intake.over_current,0.0,intake.shooting,false,robot.shot_preset,close,robot.shooter_hood_luts_enabled,true,robot.slow_mode,false,robot.turret_forward_override,false,robot.hang_mode,false,shooter.running,true,shooter.busy,false,shooter.impact_detected,false,shooter.over_current,false,turret.over_current,false
325.485144287,system.limelight_pose,position=(-3.459 -0.868 -0.000)m, orientation={yaw=2.730, pitch=0.000, roll=0.000},system.loop_hz,20.887835352887013,system.loop_avg_fps,23.04986802340629,system.loop_worst_fps,5.284545870358209,system.loop_1pct_low_fps,11.949215832710978,system.loop_0_1pct_low_fps,7.556675062972292,drive.heading_rad,-0.0,intake.over_current,0.0,intake.shooting,false,robot.shot_preset,close,robot.shooter_hood_luts_enabled,true,robot.slow_mode,false,robot.turret_forward_override,false,robot.hang_mode,false,shooter.running,true,shooter.busy,false,shooter.impact_detected,false,shooter.over_current,false,turret.over_current,false
325.689966349,system.limelight_pose,position=(-3.459 -0.868 -0.000)m, orientation={yaw=2.730, pitch=0.000, roll=0.000},system.loop_hz,17.372080252772708,system.loop_avg_fps,23.042935709554424,system.loop_worst_fps,5.284545870358209,system.loop_1pct_low_fps,11.949215832710978,system.loop_0_1pct_low_fps,7.556675062972292,drive.heading_rad,-0.0,intake.over_current,0.0,intake.shooting,true,robot.shot_preset,close,robot.shooter_hood_luts_enabled,true,robot.slow_mode,false,robot.turret_forward_override,false,robot.hang_mode,false,shooter.running,true,shooter.busy,false,shooter.impact_detected,true,shooter.over_current,false,turret.over_current,false
325.904442288,system.limelight_pose,position=(-3.459 -0.868 -0.000)m, orientation={yaw=2.730, pitch=0.000, roll=0.000},system.loop_hz,25.78551510552687,system.loop_avg_fps,23.0434906406164,system.loop_worst_fps,5.284545870358209,system.loop_1pct_low_fps,12.019230769230768,system.loop_0_1pct_low_fps,7.556675062972292,drive.heading_rad,-0.0,intake.over_current,0.0,intake.shooting,true,robot.shot_preset,close,robot.shooter_hood_luts_enabled,true,robot.slow_mode,false,robot.turret_forward_override,false,robot.hang_mode,false,shooter.running,true,shooter.busy,false,shooter.impact_detected,true,shooter.over_current,false,turret.over_current,false
326.147846312,system.limelight_pose,position=(-3.459 -0.868 -0.000)m, orientation={yaw=2.730, pitch=0.000, roll=0.000},system.loop_hz,22.815160875160757,system.loop_avg_fps,23.047234109161792,system.loop_worst_fps,5.284545870358209,system.loop_1pct_low_fps,12.019230769230768,system.loop_0_1pct_low_fps,7.556675062972292,drive.heading_rad,-0.0,intake.over_current,0.0,intake.shooting,true,robot.shot_preset,close,robot.shooter_hood_luts_enabled,true,robot.slow_mode,false,robot.turret_forward_override,false,robot.hang_mode,false,shooter.running,true,shooter.busy,true,shooter.impact_detected,true,shooter.over_current,false,turret.over_current,false
326.35915825,system.limelight_pose,position=(-3.459 -0.868 -0.000)m, orientation={yaw=2.730, pitch=0.000, roll=0.000},system.loop_hz,21.03004973291199,system.loop_avg_fps,23.04847435487255,system.loop_worst_fps,5.284545870358209,system.loop_1pct_low_fps,12.019230769230768,system.loop_0_1pct_low_fps,7.556675062972292,drive.heading_rad,-0.0,intake.over_current,0.0,intake.shooting,true,robot.shot_preset,close,robot.shooter_hood_luts_enabled,true,robot.slow_mode,false,robot.turret_forward_override,false,robot.hang_mode,false,shooter.running,true,shooter.busy,true,shooter.impact_detected,true,shooter.over_current,false,turret.over_current,false
326.563157812,system.limelight_pose,position=(-3.459 -0.868 -0.000)m, orientation={yaw=2.730, pitch=0.000, roll=0.000},system.loop_hz,28.72342060323299,system.loop_avg_fps,23.051316409890532,system.loop_worst_fps,5.284545870358209,system.loop_1pct_low_fps,12.019230769230768,system.loop_0_1pct_low_fps,7.556675062972292,drive.heading_rad,-0.0,intake.over_current,0.0,intake.shooting,true,robot.shot_preset,close,robot.shooter_hood_luts_enabled,true,robot.slow_mode,false,robot.turret_forward_override,false,robot.hang_mode,false,shooter.running,true,shooter.busy,false,shooter.impact_detected,true,shooter.over_current,false,turret.over_current,false
326.778744417,system.limelight_pose,position=(-3.459 -0.868 -0.000)m, orientation={yaw=2.730, pitch=0.000, roll=0.000},system.loop_hz,24.79010773559417,system.loop_avg_fps,23.05160605293444,system.loop_worst_fps,5.284545870358209,system.loop_1pct_low_fps,12.019230769230768,system.loop_0_1pct_low_fps,7.556675062972292,drive.heading_rad,-0.0,intake.over_current,0.0,intake.shooting,true,robot.shot_preset,close,robot.shooter_hood_luts_enabled,true,robot.slow_mode,false,robot.turret_forward_override,false,robot.hang_mode,false,shooter.running,true,shooter.busy,true,shooter.impact_detected,false,shooter.over_current,false,turret.over_current,false
327.014770732,system.limelight_pose,position=(-3.459 -0.868 -0.000)m, orientation={yaw=2.730, pitch=0.000, roll=0.000},system.loop_hz,19.609876027749543,system.loop_avg_fps,23.056914310561282,system.loop_worst_fps,5.284545870358209,system.loop_1pct_low_fps,12.019230769230768,system.loop_0_1pct_low_fps,7.556675062972292,drive.heading_rad,-0.0,intake.over_current,0.0,intake.shooting,false,robot.shot_preset,close,robot.shooter_hood_luts_enabled,true,robot.slow_mode,false,robot.turret_forward_override,false,robot.hang_mode,false,shooter.running,true,shooter.busy,true,shooter.impact_detected,false,shooter.over_current,false,turret.over_current,false
327.274550092,system.limelight_pose,position=(-3.459 -0.868 -0.000)m, orientation={yaw=2.730, pitch=0.000, roll=0.000},system.loop_hz,14.672642560082815,system.loop_avg_fps,23.057011742361105,system.loop_worst_fps,5.284545870358209,system.loop_1pct_low_fps,12.019230769230768,system.loop_0_1pct_low_fps,7.556675062972292,drive.heading_rad,-0.0,intake.over_current,0.0,intake.shooting,false,robot.shot_preset,close,robot.shooter_hood_luts_enabled,true,robot.slow_mode,false,robot.turret_forward_override,false,robot.hang_mode,false,shooter.running,true,shooter.busy,false,shooter.impact_detected,false,shooter.over_current,false,turret.over_current,false
327.513346366,system.limelight_pose,position=(-3.459 -0.868 -0.000)m, orientation={yaw=2.730, pitch=0.000, roll=0.000},system.loop_hz,25.287991021359375,system.loop_avg_fps,23.05223191409571,system.loop_worst_fps,5.284545870358209,system.loop_1pct_low_fps,12.019230769230768,system.loop_0_1pct_low_fps,7.556675062972292,drive.heading_rad,-0.0,intake.over_current,0.0,intake.shooting,false,robot.shot_preset,close,robot.shooter_hood_luts_enabled,true,robot.slow_mode,false,robot.turret_forward_override,false,robot.hang_mode,false,shooter.running,true,shooter.busy,false,shooter.impact_detected,false,shooter.over_current,false,turret.over_current,false
327.746641514,system.limelight_pose,position=(-3.459 -0.868 -0.000)m, orientation={yaw=2.730, pitch=0.000, roll=0.000},system.loop_hz,17.171016039251366,system.loop_avg_fps,23.048668808071987,system.loop_worst_fps,5.284545870358209,system.loop_1pct_low_fps,12.019230769230768,system.loop_0_1pct_low_fps,7.556675062972292,drive.heading_rad,-0.0,intake.over_current,0.0,intake.shooting,false,robot.shot_preset,close,robot.shooter_hood_luts_enabled,true,robot.slow_mode,false,robot.turret_forward_override,false,robot.hang_mode,false,shooter.running,true,shooter.busy,false,shooter.impact_detected,false,shooter.over_current,false,turret.over_current,false
327.999876456,system.limelight_pose,position=(-3.459 -0.868 -0.000)m, orientation={yaw=2.730, pitch=0.000, roll=0.000},system.loop_hz,16.09378220265603,system.loop_avg_fps,23.040799873577548,system.loop_worst_fps,5.284545870358209,system.loop_1pct_low_fps,12.019230769230768,system.loop_0_1pct_low_fps,7.556675062972292,drive.heading_rad,-0.0,intake.over_current,0.0,intake.shooting,false,robot.shot_preset,close,robot.shooter_hood_luts_enabled,true,robot.slow_mode,false,robot.turret_forward_override,false,robot.hang_mode,false,shooter.running,true,shooter.busy,false,shooter.impact_detected,true,shooter.over_current,false,turret.over_current,false
328.204779894,system.limelight_pose,position=(-3.459 -0.868 -0.000)m, orientation={yaw=2.730, pitch=0.000, roll=0.000},system.loop_hz,25.058074593663264,system.loop_avg_fps,23.034031030627457,system.loop_worst_fps,5.284545870358209,system.loop_1pct_low_fps,11.983223487118034,system.loop_0_1pct_low_fps,7.556675062972292,drive.heading_rad,-0.0,intake.over_current,0.0,intake.shooting,false,robot.shot_preset,close,robot.shooter_hood_luts_enabled,true,robot.slow_mode,false,robot.turret_forward_override,false,robot.hang_mode,false,shooter.running,true,shooter.busy,true,shooter.impact_detected,true,shooter.over_current,false,turret.over_current,false
328.440685751,system.limelight_pose,position=(-3.459 -0.868 -0.000)m, orientation={yaw=2.730, pitch=0.000, roll=0.000},system.loop_hz,24.132460372167895,system.loop_avg_fps,23.02996765244497,system.loop_worst_fps,5.284545870358209,system.loop_1pct_low_fps,11.983223487118034,system.loop_0_1pct_low_fps,7.556675062972292,drive.heading_rad,-0.0,intake.over_current,0.0,intake.shooting,false,robot.shot_preset,close,robot.shooter_hood_luts_enabled,true,robot.slow_mode,false,robot.turret_forward_override,false,robot.hang_mode,false,shooter.running,true,shooter.busy,true,shooter.impact_detected,true,shooter.over_current,false,turret.over_current,false
328.657204522,system.limelight_pose,position=(-3.459 -0.868 -0.000)m, orientation={yaw=2.730, pitch=0.000, roll=0.000},system.loop_hz,21.8797018111967,system.loop_avg_fps,23.030094576938964,system.loop_worst_fps,5.284545870358209,system.loop_1pct_low_fps,11.983223487118034,system.loop_0_1pct_low_fps,7.556675062972292,drive.heading_rad,-0.0,intake.over_current,0.0,intake.shooting,false,robot.shot_preset,close,robot.shooter_hood_luts_enabled,true,robot.slow_mode,false,robot.turret_forward_override,false,robot.hang_mode,false,shooter.running,true,shooter.busy,true,shooter.impact_detected,true,shooter.over_current,false,turret.over_current,false
328.86877021,system.limelight_pose,position=(-3.459 -0.868 -0.000)m, orientation={yaw=2.730, pitch=0.000, roll=0.000},system.loop_hz,24.65551377788178,system.loop_avg_fps,23.031285060203018,system.loop_worst_fps,5.284545870358209,system.loop_1pct_low_fps,11.983223487118034,system.loop_0_1pct_low_fps,7.556675062972292,drive.heading_rad,-0.0,intake.over_current,0.0,intake.shooting,false,robot.shot_preset,close,robot.shooter_hood_luts_enabled,true,robot.slow_mode,false,robot.turret_forward_override,false,robot.hang_mode,false,shooter.running,true,shooter.busy,true,shooter.impact_detected,true,shooter.over_current,false,turret.over_current,false
329.092150733,system.limelight_pose,position=(-3.459 -0.868 -0.000)m, orientation={yaw=2.730, pitch=0.000, roll=0.000},system.loop_hz,22.736937992929633,system.loop_avg_fps,23.029937701776777,system.loop_worst_fps,5.284545870358209,system.loop_1pct_low_fps,11.983223487118034,system.loop_0_1pct_low_fps,7.556675062972292,drive.heading_rad,-0.0,intake.over_current,0.0,intake.shooting,false,robot.shot_preset,close,robot.shooter_hood_luts_enabled,true,robot.slow_mode,false,robot.turret_forward_override,false,robot.hang_mode,false,shooter.running,true,shooter.busy,true,shooter.impact_detected,true,shooter.over_current,false,turret.over_current,false
329.301368504,system.limelight_pose,position=(-3.459 -0.868 -0.000)m, orientation={yaw=2.730, pitch=0.000, roll=0.000},system.loop_hz,23.125862739241143,system.loop_avg_fps,23.03162607853969,system.loop_worst_fps,5.284545870358209,system.loop_1pct_low_fps,11.983223487118034,system.loop_0_1pct_low_fps,7.556675062972292,drive.heading_rad,-0.0,intake.over_current,0.0,intake.shooting,false,robot.shot_preset,close,robot.shooter_hood_luts_enabled,true,robot.slow_mode,false,robot.turret_forward_override,false,robot.hang_mode,false,shooter.running,true,shooter.busy,true,shooter.impact_detected,true,shooter.over_current,false,turret.over_current,false
329.530611527,system.limelight_pose,position=(-3.459 -0.868 -0.000)m, orientation={yaw=2.730, pitch=0.000, roll=0.000},system.loop_hz,23.813159285160342,system.loop_avg_fps,23.029031700634423,system.loop_worst_fps,5.284545870358209,system.loop_1pct_low_fps,11.983223487118034,system.loop_0_1pct_low_fps,7.556675062972292,drive.heading_rad,-0.0,intake.over_current,0.0,intake.shooting,false,robot.shot_preset,close,robot.shooter_hood_luts_enabled,true,robot.slow_mode,false,robot.turret_forward_override,false,robot.hang_mode,false,shooter.running,true,shooter.busy,true,shooter.impact_detected,true,shooter.over_current,false,turret.over_current,false
329.766851342,system.limelight_pose,position=(-3.459 -0.868 -0.000)m, orientation={yaw=2.730, pitch=0.000, roll=0.000},system.loop_hz,23.597147237043238,system.loop_avg_fps,23.024957937207812,system.loop_worst_fps,5.284545870358209,system.loop_1pct_low_fps,11.983223487118034,system.loop_0_1pct_low_fps,7.556675062972292,drive.heading_rad,-0.0,intake.over_current,0.0,intake.shooting,false,robot.shot_preset,close,robot.shooter_hood_luts_enabled,true,robot.slow_mode,false,robot.turret_forward_override,false,robot.hang_mode,false,shooter.running,true,shooter.busy,true,shooter.impact_detected,true,shooter.over_current,false,turret.over_current,false
330.001842241,system.limelight_pose,position=(-3.459 -0.868 -0.000)m, orientation={yaw=2.730, pitch=0.000, roll=0.000},system.loop_hz,21.051872381935926,system.loop_avg_fps,23.02116733156232,system.loop_worst_fps,5.284545870358209,system.loop_1pct_low_fps,11.983223487118034,system.loop_0_1pct_low_fps,7.556675062972292,drive.heading_rad,-0.0,intake.over_current,0.0,intake.shooting,false,robot.shot_preset,close,robot.shooter_hood_luts_enabled,true,robot.slow_mode,false,robot.turret_forward_override,false,robot.hang_mode,false,shooter.running,true,shooter.busy,true,shooter.impact_detected,true,shooter.over_current,false,turret.over_current,false
330.20854672,system.limelight_pose,position=(-3.459 -0.868 -0.000)m, orientation={yaw=2.730, pitch=0.000, roll=0.000},system.loop_hz,21.531381622674125,system.loop_avg_fps,23.023391558871253,system.loop_worst_fps,5.284545870358209,system.loop_1pct_low_fps,11.983223487118034,system.loop_0_1pct_low_fps,7.556675062972292,drive.heading_rad,-0.0,intake.over_current,0.0,intake.shooting,false,robot.shot_preset,close,robot.shooter_hood_luts_enabled,true,robot.slow_mode,false,robot.turret_forward_override,false,robot.hang_mode,false,shooter.running,true,shooter.busy,true,shooter.impact_detected,true,shooter.over_current,false,turret.over_current,false
330.435055659,system.limelight_pose,position=(-3.459 -0.868 -0.000)m, orientation={yaw=2.730, pitch=0.000, roll=0.000},system.loop_hz,17.158813172252504,system.loop_avg_fps,23.021414843159196,system.loop_worst_fps,5.284545870358209,system.loop_1pct_low_fps,12.049588691924459,system.loop_0_1pct_low_fps,7.556675062972292,drive.heading_rad,-0.0,intake.over_current,0.0,intake.shooting,false,robot.shot_preset,close,robot.shooter_hood_luts_enabled,true,robot.slow_mode,false,robot.turret_forward_override,false,robot.hang_mode,false,shooter.running,true,shooter.busy,true,shooter.impact_detected,true,shooter.over_current,false,turret.over_current,false
330.687668185,system.limelight_pose,position=(-3.459 -0.868 -0.000)m, orientation={yaw=2.730, pitch=0.000, roll=0.000},system.loop_hz,18.442002309421223,system.loop_avg_fps,23.01393464704411,system.loop_worst_fps,5.284545870358209,system.loop_1pct_low_fps,12.049588691924459,system.loop_0_1pct_low_fps,7.556675062972292,drive.heading_rad,-0.0,intake.over_current,0.0,intake.shooting,false,robot.shot_preset,close,robot.shooter_hood_luts_enabled,true,robot.slow_mode,false,robot.turret_forward_override,false,robot.hang_mode,false,shooter.running,true,shooter.busy,true,shooter.impact_detected,true,shooter.over_current,false,turret.over_current,false
330.90324254,system.limelight_pose,position=(-3.459 -0.868 -0.000)m, orientation={yaw=2.730, pitch=0.000, roll=0.000},system.loop_hz,23.27121300220938,system.loop_avg_fps,23.014289710502908,system.loop_worst_fps,5.284545870358209,system.loop_1pct_low_fps,12.049588691924459,system.loop_0_1pct_low_fps,7.556675062972292,drive.heading_rad,-0.0,intake.over_current,0.0,intake.shooting,false,robot.shot_preset,close,robot.shooter_hood_luts_enabled,true,robot.slow_mode,false,robot.turret_forward_override,false,robot.hang_mode,false,shooter.running,true,shooter.busy,true,shooter.impact_detected,true,shooter.over_current,false,turret.over_current,false
331.131369354,system.limelight_pose,position=(-3.459 -0.868 -0.000)m, orientation={yaw=2.730, pitch=0.000, roll=0.000},system.loop_hz,25.505457594026492,system.loop_avg_fps,23.02113962695537,system.loop_worst_fps,5.284545870358209,system.loop_1pct_low_fps,12.049588691924459,system.loop_0_1pct_low_fps,7.556675062972292,drive.heading_rad,-0.0,intake.over_current,0.0,intake.shooting,false,robot.shot_preset,close,robot.shooter_hood_luts_enabled,true,robot.slow_mode,false,robot.turret_forward_override,false,robot.hang_mode,false,shooter.running,true,shooter.busy,true,shooter.impact_detected,true,shooter.over_current,false,turret.over_current,false
331.357752002,system.limelight_pose,position=(-3.459 -0.868 -0.000)m, orientation={yaw=2.730, pitch=0.000, roll=0.000},system.loop_hz,26.04367080851465,system.loop_avg_fps,23.019210694145396,system.loop_worst_fps,5.284545870358209,system.loop_1pct_low_fps,12.049588691924459,system.loop_0_1pct_low_fps,7.556675062972292,drive.heading_rad,-0.0,intake.over_current,0.0,intake.shooting,false,robot.shot_preset,close,robot.shooter_hood_luts_enabled,true,robot.slow_mode,false,robot.turret_forward_override,false,robot.hang_mode,false,shooter.running,true,shooter.busy,true,shooter.impact_detected,true,shooter.over_current,false,turret.over_current,false
331.56531544,system.limelight_pose,position=(-3.459 -0.868 -0.000)m, orientation={yaw=2.730, pitch=0.000, roll=0.000},system.loop_hz,27.26909849943488,system.loop_avg_fps,23.021231225646606,system.loop_worst_fps,5.284545870358209,system.loop_1pct_low_fps,12.049588691924459,system.loop_0_1pct_low_fps,7.556675062972292,drive.heading_rad,-0.0,intake.over_current,0.0,intake.shooting,false,robot.shot_preset,close,robot.shooter_hood_luts_enabled,true,robot.slow_mode,false,robot.turret_forward_override,false,robot.hang_mode,false,shooter.running,true,shooter.busy,true,shooter.impact_detected,true,shooter.over_current,false,turret.over_current,false
331.813190715,system.limelight_pose,position=(-3.459 -0.868 -0.000)m, orientation={yaw=2.730, pitch=0.000, roll=0.000},system.loop_hz,17.705445759562295,system.loop_avg_fps,23.01481799889062,system.loop_worst_fps,5.284545870358209,system.loop_1pct_low_fps,12.049588691924459,system.loop_0_1pct_low_fps,7.556675062972292,drive.heading_rad,-0.0,intake.over_current,0.0,intake.shooting,false,robot.shot_preset,close,robot.shooter_hood_luts_enabled,true,robot.slow_mode,false,robot.turret_forward_override,false,robot.hang_mode,false,shooter.running,true,shooter.busy,true,shooter.impact_detected,true,shooter.over_current,false,turret.over_current,false
332.013759401,system.limelight_pose,position=(-3.459 -0.868 -0.000)m, orientation={yaw=2.730, pitch=0.000, roll=0.000},system.loop_hz,18.982128895110453,system.loop_avg_fps,23.009235139170578,system.loop_worst_fps,5.284545870358209,system.loop_1pct_low_fps,12.049588691924459,system.loop_0_1pct_low_fps,7.556675062972292,drive.heading_rad,-0.0,intake.over_current,0.0,intake.shooting,false,robot.shot_preset,close,robot.shooter_hood_luts_enabled,true,robot.slow_mode,false,robot.turret_forward_override,false,robot.hang_mode,false,shooter.running,true,shooter.busy,true,shooter.impact_detected,true,shooter.over_current,false,turret.over_current,false
332.227066631,system.limelight_pose,position=(-3.459 -0.868 -0.000)m, orientation={yaw=2.730, pitch=0.000, roll=0.000},system.loop_hz,28.510365884351085,system.loop_avg_fps,23.0100669367015,system.loop_worst_fps,5.284545870358209,system.loop_1pct_low_fps,12.049588691924459,system.loop_0_1pct_low_fps,7.556675062972292,drive.heading_rad,-0.0,intake.over_current,0.0,intake.shooting,false,robot.shot_preset,close,robot.shooter_hood_luts_enabled,true,robot.slow_mode,false,robot.turret_forward_override,false,robot.hang_mode,false,shooter.running,true,shooter.busy,true,shooter.impact_detected,true,shooter.over_current,false,turret.over_current,false
332.457779071,system.limelight_pose,position=(-3.459 -0.868 -0.000)m, orientation={yaw=2.730, pitch=0.000, roll=0.000},system.loop_hz,20.629063912705398,system.loop_avg_fps,22.99825452873456,system.loop_worst_fps,5.284545870358209,system.loop_1pct_low_fps,12.049588691924459,system.loop_0_1pct_low_fps,7.556675062972292,drive.heading_rad,-0.0,intake.over_current,0.0,intake.shooting,false,robot.shot_preset,close,robot.shooter_hood_luts_enabled,true,robot.slow_mode,false,robot.turret_forward_override,false,robot.hang_mode,false,shooter.running,true,shooter.busy,true,shooter.impact_detected,true,shooter.over_current,false,turret.over_current,false
332.65984255,system.limelight_pose,position=(-3.459 -0.868 -0.000)m, orientation={yaw=2.730, pitch=0.000, roll=0.000},system.loop_hz,27.43186049297223,system.loop_avg_fps,23.00143394026763,system.loop_worst_fps,5.284545870358209,system.loop_1pct_low_fps,12.049588691924459,system.loop_0_1pct_low_fps,7.556675062972292,drive.heading_rad,-0.0,intake.over_current,0.0,intake.shooting,false,robot.shot_preset,close,robot.shooter_hood_luts_enabled,true,robot.slow_mode,false,robot.turret_forward_override,false,robot.hang_mode,false,shooter.running,true,shooter.busy,true,shooter.impact_detected,true,shooter.over_current,false,turret.over_current,false
332.877888488,system.limelight_pose,position=(-3.459 -0.868 -0.000)m, orientation={yaw=2.730, pitch=0.000, roll=0.000},system.loop_hz,25.162162589225268,system.loop_avg_fps,23.001295741515435,system.loop_worst_fps,5.284545870358209,system.loop_1pct_low_fps,12.049588691924459,system.loop_0_1pct_low_fps,7.556675062972292,drive.heading_rad,-0.0,intake.over_current,0.0,intake.shooting,false,robot.shot_preset,close,robot.shooter_hood_luts_enabled,true,robot.slow_mode,false,robot.turret_forward_override,false,robot.hang_mode,false,shooter.running,true,shooter.busy,true,shooter.impact_detected,true,shooter.over_current,false,turret.over_current,false
333.115214762,system.limelight_pose,position=(-3.459 -0.868 -0.000)m, orientation={yaw=2.730, pitch=0.000, roll=0.000},system.loop_hz,21.303808867510273,system.loop_avg_fps,22.99717893409512,system.loop_worst_fps,5.284545870358209,system.loop_1pct_low_fps,12.049588691924459,system.loop_0_1pct_low_fps,7.556675062972292,drive.heading_rad,-0.0,intake.over_current,0.0,intake.shooting,false,robot.shot_preset,close,robot.shooter_hood_luts_enabled,true,robot.slow_mode,false,robot.turret_forward_override,false,robot.hang_mode,false,shooter.running,true,shooter.busy,true,shooter.impact_detected,true,shooter.over_current,false,turret.over_current,false
333.334018159,system.limelight_pose,position=(-3.459 -0.868 -0.000)m, orientation={yaw=2.730, pitch=0.000, roll=0.000},system.loop_hz,20.864065667395092,system.loop_avg_fps,22.99689361435666,system.loop_worst_fps,5.284545870358209,system.loop_1pct_low_fps,12.049588691924459,system.loop_0_1pct_low_fps,7.556675062972292,drive.heading_rad,-0.0,intake.over_current,0.0,intake.shooting,false,robot.shot_preset,close,robot.shooter_hood_luts_enabled,true,robot.slow_mode,false,robot.turret_forward_override,false,robot.hang_mode,false,shooter.running,true,shooter.busy,true,shooter.impact_detected,true,shooter.over_current,false,turret.over_current,false
333.542693722,system.limelight_pose,position=(-3.459 -0.868 -0.000)m, orientation={yaw=2.730, pitch=0.000, roll=0.000},system.loop_hz,14.146371115589162,system.loop_avg_fps,22.98975276008116,system.loop_worst_fps,5.284545870358209,system.loop_1pct_low_fps,12.049588691924459,system.loop_0_1pct_low_fps,7.556675062972292,drive.heading_rad,-0.0,intake.over_current,0.0,intake.shooting,false,robot.shot_preset,close,robot.shooter_hood_luts_enabled,true,robot.slow_mode,false,robot.turret_forward_override,false,robot.hang_mode,false,shooter.running,true,shooter.busy,true,shooter.impact_detected,true,shooter.over_current,false,turret.over_current,false
333.756409576,system.limelight_pose,position=(-3.459 -0.868 -0.000)m, orientation={yaw=2.730, pitch=0.000, roll=0.000},system.loop_hz,27.56440630265548,system.loop_avg_fps,22.99052647431656,system.loop_worst_fps,5.284545870358209,system.loop_1pct_low_fps,12.049588691924459,system.loop_0_1pct_low_fps,7.556675062972292,drive.heading_rad,-0.0,intake.over_current,0.0,intake.shooting,false,robot.shot_preset,close,robot.shooter_hood_luts_enabled,true,robot.slow_mode,false,robot.turret_forward_override,false,robot.hang_mode,false,shooter.running,true,shooter.busy,true,shooter.impact_detected,true,shooter.over_current,false,turret.over_current,false
333.965516222,system.limelight_pose,position=(-3.459 -0.868 -0.000)m, orientation={yaw=2.730, pitch=0.000, roll=0.000},system.loop_hz,27.117477005129096,system.loop_avg_fps,22.99224090223936,system.loop_worst_fps,5.284545870358209,system.loop_1pct_low_fps,12.049588691924459,system.loop_0_1pct_low_fps,7.556675062972292,drive.heading_rad,-0.0,intake.over_current,0.0,intake.shooting,false,robot.shot_preset,close,robot.shooter_hood_luts_enabled,true,robot.slow_mode,false,robot.turret_forward_override,false,robot.hang_mode,false,shooter.running,true,shooter.busy,true,shooter.impact_detected,true,shooter.over_current,false,turret.over_current,false
334.205284622,system.limelight_pose,position=(-3.459 -0.868 -0.000)m, orientation={yaw=2.730, pitch=0.000, roll=0.000},system.loop_hz,22.060747356351165,system.loop_avg_fps,22.987684126447416,system.loop_worst_fps,5.284545870358209,system.loop_1pct_low_fps,12.049588691924459,system.loop_0_1pct_low_fps,7.556675062972292,drive.heading_rad,-0.0,intake.over_current,0.0,intake.shooting,false,robot.shot_preset,close,robot.shooter_hood_luts_enabled,true,robot.slow_mode,false,robot.turret_forward_override,false,robot.hang_mode,false,shooter.running,true,shooter.busy,true,shooter.impact_detected,true,shooter.over_current,false,turret.over_current,false
334.406998975,system.limelight_pose,position=(-3.459 -0.868 -0.000)m, orientation={yaw=2.730, pitch=0.000, roll=0.000},system.loop_hz,17.74494127656954,system.loop_avg_fps,22.982034450252783,system.loop_worst_fps,5.284545870358209,system.loop_1pct_low_fps,12.049588691924459,system.loop_0_1pct_low_fps,7.556675062972292,drive.heading_rad,-0.0,intake.over_current,0.0,intake.shooting,false,robot.shot_preset,close,robot.shooter_hood_luts_enabled,true,robot.slow_mode,false,robot.turret_forward_override,false,robot.hang_mode,false,shooter.running,true,shooter.busy,true,shooter.impact_detected,true,shooter.over_current,false,turret.over_current,false
334.613658829,system.limelight_pose,position=(-3.459 -0.868 -0.000)m, orientation={yaw=2.730, pitch=0.000, roll=0.000},system.loop_hz,30.15480481685333,system.loop_avg_fps,22.984252626439083,system.loop_worst_fps,5.284545870358209,system.loop_1pct_low_fps,12.049588691924459,system.loop_0_1pct_low_fps,7.556675062972292,drive.heading_rad,-0.0,intake.over_current,0.0,intake.shooting,false,robot.shot_preset,close,robot.shooter_hood_luts_enabled,true,robot.slow_mode,false,robot.turret_forward_override,false,robot.hang_mode,false,shooter.running,true,shooter.busy,true,shooter.impact_detected,true,shooter.over_current,false,turret.over_current,false
334.841541519,system.limelight_pose,position=(-3.459 -0.868 -0.000)m, orientation={yaw=2.730, pitch=0.000, roll=0.000},system.loop_hz,19.355804377007264,system.loop_avg_fps,22.982152217513306,system.loop_worst_fps,5.284545870358209,system.loop_1pct_low_fps,12.111696758999665,system.loop_0_1pct_low_fps,7.556675062972292,drive.heading_rad,-0.0,intake.over_current,0.0,intake.shooting,false,robot.shot_preset,close,robot.shooter_hood_luts_enabled,true,robot.slow_mode,false,robot.turret_forward_override,false,robot.hang_mode,false,shooter.running,true,shooter.busy,true,shooter.impact_detected,true,shooter.over_current,false,turret.over_current,false
335.065115708,system.limelight_pose,position=(-3.459 -0.868 -0.000)m, orientation={yaw=2.730, pitch=0.000, roll=0.000},system.loop_hz,17.30028798404486,system.loop_avg_fps,22.972114893242768,system.loop_worst_fps,5.284545870358209,system.loop_1pct_low_fps,12.111696758999665,system.loop_0_1pct_low_fps,7.556675062972292,drive.heading_rad,-0.0,intake.over_current,0.0,intake.shooting,false,robot.shot_preset,close,robot.shooter_hood_luts_enabled,true,robot.slow_mode,false,robot.turret_forward_override,false,robot.hang_mode,false,shooter.running,true,shooter.busy,true,shooter.impact_detected,true,shooter.over_current,false,turret.over_current,false
335.30427044,system.limelight_pose,position=(-3.459 -0.868 -0.000)m, orientation={yaw=2.730, pitch=0.000, roll=0.000},system.loop_hz,25.488202950948263,system.loop_avg_fps,22.976568616561213,system.loop_worst_fps,5.284545870358209,system.loop_1pct_low_fps,12.111696758999665,system.loop_0_1pct_low_fps,7.556675062972292,drive.heading_rad,-0.0,intake.over_current,0.0,intake.shooting,false,robot.shot_preset,close,robot.shooter_hood_luts_enabled,true,robot.slow_mode,false,robot.turret_forward_override,false,robot.hang_mode,false,shooter.running,true,shooter.busy,true,shooter.impact_detected,true,shooter.over_current,false,turret.over_current,false
335.507472294,system.limelight_pose,position=(-3.459 -0.868 -0.000)m, orientation={yaw=2.730, pitch=0.000, roll=0.000},system.loop_hz,21.128413638544117,system.loop_avg_fps,22.979477230351282,system.loop_worst_fps,5.284545870358209,system.loop_1pct_low_fps,12.111696758999665,system.loop_0_1pct_low_fps,7.556675062972292,drive.heading_rad,-0.0,intake.over_current,0.0,intake.shooting,false,robot.shot_preset,close,robot.shooter_hood_luts_enabled,true,robot.slow_mode,false,robot.turret_forward_override,false,robot.hang_mode,false,shooter.running,true,shooter.busy,false,shooter.impact_detected,false,shooter.over_current,false,turret.over_current,false
335.738223234,system.limelight_pose,position=(-3.459 -0.868 -0.000)m, orientation={yaw=2.730, pitch=0.000, roll=0.000},system.loop_hz,31.521003800257862,system.loop_avg_fps,22.97682506854409,system.loop_worst_fps,5.284545870358209,system.loop_1pct_low_fps,12.111696758999665,system.loop_0_1pct_low_fps,7.556675062972292,drive.heading_rad,-0.0,intake.over_current,0.0,intake.shooting,false,robot.shot_preset,close,robot.shooter_hood_luts_enabled,true,robot.slow_mode,false,robot.turret_forward_override,false,robot.hang_mode,false,shooter.running,true,shooter.busy,false,shooter.impact_detected,false,shooter.over_current,false,turret.over_current,false
335.972295091,system.limelight_pose,position=(-3.459 -0.868 -0.000)m, orientation={yaw=2.730, pitch=0.000, roll=0.000},system.loop_hz,24.429940171829465,system.loop_avg_fps,22.982264629288142,system.loop_worst_fps,5.284545870358209,system.loop_1pct_low_fps,12.111696758999665,system.loop_0_1pct_low_fps,7.556675062972292,drive.heading_rad,-0.0,intake.over_current,0.0,intake.shooting,false,robot.shot_preset,close,robot.shooter_hood_luts_enabled,true,robot.slow_mode,false,robot.turret_forward_override,false,robot.hang_mode,false,shooter.running,true,shooter.busy,false,shooter.impact_detected,false,shooter.over_current,false,turret.over_current,false
336.201948197,system.limelight_pose,position=(-3.459 -0.868 -0.000)m, orientation={yaw=2.730, pitch=0.000, roll=0.000},system.loop_hz,20.89407283836488,system.loop_avg_fps,22.979837877603146,system.loop_worst_fps,5.284545870358209,system.loop_1pct_low_fps,12.111696758999665,system.loop_0_1pct_low_fps,7.556675062972292,drive.heading_rad,-0.0,intake.over_current,0.0,intake.shooting,false,robot.shot_preset,close,robot.shooter_hood_luts_enabled,true,robot.slow_mode,false,robot.turret_forward_override,false,robot.hang_mode,false,shooter.running,true,shooter.busy,false,shooter.impact_detected,false,shooter.over_current,false,turret.over_current,false
336.418736177,system.limelight_pose,position=(-3.459 -0.868 -0.000)m, orientation={yaw=2.730, pitch=0.000, roll=0.000},system.loop_hz,37.11659439503378,system.loop_avg_fps,22.979996893306243,system.loop_worst_fps,5.284545870358209,system.loop_1pct_low_fps,12.111696758999665,system.loop_0_1pct_low_fps,7.556675062972292,drive.heading_rad,-0.0,intake.over_current,0.0,intake.shooting,false,robot.shot_preset,close,robot.shooter_hood_luts_enabled,true,robot.slow_mode,false,robot.turret_forward_override,false,robot.hang_mode,false,shooter.running,true,shooter.busy,false,shooter.impact_detected,false,shooter.over_current,false,turret.over_current,false
336.625315823,system.limelight_pose,position=(-3.459 -0.868 -0.000)m, orientation={yaw=2.730, pitch=0.000, roll=0.000},system.loop_hz,19.92718089993668,system.loop_avg_fps,22.982195950003273,system.loop_worst_fps,5.284545870358209,system.loop_1pct_low_fps,12.111696758999665,system.loop_0_1pct_low_fps,7.556675062972292,drive.heading_rad,-0.0,intake.over_current,0.0,intake.shooting,true,robot.shot_preset,close,robot.shooter_hood_luts_enabled,true,robot.slow_mode,false,robot.turret_forward_override,false,robot.hang_mode,false,shooter.running,true,shooter.busy,false,shooter.impact_detected,true,shooter.over_current,false,turret.over_current,false
336.843235762,system.limelight_pose,position=(-3.459 -0.868 -0.000)m, orientation={yaw=2.730, pitch=0.000, roll=0.000},system.loop_hz,21.80747411048306,system.loop_avg_fps,22.98212407126561,system.loop_worst_fps,5.284545870358209,system.loop_1pct_low_fps,12.111696758999665,system.loop_0_1pct_low_fps,7.556675062972292,drive.heading_rad,-0.0,intake.over_current,0.0,intake.shooting,true,robot.shot_preset,close,robot.shooter_hood_luts_enabled,true,robot.slow_mode,false,robot.turret_forward_override,false,robot.hang_mode,false,shooter.running,true,shooter.busy,false,shooter.impact_detected,true,shooter.over_current,false,turret.over_current,false
337.07310616,system.limelight_pose,position=(-3.459 -0.868 -0.000)m, orientation={yaw=2.730, pitch=0.000, roll=0.000},system.loop_hz,24.781327705705387,system.loop_avg_fps,22.988337681104824,system.loop_worst_fps,5.284545870358209,system.loop_1pct_low_fps,12.111696758999665,system.loop_0_1pct_low_fps,7.556675062972292,drive.heading_rad,-0.0,intake.over_current,0.0,intake.shooting,true,robot.shot_preset,close,robot.shooter_hood_luts_enabled,true,robot.slow_mode,false,robot.turret_forward_override,false,robot.hang_mode,false,shooter.running,true,shooter.busy,true,shooter.impact_detected,true,shooter.over_current,false,turret.over_current,false
337.27706168,system.limelight_pose,position=(-3.459 -0.868 -0.000)m, orientation={yaw=2.730, pitch=0.000, roll=0.000},system.loop_hz,27.660697727825312,system.loop_avg_fps,22.991031226890627,system.loop_worst_fps,5.284545870358209,system.loop_1pct_low_fps,12.111696758999665,system.loop_0_1pct_low_fps,7.556675062972292,drive.heading_rad,-0.0,intake.over_current,0.0,intake.shooting,true,robot.shot_preset,close,robot.shooter_hood_luts_enabled,true,robot.slow_mode,false,robot.turret_forward_override,false,robot.hang_mode,false,shooter.running,true,shooter.busy,true,shooter.impact_detected,true,shooter.over_current,false,turret.over_current,false
337.489761077,system.limelight_pose,position=(-3.459 -0.868 -0.000)m, orientation={yaw=2.730, pitch=0.000, roll=0.000},system.loop_hz,37.956482209923756,system.loop_avg_fps,23.009247138639076,system.loop_worst_fps,5.284545870358209,system.loop_1pct_low_fps,12.111696758999665,system.loop_0_1pct_low_fps,7.556675062972292,drive.heading_rad,-0.0,intake.over_current,0.0,intake.shooting,true,robot.shot_preset,close,robot.shooter_hood_luts_enabled,true,robot.slow_mode,false,robot.turret_forward_override,false,robot.hang_mode,false,shooter.running,true,shooter.busy,true,shooter.impact_detected,true,shooter.over_current,false,turret.over_current,false
337.737209643,system.limelight_pose,position=(-3.459 -0.868 -0.000)m, orientation={yaw=2.730, pitch=0.000, roll=0.000},system.loop_hz,17.912464544279842,system.loop_avg_fps,23.003271412466706,system.loop_worst_fps,5.284545870358209,system.loop_1pct_low_fps,12.111696758999665,system.loop_0_1pct_low_fps,7.556675062972292,drive.heading_rad,-0.0,intake.over_current,0.0,intake.shooting,true,robot.shot_preset,close,robot.shooter_hood_luts_enabled,true,robot.slow_mode,false,robot.turret_forward_override,false,robot.hang_mode,false,shooter.running,true,shooter.busy,false,shooter.impact_detected,false,shooter.over_current,false,turret.over_current,false
337.940020663,system.limelight_pose,position=(-3.459 -0.868 -0.000)m, orientation={yaw=2.730, pitch=0.000, roll=0.000},system.loop_hz,21.687875384601696,system.loop_avg_fps,23.00614983065687,system.loop_worst_fps,5.284545870358209,system.loop_1pct_low_fps,12.111696758999665,system.loop_0_1pct_low_fps,7.556675062972292,drive.heading_rad,-0.0,intake.over_current,0.0,intake.shooting,false,robot.shot_preset,close,robot.shooter_hood_luts_enabled,true,robot.slow_mode,false,robot.turret_forward_override,false,robot.hang_mode,false,shooter.running,true,shooter.busy,true,shooter.impact_detected,false,shooter.over_current,false,turret.over_current,false
338.18849823,system.limelight_pose,position=(-3.459 -0.868 -0.000)m, orientation={yaw=2.730, pitch=0.000, roll=0.000},system.loop_hz,19.693113546641673,system.loop_avg_fps,23.00000065916457,system.loop_worst_fps,5.284545870358209,system.loop_1pct_low_fps,12.10762331838565,system.loop_0_1pct_low_fps,7.556675062972292,drive.heading_rad,-0.0,intake.over_current,0.0,intake.shooting,false,robot.shot_preset,close,robot.shooter_hood_luts_enabled,true,robot.slow_mode,false,robot.turret_forward_override,false,robot.hang_mode,false,shooter.running,true,shooter.busy,false,shooter.impact_detected,false,shooter.over_current,false,turret.over_current,false
338.427887754,system.limelight_pose,position=(-3.459 -0.868 -0.000)m, orientation={yaw=2.730, pitch=0.000, roll=0.000},system.loop_hz,23.994982745105855,system.loop_avg_fps,22.99566737436253,system.loop_worst_fps,5.284545870358209,system.loop_1pct_low_fps,12.10762331838565,system.loop_0_1pct_low_fps,7.556675062972292,drive.heading_rad,-0.0,intake.over_current,0.0,intake.shooting,false,robot.shot_preset,close,robot.shooter_hood_luts_enabled,true,robot.slow_mode,false,robot.turret_forward_override,false,robot.hang_mode,false,shooter.running,true,shooter.busy,true,shooter.impact_detected,false,shooter.over_current,false,turret.over_current,false
338.657768652,system.limelight_pose,position=(-3.459 -0.868 -0.000)m, orientation={yaw=2.730, pitch=0.000, roll=0.000},system.loop_hz,22.146246325303007,system.loop_avg_fps,22.993220479721696,system.loop_worst_fps,5.284545870358209,system.loop_1pct_low_fps,12.10762331838565,system.loop_0_1pct_low_fps,7.556675062972292,drive.heading_rad,-0.0,intake.over_current,0.0,intake.shooting,false,robot.shot_preset,close,robot.shooter_hood_luts_enabled,true,robot.slow_mode,false,robot.turret_forward_override,false,robot.hang_mode,false,shooter.running,true,shooter.busy,true,shooter.impact_detected,false,shooter.over_current,false,turret.over_current,false
338.863605715,system.limelight_pose,position=(-3.459 -0.868 -0.000)m, orientation={yaw=2.730, pitch=0.000, roll=0.000},system.loop_hz,27.040270182056588,system.loop_avg_fps,22.99549991848536,system.loop_worst_fps,5.284545870358209,system.loop_1pct_low_fps,12.10762331838565,system.loop_0_1pct_low_fps,7.556675062972292,drive.heading_rad,-0.0,intake.over_current,0.0,intake.shooting,false,robot.shot_preset,close,robot.shooter_hood_luts_enabled,true,robot.slow_mode,false,robot.turret_forward_override,false,robot.hang_mode,false,shooter.running,true,shooter.busy,true,shooter.impact_detected,false,shooter.over_current,false,turret.over_current,false
339.06641586,system.limelight_pose,position=(-3.459 -0.868 -0.000)m, orientation={yaw=2.730, pitch=0.000, roll=0.000},system.loop_hz,38.88900188307603,system.loop_avg_fps,22.99836431644043,system.loop_worst_fps,5.284545870358209,system.loop_1pct_low_fps,12.10762331838565,system.loop_0_1pct_low_fps,7.556675062972292,drive.heading_rad,-0.0,intake.over_current,0.0,intake.shooting,false,robot.shot_preset,close,robot.shooter_hood_luts_enabled,true,robot.slow_mode,false,robot.turret_forward_override,false,robot.hang_mode,false,shooter.running,true,shooter.busy,true,shooter.impact_detected,false,shooter.over_current,false,turret.over_current,false
339.303533301,system.limelight_pose,position=(-3.459 -0.868 -0.000)m, orientation={yaw=2.730, pitch=0.000, roll=0.000},system.loop_hz,18.868886841534245,system.loop_avg_fps,23.003011559832895,system.loop_worst_fps,5.284545870358209,system.loop_1pct_low_fps,12.165978709537258,system.loop_0_1pct_low_fps,7.556675062972292,drive.heading_rad,-0.0,intake.over_current,0.0,intake.shooting,false,robot.shot_preset,close,robot.shooter_hood_luts_enabled,true,robot.slow_mode,false,robot.turret_forward_override,false,robot.hang_mode,false,shooter.running,true,shooter.busy,true,shooter.impact_detected,false,shooter.over_current,false,turret.over_current,false
339.541467991,system.limelight_pose,position=(-3.459 -0.868 -0.000)m, orientation={yaw=2.730, pitch=0.000, roll=0.000},system.loop_hz,25.394377217631313,system.loop_avg_fps,23.007480589664006,system.loop_worst_fps,5.284545870358209,system.loop_1pct_low_fps,12.134344528710725,system.loop_0_1pct_low_fps,7.556675062972292,drive.heading_rad,-0.0,intake.over_current,0.0,intake.shooting,false,robot.shot_preset,close,robot.shooter_hood_luts_enabled,true,robot.slow_mode,false,robot.turret_forward_override,false,robot.hang_mode,false,shooter.running,true,shooter.busy,true,shooter.impact_detected,false,shooter.over_current,false,turret.over_current,false
339.754216387,system.limelight_pose,position=(-3.459 -0.868 -0.000)m, orientation={yaw=2.730, pitch=0.000, roll=0.000},system.loop_hz,28.503018882986513,system.loop_avg_fps,23.008371415954443,system.loop_worst_fps,5.284545870358209,system.loop_1pct_low_fps,12.134344528710725,system.loop_0_1pct_low_fps,7.556675062972292,drive.heading_rad,-0.0,intake.over_current,0.0,intake.shooting,false,robot.shot_preset,close,robot.shooter_hood_luts_enabled,true,robot.slow_mode,false,robot.turret_forward_override,false,robot.hang_mode,false,shooter.running,true,shooter.busy,true,shooter.impact_detected,false,shooter.over_current,false,turret.over_current,false
339.993885036,system.limelight_pose,position=(-3.459 -0.868 -0.000)m, orientation={yaw=2.730, pitch=0.000, roll=0.000},system.loop_hz,24.049009572809034,system.loop_avg_fps,23.004024269825454,system.loop_worst_fps,5.284545870358209,system.loop_1pct_low_fps,12.134344528710725,system.loop_0_1pct_low_fps,7.556675062972292,drive.heading_rad,-0.0,intake.over_current,0.0,intake.shooting,false,robot.shot_preset,close,robot.shooter_hood_luts_enabled,true,robot.slow_mode,false,robot.turret_forward_override,false,robot.hang_mode,false,shooter.running,true,shooter.busy,true,shooter.impact_detected,false,shooter.over_current,false,turret.over_current,false
340.236720019,system.limelight_pose,position=(-3.459 -0.868 -0.000)m, orientation={yaw=2.730, pitch=0.000, roll=0.000},system.loop_hz,15.839794794816893,system.loop_avg_fps,22.99908050620726,system.loop_worst_fps,5.284545870358209,system.loop_1pct_low_fps,12.134344528710725,system.loop_0_1pct_low_fps,7.556675062972292,drive.heading_rad,-0.0,intake.over_current,0.0,intake.shooting,false,robot.shot_preset,close,robot.shooter_hood_luts_enabled,true,robot.slow_mode,false,robot.turret_forward_override,false,robot.hang_mode,false,shooter.running,true,shooter.busy,true,shooter.impact_detected,false,shooter.over_current,false,turret.over_current,false
340.451278499,system.limelight_pose,position=(-3.459 -0.868 -0.000)m, orientation={yaw=2.730, pitch=0.000, roll=0.000},system.loop_hz,36.042797794786054,system.loop_avg_fps,22.999630680988943,system.loop_worst_fps,5.284545870358209,system.loop_1pct_low_fps,12.134344528710725,system.loop_0_1pct_low_fps,7.556675062972292,drive.heading_rad,-0.0,intake.over_current,0.0,intake.shooting,false,robot.shot_preset,close,robot.shooter_hood_luts_enabled,true,robot.slow_mode,false,robot.turret_forward_override,false,robot.hang_mode,false,shooter.running,true,shooter.busy,true,shooter.impact_detected,false,shooter.over_current,false,turret.over_current,false
340.676696897,system.limelight_pose,position=(-3.459 -0.868 -0.000)m, orientation={yaw=2.730, pitch=0.000, roll=0.000},system.loop_hz,18.587574455558197,system.loop_avg_fps,22.998080054954734,system.loop_worst_fps,5.284545870358209,system.loop_1pct_low_fps,12.134344528710725,system.loop_0_1pct_low_fps,7.556675062972292,drive.heading_rad,-0.0,intake.over_current,0.0,intake.shooting,false,robot.shot_preset,close,robot.shooter_hood_luts_enabled,true,robot.slow_mode,false,robot.turret_forward_override,false,robot.hang_mode,false,shooter.running,true,shooter.busy,true,shooter.impact_detected,false,shooter.over_current,false,turret.over_current,false
340.900352169,system.limelight_pose,position=(-3.459 -0.868 -0.000)m, orientation={yaw=2.730, pitch=0.000, roll=0.000},system.loop_hz,16.54500189225748,system.loop_avg_fps,22.99687534535492,system.loop_worst_fps,5.284545870358209,system.loop_1pct_low_fps,12.134344528710725,system.loop_0_1pct_low_fps,7.556675062972292,drive.heading_rad,-0.0,intake.over_current,0.0,intake.shooting,false,robot.shot_preset,close,robot.shooter_hood_luts_enabled,true,robot.slow_mode,false,robot.turret_forward_override,false,robot.hang_mode,false,shooter.running,true,shooter.busy,true,shooter.impact_detected,false,shooter.over_current,false,turret.over_current,false
341.110138982,system.limelight_pose,position=(-3.459 -0.868 -0.000)m, orientation={yaw=2.730, pitch=0.000, roll=0.000},system.loop_hz,16.68526211319394,system.loop_avg_fps,22.989972985328578,system.loop_worst_fps,5.284545870358209,system.loop_1pct_low_fps,12.134344528710725,system.loop_0_1pct_low_fps,7.556675062972292,drive.heading_rad,-0.0,intake.over_current,0.0,intake.shooting,false,robot.shot_preset,close,robot.shooter_hood_luts_enabled,true,robot.slow_mode,false,robot.turret_forward_override,false,robot.hang_mode,false,shooter.running,true,shooter.busy,true,shooter.impact_detected,false,shooter.over_current,false,turret.over_current,false
341.33467013,system.limelight_pose,position=(-3.459 -0.868 -0.000)m, orientation={yaw=2.730, pitch=0.000, roll=0.000},system.loop_hz,23.93618326307964,system.loop_avg_fps,22.98861953117358,system.loop_worst_fps,5.284545870358209,system.loop_1pct_low_fps,12.134344528710725,system.loop_0_1pct_low_fps,7.556675062972292,drive.heading_rad,-0.0,intake.over_current,0.0,intake.shooting,false,robot.shot_preset,close,robot.shooter_hood_luts_enabled,true,robot.slow_mode,false,robot.turret_forward_override,false,robot.hang_mode,false,shooter.running,true,shooter.busy,true,shooter.impact_detected,false,shooter.over_current,false,turret.over_current,false
341.538859858,system.limelight_pose,position=(-3.459 -0.868 -0.000)m, orientation={yaw=2.730, pitch=0.000, roll=0.000},system.loop_hz,19.379874631960842,system.loop_avg_fps,22.98282969363749,system.loop_worst_fps,5.284545870358209,system.loop_1pct_low_fps,12.134344528710725,system.loop_0_1pct_low_fps,7.556675062972292,drive.heading_rad,-0.0,intake.over_current,0.0,intake.shooting,false,robot.shot_preset,close,robot.shooter_hood_luts_enabled,true,robot.slow_mode,false,robot.turret_forward_override,false,robot.hang_mode,false,shooter.running,true,shooter.busy,true,shooter.impact_detected,false,shooter.over_current,false,turret.over_current,false
341.745698504,system.limelight_pose,position=(-3.459 -0.868 -0.000)m, orientation={yaw=2.730, pitch=0.000, roll=0.000},system.loop_hz,19.515445919256155,system.loop_avg_fps,22.976552677869527,system.loop_worst_fps,5.284545870358209,system.loop_1pct_low_fps,12.134344528710725,system.loop_0_1pct_low_fps,7.556675062972292,drive.heading_rad,-0.0,intake.over_current,0.0,intake.shooting,false,robot.shot_preset,close,robot.shooter_hood_luts_enabled,true,robot.slow_mode,false,robot.turret_forward_override,false,robot.hang_mode,false,shooter.running,true,shooter.busy,true,shooter.impact_detected,false,shooter.over_current,false,turret.over_current,false
341.963228193,system.limelight_pose,position=(-3.459 -0.868 -0.000)m, orientation={yaw=2.730, pitch=0.000, roll=0.000},system.loop_hz,24.453462664113985,system.loop_avg_fps,22.976568618834033,system.loop_worst_fps,5.284545870358209,system.loop_1pct_low_fps,12.134344528710725,system.loop_0_1pct_low_fps,7.556675062972292,drive.heading_rad,-0.0,intake.over_current,0.0,intake.shooting,false,robot.shot_preset,close,robot.shooter_hood_luts_enabled,true,robot.slow_mode,false,robot.turret_forward_override,false,robot.hang_mode,false,shooter.running,true,shooter.busy,true,shooter.impact_detected,false,shooter.over_current,false,turret.over_current,false
342.167240588,system.limelight_pose,position=(-3.459 -0.868 -0.000)m, orientation={yaw=2.730, pitch=0.000, roll=0.000},system.loop_hz,19.470118770637892,system.loop_avg_fps,22.97916192976516,system.loop_worst_fps,5.284545870358209,system.loop_1pct_low_fps,12.134344528710725,system.loop_0_1pct_low_fps,7.556675062972292,drive.heading_rad,-0.0,intake.over_current,0.0,intake.shooting,false,robot.shot_preset,close,robot.shooter_hood_luts_enabled,true,robot.slow_mode,false,robot.turret_forward_override,false,robot.hang_mode,false,shooter.running,true,shooter.busy,true,shooter.impact_detected,false,shooter.over_current,false,turret.over_current,false
342.402190945,system.limelight_pose,position=(-3.459 -0.868 -0.000)m, orientation={yaw=2.730, pitch=0.000, roll=0.000},system.loop_hz,24.05457752718489,system.loop_avg_fps,22.97585749540074,system.loop_worst_fps,5.284545870358209,system.loop_1pct_low_fps,12.134344528710725,system.loop_0_1pct_low_fps,7.556675062972292,drive.heading_rad,-0.0,intake.over_current,0.0,intake.shooting,false,robot.shot_preset,close,robot.shooter_hood_luts_enabled,true,robot.slow_mode,false,robot.turret_forward_override,false,robot.hang_mode,false,shooter.running,true,shooter.busy,true,shooter.impact_detected,false,shooter.over_current,false,turret.over_current,false
342.602264382,system.limelight_pose,position=(-3.459 -0.868 -0.000)m, orientation={yaw=2.730, pitch=0.000, roll=0.000},system.loop_hz,17.926700375325186,system.loop_avg_fps,22.9709221474877,system.loop_worst_fps,5.284545870358209,system.loop_1pct_low_fps,12.134344528710725,system.loop_0_1pct_low_fps,7.556675062972292,drive.heading_rad,-0.0,intake.over_current,0.0,intake.shooting,false,robot.shot_preset,close,robot.shooter_hood_luts_enabled,true,robot.slow_mode,false,robot.turret_forward_override,false,robot.hang_mode,false,shooter.running,true,shooter.busy,true,shooter.impact_detected,false,shooter.over_current,false,turret.over_current,false
342.846077615,system.limelight_pose,position=(-3.459 -0.868 -0.000)m, orientation={yaw=2.730, pitch=0.000, roll=0.000},system.loop_hz,15.350458960302577,system.loop_avg_fps,22.957713500521457,system.loop_worst_fps,5.284545870358209,system.loop_1pct_low_fps,12.134344528710725,system.loop_0_1pct_low_fps,7.556675062972292,drive.heading_rad,-0.0,intake.over_current,0.0,intake.shooting,false,robot.shot_preset,close,robot.shooter_hood_luts_enabled,true,robot.slow_mode,false,robot.turret_forward_override,false,robot.hang_mode,false,shooter.running,true,shooter.busy,true,shooter.impact_detected,false,shooter.over_current,false,turret.over_current,false
343.073049429,system.limelight_pose,position=(-3.459 -0.868 -0.000)m, orientation={yaw=2.730, pitch=0.000, roll=0.000},system.loop_hz,18.603611091146398,system.loop_avg_fps,22.955977561767952,system.loop_worst_fps,5.284545870358209,system.loop_1pct_low_fps,12.134344528710725,system.loop_0_1pct_low_fps,7.556675062972292,drive.heading_rad,-0.0,intake.over_current,0.0,intake.shooting,false,robot.shot_preset,close,robot.shooter_hood_luts_enabled,true,robot.slow_mode,false,robot.turret_forward_override,false,robot.hang_mode,false,shooter.running,true,shooter.busy,true,shooter.impact_detected,false,shooter.over_current,false,turret.over_current,false
343.29570516,system.limelight_pose,position=(-3.459 -0.868 -0.000)m, orientation={yaw=2.730, pitch=0.000, roll=0.000},system.loop_hz,19.635256650580803,system.loop_avg_fps,22.95506264824206,system.loop_worst_fps,5.284545870358209,system.loop_1pct_low_fps,12.134344528710725,system.loop_0_1pct_low_fps,7.556675062972292,drive.heading_rad,-0.0,intake.over_current,0.0,intake.shooting,false,robot.shot_preset,close,robot.shooter_hood_luts_enabled,true,robot.slow_mode,false,robot.turret_forward_override,false,robot.hang_mode,false,shooter.running,true,shooter.busy,true,shooter.impact_detected,false,shooter.over_current,false,turret.over_current,false
343.515940057,system.limelight_pose,position=(-3.459 -0.868 -0.000)m, orientation={yaw=2.730, pitch=0.000, roll=0.000},system.loop_hz,18.09396474538378,system.loop_avg_fps,22.946400252002718,system.loop_worst_fps,5.284545870358209,system.loop_1pct_low_fps,12.134344528710725,system.loop_0_1pct_low_fps,7.556675062972292,drive.heading_rad,-0.0,intake.over_current,0.0,intake.shooting,false,robot.shot_preset,close,robot.shooter_hood_luts_enabled,true,robot.slow_mode,false,robot.turret_forward_override,false,robot.hang_mode,false,shooter.running,true,shooter.busy,true,shooter.impact_detected,false,shooter.over_current,false,turret.over_current,false
343.752937039,system.limelight_pose,position=(-3.459 -0.868 -0.000)m, orientation={yaw=2.730, pitch=0.000, roll=0.000},system.loop_hz,24.603496811324646,system.loop_avg_fps,22.95100169352017,system.loop_worst_fps,5.284545870358209,system.loop_1pct_low_fps,12.189995796553175,system.loop_0_1pct_low_fps,7.556675062972292,drive.heading_rad,-0.0,intake.over_current,0.0,intake.shooting,false,robot.shot_preset,close,robot.shooter_hood_luts_enabled,true,robot.slow_mode,false,robot.turret_forward_override,false,robot.hang_mode,false,shooter.running,true,shooter.busy,true,shooter.impact_detected,false,shooter.over_current,false,turret.over_current,false
343.966436186,system.limelight_pose,position=(-3.459 -0.868 -0.000)m, orientation={yaw=2.730, pitch=0.000, roll=0.000},system.loop_hz,36.10656419142376,system.loop_avg_fps,22.951819199508332,system.loop_worst_fps,5.284545870358209,system.loop_1pct_low_fps,12.189995796553175,system.loop_0_1pct_low_fps,7.556675062972292,drive.heading_rad,-0.0,intake.over_current,0.0,intake.shooting,false,robot.shot_preset,close,robot.shooter_hood_luts_enabled,true,robot.slow_mode,false,robot.turret_forward_override,false,robot.hang_mode,false,shooter.running,true,shooter.busy,true,shooter.impact_detected,false,shooter.over_current,false,turret.over_current,false
344.196787834,system.limelight_pose,position=(-3.459 -0.868 -0.000)m, orientation={yaw=2.730, pitch=0.000, roll=0.000},system.loop_hz,20.314087482454173,system.loop_avg_fps,22.941315738229708,system.loop_worst_fps,5.284545870358209,system.loop_1pct_low_fps,12.189995796553175,system.loop_0_1pct_low_fps,7.556675062972292,drive.heading_rad,-0.0,intake.over_current,0.0,intake.shooting,false,robot.shot_preset,close,robot.shooter_hood_luts_enabled,true,robot.slow_mode,false,robot.turret_forward_override,false,robot.hang_mode,false,shooter.running,true,shooter.busy,true,shooter.impact_detected,false,shooter.over_current,false,turret.over_current,false
344.430630149,system.limelight_pose,position=(-3.459 -0.868 -0.000)m, orientation={yaw=2.730, pitch=0.000, roll=0.000},system.loop_hz,22.291675156066873,system.loop_avg_fps,22.93834539859985,system.loop_worst_fps,5.284545870358209,system.loop_1pct_low_fps,12.189995796553175,system.loop_0_1pct_low_fps,7.556675062972292,drive.heading_rad,-0.0,intake.over_current,0.0,intake.shooting,false,robot.shot_preset,close,robot.shooter_hood_luts_enabled,true,robot.slow_mode,false,robot.turret_forward_override,false,robot.hang_mode,false,shooter.running,true,shooter.busy,true,shooter.impact_detected,false,shooter.over_current,false,turret.over_current,false
344.674225507,system.limelight_pose,position=(-3.459 -0.868 -0.000)m, orientation={yaw=2.730, pitch=0.000, roll=0.000},system.loop_hz,17.727141812325343,system.loop_avg_fps,22.933567847346925,system.loop_worst_fps,5.284545870358209,system.loop_1pct_low_fps,12.189995796553175,system.loop_0_1pct_low_fps,7.556675062972292,drive.heading_rad,-0.0,intake.over_current,0.0,intake.shooting,false,robot.shot_preset,close,robot.shooter_hood_luts_enabled,true,robot.slow_mode,false,robot.turret_forward_override,false,robot.hang_mode,false,shooter.running,true,shooter.busy,true,shooter.impact_detected,false,shooter.over_current,false,turret.over_current,false
344.893295195,system.limelight_pose,position=(-3.459 -0.868 -0.000)m, orientation={yaw=2.730, pitch=0.000, roll=0.000},system.loop_hz,19.829333684016834,system.loop_avg_fps,22.933372681967302,system.loop_worst_fps,5.284545870358209,system.loop_1pct_low_fps,12.189995796553175,system.loop_0_1pct_low_fps,7.556675062972292,drive.heading_rad,-0.0,intake.over_current,0.0,intake.shooting,false,robot.shot_preset,close,robot.shooter_hood_luts_enabled,true,robot.slow_mode,false,robot.turret_forward_override,false,robot.hang_mode,false,shooter.running,true,shooter.busy,true,shooter.impact_detected,false,shooter.over_current,false,turret.over_current,false
345.106806592,system.limelight_pose,position=(-3.459 -0.868 -0.000)m, orientation={yaw=2.730, pitch=0.000, roll=0.000},system.loop_hz,23.661472847188563,system.loop_avg_fps,22.934210850500556,system.loop_worst_fps,5.284545870358209,system.loop_1pct_low_fps,12.189995796553175,system.loop_0_1pct_low_fps,7.556675062972292,drive.heading_rad,-0.0,intake.over_current,0.0,intake.shooting,false,robot.shot_preset,close,robot.shooter_hood_luts_enabled,true,robot.slow_mode,false,robot.turret_forward_override,false,robot.hang_mode,false,shooter.running,true,shooter.busy,true,shooter.impact_detected,false,shooter.over_current,false,turret.over_current,false
345.30758207,system.limelight_pose,position=(-3.459 -0.868 -0.000)m, orientation={yaw=2.730, pitch=0.000, roll=0.000},system.loop_hz,15.935353965950513,system.loop_avg_fps,22.92932066012599,system.loop_worst_fps,5.284545870358209,system.loop_1pct_low_fps,12.189995796553175,system.loop_0_1pct_low_fps,7.556675062972292,drive.heading_rad,-0.0,intake.over_current,0.0,intake.shooting,false,robot.shot_preset,close,robot.shooter_hood_luts_enabled,true,robot.slow_mode,false,robot.turret_forward_override,false,robot.hang_mode,false,shooter.running,true,shooter.busy,true,shooter.impact_detected,false,shooter.over_current,false,turret.over_current,false
345.547445261,system.limelight_pose,position=(-3.459 -0.868 -0.000)m, orientation={yaw=2.730, pitch=0.000, roll=0.000},system.loop_hz,25.02150034971682,system.loop_avg_fps,22.933357608967473,system.loop_worst_fps,5.284545870358209,system.loop_1pct_low_fps,12.189995796553175,system.loop_0_1pct_low_fps,7.556675062972292,drive.heading_rad,-0.0,intake.over_current,0.0,intake.shooting,false,robot.shot_preset,close,robot.shooter_hood_luts_enabled,true,robot.slow_mode,false,robot.turret_forward_override,false,robot.hang_mode,false,shooter.running,true,shooter.busy,true,shooter.impact_detected,false,shooter.over_current,false,turret.over_current,false
345.7678712,system.limelight_pose,position=(-3.459 -0.868 -0.000)m, orientation={yaw=2.730, pitch=0.000, roll=0.000},system.loop_hz,25.434881146759185,system.loop_avg_fps,22.932913560675484,system.loop_worst_fps,5.284545870358209,system.loop_1pct_low_fps,12.189995796553175,system.loop_0_1pct_low_fps,7.556675062972292,drive.heading_rad,-0.0,intake.over_current,0.0,intake.shooting,false,robot.shot_preset,close,robot.shooter_hood_luts_enabled,true,robot.slow_mode,false,robot.turret_forward_override,false,robot.hang_mode,false,shooter.running,true,shooter.busy,true,shooter.impact_detected,false,shooter.over_current,false,turret.over_current,false
345.975805054,system.limelight_pose,position=(-3.459 -0.868 -0.000)m, orientation={yaw=2.730, pitch=0.000, roll=0.000},system.loop_hz,19.06668391566911,system.loop_avg_fps,22.92673115363612,system.loop_worst_fps,5.284545870358209,system.loop_1pct_low_fps,12.189995796553175,system.loop_0_1pct_low_fps,7.556675062972292,drive.heading_rad,-0.0,intake.over_current,0.0,intake.shooting,false,robot.shot_preset,close,robot.shooter_hood_luts_enabled,true,robot.slow_mode,false,robot.turret_forward_override,false,robot.hang_mode,false,shooter.running,true,shooter.busy,true,shooter.impact_detected,false,shooter.over_current,false,turret.over_current,false
346.189435742,system.limelight_pose,position=(-3.459 -0.868 -0.000)m, orientation={yaw=2.730, pitch=0.000, roll=0.000},system.loop_hz,14.729500457092422,system.loop_avg_fps,22.91952079325654,system.loop_worst_fps,5.284545870358209,system.loop_1pct_low_fps,12.189995796553175,system.loop_0_1pct_low_fps,7.556675062972292,drive.heading_rad,-0.0,intake.over_current,0.0,intake.shooting,false,robot.shot_preset,close,robot.shooter_hood_luts_enabled,true,robot.slow_mode,false,robot.turret_forward_override,false,robot.hang_mode,false,shooter.running,true,shooter.busy,true,shooter.impact_detected,false,shooter.over_current,false,turret.over_current,false
346.431831475,system.limelight_pose,position=(-3.459 -0.868 -0.000)m, orientation={yaw=2.730, pitch=0.000, roll=0.000},system.loop_hz,21.779906207011663,system.loop_avg_fps,22.91506767150553,system.loop_worst_fps,5.284545870358209,system.loop_1pct_low_fps,12.189995796553175,system.loop_0_1pct_low_fps,7.556675062972292,drive.heading_rad,-0.0,intake.over_current,0.0,intake.shooting,false,robot.shot_preset,close,robot.shooter_hood_luts_enabled,true,robot.slow_mode,false,robot.turret_forward_override,false,robot.hang_mode,false,shooter.running,true,shooter.busy,false,shooter.impact_detected,true,shooter.over_current,false,turret.over_current,false
346.676222791,system.limelight_pose,position=(-3.459 -0.868 -0.000)m, orientation={yaw=2.730, pitch=0.000, roll=0.000},system.loop_hz,21.565510262197254,system.loop_avg_fps,22.910266086547264,system.loop_worst_fps,5.284545870358209,system.loop_1pct_low_fps,12.163154031666142,system.loop_0_1pct_low_fps,7.556675062972292,drive.heading_rad,-0.0,intake.over_current,0.0,intake.shooting,false,robot.shot_preset,close,robot.shooter_hood_luts_enabled,true,robot.slow_mode,false,robot.turret_forward_override,false,robot.hang_mode,false,shooter.running,true,shooter.busy,false,shooter.impact_detected,true,shooter.over_current,false,turret.over_current,false
346.897769897,system.limelight_pose,position=(-3.459 -0.868 -0.000)m, orientation={yaw=2.730, pitch=0.000, roll=0.000},system.loop_hz,23.794154485330356,system.loop_avg_fps,22.909661578520847,system.loop_worst_fps,5.284545870358209,system.loop_1pct_low_fps,12.163154031666142,system.loop_0_1pct_low_fps,7.556675062972292,drive.heading_rad,-0.0,intake.over_current,0.0,intake.shooting,false,robot.shot_preset,close,robot.shooter_hood_luts_enabled,true,robot.slow_mode,false,robot.turret_forward_override,false,robot.hang_mode,false,shooter.running,true,shooter.busy,false,shooter.impact_detected,false,shooter.over_current,false,turret.over_current,false
347.138194838,system.limelight_pose,position=(-3.459 -0.868 -0.000)m, orientation={yaw=2.730, pitch=0.000, roll=0.000},system.loop_hz,20.684321327860065,system.loop_avg_fps,22.90561241749963,system.loop_worst_fps,5.284545870358209,system.loop_1pct_low_fps,12.163154031666142,system.loop_0_1pct_low_fps,7.556675062972292,drive.heading_rad,-0.0,intake.over_current,0.0,intake.shooting,false,robot.shot_preset,close,robot.shooter_hood_luts_enabled,true,robot.slow_mode,false,robot.turret_forward_override,false,robot.hang_mode,false,shooter.running,true,shooter.busy,false,shooter.impact_detected,false,shooter.over_current,false,turret.over_current,false
347.355175901,system.limelight_pose,position=(-3.459 -0.868 -0.000)m, orientation={yaw=2.730, pitch=0.000, roll=0.000},system.loop_hz,25.272333401129234,system.loop_avg_fps,22.90585043362348,system.loop_worst_fps,5.284545870358209,system.loop_1pct_low_fps,12.163154031666142,system.loop_0_1pct_low_fps,7.556675062972292,drive.heading_rad,-0.0,intake.over_current,0.0,intake.shooting,false,robot.shot_preset,close,robot.shooter_hood_luts_enabled,true,robot.slow_mode,false,robot.turret_forward_override,false,robot.hang_mode,false,shooter.running,true,shooter.busy,false,shooter.impact_detected,false,shooter.over_current,false,turret.over_current,false
347.574774673,system.limelight_pose,position=(-3.459 -0.868 -0.000)m, orientation={yaw=2.730, pitch=0.000, roll=0.000},system.loop_hz,22.271402924007596,system.loop_avg_fps,22.90561139699424,system.loop_worst_fps,5.284545870358209,system.loop_1pct_low_fps,12.163154031666142,system.loop_0_1pct_low_fps,7.556675062972292,drive.heading_rad,-0.0,intake.over_current,0.0,intake.shooting,false,robot.shot_preset,close,robot.shooter_hood_luts_enabled,true,robot.slow_mode,false,robot.turret_forward_override,false,robot.hang_mode,false,shooter.running,true,shooter.busy,false,shooter.impact_detected,false,shooter.over_current,false,turret.over_current,false
347.785832569,system.limelight_pose,position=(-3.459 -0.868 -0.000)m, orientation={yaw=2.730, pitch=0.000, roll=0.000},system.loop_hz,22.47639074297582,system.loop_avg_fps,22.898995346406622,system.loop_worst_fps,5.284545870358209,system.loop_1pct_low_fps,12.163154031666142,system.loop_0_1pct_low_fps,7.556675062972292,drive.heading_rad,-0.0,intake.over_current,0.0,intake.shooting,false,robot.shot_preset,close,robot.shooter_hood_luts_enabled,true,robot.slow_mode,false,robot.turret_forward_override,false,robot.hang_mode,false,shooter.running,true,shooter.busy,false,shooter.impact_detected,false,shooter.over_current,false,turret.over_current,false
347.993229174,system.limelight_pose,position=(-3.459 -0.868 -0.000)m, orientation={yaw=2.730, pitch=0.000, roll=0.000},system.loop_hz,24.645943158194214,system.loop_avg_fps,22.900980885254707,system.loop_worst_fps,5.284545870358209,system.loop_1pct_low_fps,12.163154031666142,system.loop_0_1pct_low_fps,7.556675062972292,drive.heading_rad,-0.0,intake.over_current,0.0,intake.shooting,false,robot.shot_preset,close,robot.shooter_hood_luts_enabled,true,robot.slow_mode,false,robot.turret_forward_override,false,robot.hang_mode,false,shooter.running,true,shooter.busy,false,shooter.impact_detected,false,shooter.over_current,false,turret.over_current,false
348.225450405,system.limelight_pose,position=(-3.459 -0.868 -0.000)m, orientation={yaw=2.730, pitch=0.000, roll=0.000},system.loop_hz,18.216054428103327,system.loop_avg_fps,22.89846747446171,system.loop_worst_fps,5.284545870358209,system.loop_1pct_low_fps,12.163154031666142,system.loop_0_1pct_low_fps,7.556675062972292,drive.heading_rad,-0.0,intake.over_current,0.0,intake.shooting,false,robot.shot_preset,close,robot.shooter_hood_luts_enabled,true,robot.slow_mode,false,robot.turret_forward_override,false,robot.hang_mode,false,shooter.running,true,shooter.busy,false,shooter.impact_detected,false,shooter.over_current,false,turret.over_current,false
348.442572635,system.limelight_pose,position=(-3.459 -0.868 -0.000)m, orientation={yaw=2.730, pitch=0.000, roll=0.000},system.loop_hz,19.428083839194223,system.loop_avg_fps,22.8908022399021,system.loop_worst_fps,5.284545870358209,system.loop_1pct_low_fps,12.216227221826326,system.loop_0_1pct_low_fps,7.556675062972292,drive.heading_rad,-0.0,intake.over_current,0.0,intake.shooting,false,robot.shot_preset,close,robot.shooter_hood_luts_enabled,true,robot.slow_mode,false,robot.turret_forward_override,false,robot.hang_mode,false,shooter.running,true,shooter.busy,false,shooter.impact_detected,false,shooter.over_current,false,turret.over_current,false
348.66761945,system.limelight_pose,position=(-3.459 -0.868 -0.000)m, orientation={yaw=2.730, pitch=0.000, roll=0.000},system.loop_hz,32.13823348402716,system.loop_avg_fps,22.88960931774038,system.loop_worst_fps,5.284545870358209,system.loop_1pct_low_fps,12.216227221826326,system.loop_0_1pct_low_fps,7.556675062972292,drive.heading_rad,-0.0,intake.over_current,0.0,intake.shooting,false,robot.shot_preset,close,robot.shooter_hood_luts_enabled,true,robot.slow_mode,false,robot.turret_forward_override,false,robot.hang_mode,false,shooter.running,true,shooter.busy,false,shooter.impact_detected,false,shooter.over_current,false,turret.over_current,false
348.907253099,system.limelight_pose,position=(-4.240 -0.827 -0.000)m, orientation={yaw=2.369, pitch=0.000, roll=0.000},system.loop_hz,22.64144313297487,system.loop_avg_fps,22.893655823631196,system.loop_worst_fps,5.284545870358209,system.loop_1pct_low_fps,12.216227221826326,system.loop_0_1pct_low_fps,7.556675062972292,drive.heading_rad,-0.0,intake.over_current,0.0,intake.shooting,false,robot.shot_preset,close,robot.shooter_hood_luts_enabled,true,robot.slow_mode,false,robot.turret_forward_override,false,robot.hang_mode,false,shooter.running,true,shooter.busy,false,shooter.impact_detected,false,shooter.over_current,false,turret.over_current,false
349.121194412,system.limelight_pose,position=(-4.240 -0.827 -0.000)m, orientation={yaw=2.369, pitch=0.000, roll=0.000},system.loop_hz,23.53316987350416,system.loop_avg_fps,22.894456903767377,system.loop_worst_fps,5.284545870358209,system.loop_1pct_low_fps,12.216227221826326,system.loop_0_1pct_low_fps,7.556675062972292,drive.heading_rad,-0.0,intake.over_current,0.0,intake.shooting,false,robot.shot_preset,close,robot.shooter_hood_luts_enabled,true,robot.slow_mode,false,robot.turret_forward_override,false,robot.hang_mode,false,shooter.running,true,shooter.busy,false,shooter.impact_detected,false,shooter.over_current,false,turret.over_current,false
349.351438143,system.limelight_pose,position=(-4.240 -0.827 -0.000)m, orientation={yaw=2.369, pitch=0.000, roll=0.000},system.loop_hz,27.19987266108695,system.loop_avg_fps,22.892332097675762,system.loop_worst_fps,5.284545870358209,system.loop_1pct_low_fps,12.216227221826326,system.loop_0_1pct_low_fps,7.556675062972292,drive.heading_rad,-0.0,intake.over_current,0.0,intake.shooting,false,robot.shot_preset,close,robot.shooter_hood_luts_enabled,true,robot.slow_mode,false,robot.turret_forward_override,false,robot.hang_mode,false,shooter.running,true,shooter.busy,false,shooter.impact_detected,false,shooter.over_current,false,turret.over_current,false
349.588648042,system.limelight_pose,position=(-4.240 -0.827 -0.000)m, orientation={yaw=2.369, pitch=0.000, roll=0.000},system.loop_hz,16.66077597163766,system.loop_avg_fps,22.888968421610986,system.loop_worst_fps,5.284545870358209,system.loop_1pct_low_fps,12.216227221826326,system.loop_0_1pct_low_fps,7.556675062972292,drive.heading_rad,-0.0,intake.over_current,0.0,intake.shooting,false,robot.shot_preset,close,robot.shooter_hood_luts_enabled,true,robot.slow_mode,false,robot.turret_forward_override,false,robot.hang_mode,false,shooter.running,true,shooter.busy,false,shooter.impact_detected,true,shooter.over_current,false,turret.over_current,false
349.818965565,system.limelight_pose,position=(-4.240 -0.827 -0.000)m, orientation={yaw=2.369, pitch=0.000, roll=0.000},system.loop_hz,20.898785281096607,system.loop_avg_fps,22.886848048302824,system.loop_worst_fps,5.284545870358209,system.loop_1pct_low_fps,12.216227221826326,system.loop_0_1pct_low_fps,7.556675062972292,drive.heading_rad,-0.0,intake.over_current,0.0,intake.shooting,false,robot.shot_preset,close,robot.shooter_hood_luts_enabled,true,robot.slow_mode,false,robot.turret_forward_override,false,robot.hang_mode,false,shooter.running,true,shooter.busy,false,shooter.impact_detected,true,shooter.over_current,false,turret.over_current,false
350.022692419,system.limelight_pose,position=(-4.240 -0.827 -0.000)m, orientation={yaw=2.369, pitch=0.000, roll=0.000},system.loop_hz,33.36614003440262,system.loop_avg_fps,22.889476165672978,system.loop_worst_fps,5.284545870358209,system.loop_1pct_low_fps,12.216227221826326,system.loop_0_1pct_low_fps,7.556675062972292,drive.heading_rad,-0.0,intake.over_current,0.0,intake.shooting,false,robot.shot_preset,close,robot.shooter_hood_luts_enabled,true,robot.slow_mode,false,robot.turret_forward_override,false,robot.hang_mode,false,shooter.running,true,shooter.busy,false,shooter.impact_detected,true,shooter.over_current,false,turret.over_current,false
350.225910606,system.limelight_pose,position=(-4.362 -0.806 -0.000)m, orientation={yaw=2.370, pitch=0.000, roll=0.000},system.loop_hz,29.70388670605431,system.loop_avg_fps,22.892186530179902,system.loop_worst_fps,5.284545870358209,system.loop_1pct_low_fps,12.216227221826326,system.loop_0_1pct_low_fps,7.556675062972292,drive.heading_rad,-0.0,intake.over_current,0.0,intake.shooting,false,robot.shot_preset,close,robot.shooter_hood_luts_enabled,true,robot.slow_mode,false,robot.turret_forward_override,false,robot.hang_mode,false,shooter.running,true,shooter.busy,false,shooter.impact_detected,false,shooter.over_current,false,turret.over_current,false
350.437543378,system.limelight_pose,position=(-4.324 -0.809 -0.000)m, orientation={yaw=2.370, pitch=0.000, roll=0.000},system.loop_hz,29.356969059687014,system.loop_avg_fps,22.893392262616604,system.loop_worst_fps,5.284545870358209,system.loop_1pct_low_fps,12.216227221826326,system.loop_0_1pct_low_fps,7.556675062972292,drive.heading_rad,-0.0,intake.over_current,0.0,intake.shooting,true,robot.shot_preset,close,robot.shooter_hood_luts_enabled,true,robot.slow_mode,false,robot.turret_forward_override,false,robot.hang_mode,false,shooter.running,true,shooter.busy,false,shooter.impact_detected,false,shooter.over_current,false,turret.over_current,false
350.657996441,system.limelight_pose,position=(-4.324 -0.809 -0.000)m, orientation={yaw=2.370, pitch=0.000, roll=0.000},system.loop_hz,19.23688693075367,system.loop_avg_fps,22.893028529010067,system.loop_worst_fps,5.284545870358209,system.loop_1pct_low_fps,12.216227221826326,system.loop_0_1pct_low_fps,7.556675062972292,drive.heading_rad,-0.0,intake.over_current,0.0,intake.shooting,true,robot.shot_preset,close,robot.shooter_hood_luts_enabled,true,robot.slow_mode,false,robot.turret_forward_override,false,robot.hang_mode,false,shooter.running,true,shooter.busy,false,shooter.impact_detected,true,shooter.over_current,false,turret.over_current,false
350.885668256,system.limelight_pose,position=(-4.324 -0.809 -0.000)m, orientation={yaw=2.370, pitch=0.000, roll=0.000},system.loop_hz,26.06782817613097,system.loop_avg_fps,22.899125954452366,system.loop_worst_fps,5.284545870358209,system.loop_1pct_low_fps,12.216227221826326,system.loop_0_1pct_low_fps,7.556675062972292,drive.heading_rad,-0.0,intake.over_current,0.0,intake.shooting,true,robot.shot_preset,close,robot.shooter_hood_luts_enabled,true,robot.slow_mode,false,robot.turret_forward_override,false,robot.hang_mode,false,shooter.running,true,shooter.busy,true,shooter.impact_detected,true,shooter.over_current,false,turret.over_current,false
351.086768651,system.limelight_pose,position=(-4.324 -0.809 -0.000)m, orientation={yaw=2.370, pitch=0.000, roll=0.000},system.loop_hz,40.61662370987553,system.loop_avg_fps,22.909904633624418,system.loop_worst_fps,5.284545870358209,system.loop_1pct_low_fps,12.216227221826326,system.loop_0_1pct_low_fps,7.556675062972292,drive.heading_rad,-0.0,intake.over_current,0.0,intake.shooting,true,robot.shot_preset,close,robot.shooter_hood_luts_enabled,true,robot.slow_mode,false,robot.turret_forward_override,false,robot.hang_mode,false,shooter.running,true,shooter.busy,true,shooter.impact_detected,true,shooter.over_current,false,turret.over_current,false
351.301180131,system.limelight_pose,position=(-4.324 -0.809 -0.000)m, orientation={yaw=2.370, pitch=0.000, roll=0.000},system.loop_hz,21.642286846933715,system.loop_avg_fps,22.91058233513617,system.loop_worst_fps,5.284545870358209,system.loop_1pct_low_fps,12.216227221826326,system.loop_0_1pct_low_fps,7.556675062972292,drive.heading_rad,-0.0,intake.over_current,0.0,intake.shooting,true,robot.shot_preset,close,robot.shooter_hood_luts_enabled,true,robot.slow_mode,false,robot.turret_forward_override,false,robot.hang_mode,false,shooter.running,true,shooter.busy,false,shooter.impact_detected,true,shooter.over_current,false,turret.over_current,false
351.53624978,system.limelight_pose,position=(-4.342 -0.811 -0.000)m, orientation={yaw=2.370, pitch=0.000, roll=0.000},system.loop_hz,21.482678623631443,system.loop_avg_fps,22.91531337292399,system.loop_worst_fps,5.284545870358209,system.loop_1pct_low_fps,12.216227221826326,system.loop_0_1pct_low_fps,7.556675062972292,drive.heading_rad,-0.0,intake.over_current,0.0,intake.shooting,false,robot.shot_preset,close,robot.shooter_hood_luts_enabled,true,robot.slow_mode,false,robot.turret_forward_override,false,robot.hang_mode,false,shooter.running,true,shooter.busy,true,shooter.impact_detected,true,shooter.over_current,false,turret.over_current,false
351.760482844,system.limelight_pose,position=(-4.304 -0.822 -0.000)m, orientation={yaw=2.370, pitch=0.000, roll=0.000},system.loop_hz,27.734087345509618,system.loop_avg_fps,22.914249747948848,system.loop_worst_fps,5.284545870358209,system.loop_1pct_low_fps,12.216227221826326,system.loop_0_1pct_low_fps,7.556675062972292,drive.heading_rad,-0.0,intake.over_current,0.0,intake.shooting,false,robot.shot_preset,close,robot.shooter_hood_luts_enabled,true,robot.slow_mode,false,robot.turret_forward_override,false,robot.hang_mode,false,shooter.running,true,shooter.busy,true,shooter.impact_detected,false,shooter.over_current,false,turret.over_current,false
352.010548244,system.limelight_pose,position=(-4.304 -0.822 -0.000)m, orientation={yaw=2.370, pitch=0.000, roll=0.000},system.loop_hz,17.444292828346196,system.loop_avg_fps,22.900976686880114,system.loop_worst_fps,5.284545870358209,system.loop_1pct_low_fps,12.202562538133007,system.loop_0_1pct_low_fps,7.556675062972292,drive.heading_rad,-0.0,intake.over_current,0.0,intake.shooting,false,robot.shot_preset,close,robot.shooter_hood_luts_enabled,true,robot.slow_mode,false,robot.turret_forward_override,false,robot.hang_mode,false,shooter.running,true,shooter.busy,false,shooter.impact_detected,true,shooter.over_current,false,turret.over_current,false
352.230438391,system.limelight_pose,position=(-4.304 -0.822 -0.000)m, orientation={yaw=2.370, pitch=0.000, roll=0.000},system.loop_hz,30.04750992078637,system.loop_avg_fps,22.900703263741082,system.loop_worst_fps,5.284545870358209,system.loop_1pct_low_fps,12.202562538133007,system.loop_0_1pct_low_fps,7.556675062972292,drive.heading_rad,-0.0,intake.over_current,0.0,intake.shooting,false,robot.shot_preset,close,robot.shooter_hood_luts_enabled,true,robot.slow_mode,false,robot.turret_forward_override,false,robot.hang_mode,false,shooter.running,true,shooter.busy,false,shooter.impact_detected,true,shooter.over_current,false,turret.over_current,false
352.483510583,system.limelight_pose,position=(-4.304 -0.822 -0.000)m, orientation={yaw=2.370, pitch=0.000, roll=0.000},system.loop_hz,17.703708921706326,system.loop_avg_fps,22.894621999800627,system.loop_worst_fps,5.284545870358209,system.loop_1pct_low_fps,12.202562538133007,system.loop_0_1pct_low_fps,7.556675062972292,drive.heading_rad,-0.0,intake.over_current,0.0,intake.shooting,false,robot.shot_preset,close,robot.shooter_hood_luts_enabled,true,robot.slow_mode,false,robot.turret_forward_override,false,robot.hang_mode,false,shooter.running,true,shooter.busy,true,shooter.impact_detected,true,shooter.over_current,false,turret.over_current,false
352.697661313,system.limelight_pose,position=(-4.304 -0.822 -0.000)m, orientation={yaw=2.370, pitch=0.000, roll=0.000},system.loop_hz,28.64446869293455,system.loop_avg_fps,22.895363046275175,system.loop_worst_fps,5.284545870358209,system.loop_1pct_low_fps,12.202562538133007,system.loop_0_1pct_low_fps,7.556675062972292,drive.heading_rad,-0.0,intake.over_current,0.0,intake.shooting,false,robot.shot_preset,close,robot.shooter_hood_luts_enabled,true,robot.slow_mode,false,robot.turret_forward_override,false,robot.hang_mode,false,shooter.running,true,shooter.busy,true,shooter.impact_detected,true,shooter.over_current,false,turret.over_current,false
352.902800417,system.limelight_pose,position=(-4.304 -0.822 -0.000)m, orientation={yaw=2.370, pitch=0.000, roll=0.000},system.loop_hz,26.533025829734253,system.loop_avg_fps,22.897673888202487,system.loop_worst_fps,5.284545870358209,system.loop_1pct_low_fps,12.25296442687747,system.loop_0_1pct_low_fps,8.209338122113904,drive.heading_rad,-0.0,intake.over_current,0.0,intake.shooting,false,robot.shot_preset,close,robot.shooter_hood_luts_enabled,true,robot.slow_mode,false,robot.turret_forward_override,false,robot.hang_mode,false,shooter.running,true,shooter.busy,true,shooter.impact_detected,true,shooter.over_current,false,turret.over_current,false
353.134092982,system.limelight_pose,position=(-4.304 -0.822 -0.000)m, orientation={yaw=2.370, pitch=0.000, roll=0.000},system.loop_hz,23.818287805210723,system.loop_avg_fps,22.90302836121837,system.loop_worst_fps,5.284545870358209,system.loop_1pct_low_fps,12.25296442687747,system.loop_0_1pct_low_fps,8.209338122113904,drive.heading_rad,-0.0,intake.over_current,0.0,intake.shooting,false,robot.shot_preset,close,robot.shooter_hood_luts_enabled,true,robot.slow_mode,false,robot.turret_forward_override,false,robot.hang_mode,false,shooter.running,true,shooter.busy,true,shooter.impact_detected,true,shooter.over_current,false,turret.over_current,false
353.371976922,system.limelight_pose,position=(-4.304 -0.822 -0.000)m, orientation={yaw=2.370, pitch=0.000, roll=0.000},system.loop_hz,21.457268686250544,system.loop_avg_fps,22.907217545205267,system.loop_worst_fps,5.284545870358209,system.loop_1pct_low_fps,12.25296442687747,system.loop_0_1pct_low_fps,8.209338122113904,drive.heading_rad,-0.0,intake.over_current,0.0,intake.shooting,false,robot.shot_preset,close,robot.shooter_hood_luts_enabled,true,robot.slow_mode,false,robot.turret_forward_override,false,robot.hang_mode,false,shooter.running,true,shooter.busy,true,shooter.impact_detected,true,shooter.over_current,false,turret.over_current,false
353.607629613,system.limelight_pose,position=(-4.304 -0.822 -0.000)m, orientation={yaw=2.370, pitch=0.000, roll=0.000},system.loop_hz,19.118568236429738,system.loop_avg_fps,22.904199924763795,system.loop_worst_fps,5.284545870358209,system.loop_1pct_low_fps,12.25296442687747,system.loop_0_1pct_low_fps,8.209338122113904,drive.heading_rad,-0.0,intake.over_current,0.0,intake.shooting,false,robot.shot_preset,close,robot.shooter_hood_luts_enabled,true,robot.slow_mode,false,robot.turret_forward_override,false,robot.hang_mode,false,shooter.running,true,shooter.busy,true,shooter.impact_detected,true,shooter.over_current,false,turret.over_current,false
353.821162593,system.limelight_pose,position=(-4.304 -0.822 -0.000)m, orientation={yaw=2.370, pitch=0.000, roll=0.000},system.loop_hz,18.57770433227112,system.loop_avg_fps,22.905026215340737,system.loop_worst_fps,5.284545870358209,system.loop_1pct_low_fps,12.25296442687747,system.loop_0_1pct_low_fps,8.209338122113904,drive.heading_rad,-0.0,intake.over_current,0.0,intake.shooting,false,robot.shot_preset,close,robot.shooter_hood_luts_enabled,true,robot.slow_mode,false,robot.turret_forward_override,false,robot.hang_mode,false,shooter.running,true,shooter.busy,true,shooter.impact_detected,true,shooter.over_current,false,turret.over_current,false
354.066969076,system.limelight_pose,position=(-4.304 -0.822 -0.000)m, orientation={yaw=2.370, pitch=0.000, roll=0.000},system.loop_hz,17.561521918708397,system.loop_avg_fps,22.900266374302543,system.loop_worst_fps,5.284545870358209,system.loop_1pct_low_fps,12.25296442687747,system.loop_0_1pct_low_fps,8.209338122113904,drive.heading_rad,-0.0,intake.over_current,0.0,intake.shooting,false,robot.shot_preset,close,robot.shooter_hood_luts_enabled,true,robot.slow_mode,false,robot.turret_forward_override,false,robot.hang_mode,false,shooter.running,true,shooter.busy,true,shooter.impact_detected,true,shooter.over_current,false,turret.over_current,false
354.280453347,system.limelight_pose,position=(-4.304 -0.822 -0.000)m, orientation={yaw=2.370, pitch=0.000, roll=0.000},system.loop_hz,22.856378539855857,system.loop_avg_fps,22.90110454814882,system.loop_worst_fps,5.284545870358209,system.loop_1pct_low_fps,12.25296442687747,system.loop_0_1pct_low_fps,8.209338122113904,drive.heading_rad,-0.0,intake.over_current,0.0,intake.shooting,false,robot.shot_preset,close,robot.shooter_hood_luts_enabled,true,robot.slow_mode,false,robot.turret_forward_override,false,robot.hang_mode,false,shooter.running,true,shooter.busy,true,shooter.impact_detected,true,shooter.over_current,false,turret.over_current,false
354.518195538,system.limelight_pose,position=(-4.304 -0.822 -0.000)m, orientation={yaw=2.370, pitch=0.000, roll=0.000},system.loop_hz,21.304073466685185,system.loop_avg_fps,22.897758263045024,system.loop_worst_fps,5.284545870358209,system.loop_1pct_low_fps,12.25296442687747,system.loop_0_1pct_low_fps,8.209338122113904,drive.heading_rad,-0.0,intake.over_current,0.0,intake.shooting,false,robot.shot_preset,close,robot.shooter_hood_luts_enabled,true,robot.slow_mode,false,robot.turret_forward_override,false,robot.hang_mode,false,shooter.running,true,shooter.busy,true,shooter.impact_detected,true,shooter.over_current,false,turret.over_current,false
354.7224891,system.limelight_pose,position=(-4.304 -0.822 -0.000)m, orientation={yaw=2.370, pitch=0.000, roll=0.000},system.loop_hz,29.446223716144054,system.loop_avg_fps,22.89266367136991,system.loop_worst_fps,5.284545870358209,system.loop_1pct_low_fps,12.251753779270823,system.loop_0_1pct_low_fps,8.209338122113904,drive.heading_rad,-0.0,intake.over_current,0.0,intake.shooting,false,robot.shot_preset,close,robot.shooter_hood_luts_enabled,true,robot.slow_mode,false,robot.turret_forward_override,false,robot.hang_mode,false,shooter.running,true,shooter.busy,true,shooter.impact_detected,true,shooter.over_current,false,turret.over_current,false
354.947424497,system.limelight_pose,position=(-4.304 -0.822 -0.000)m, orientation={yaw=2.370, pitch=0.000, roll=0.000},system.loop_hz,21.91704538590303,system.loop_avg_fps,22.899045914641807,system.loop_worst_fps,5.284545870358209,system.loop_1pct_low_fps,12.251753779270823,system.loop_0_1pct_low_fps,8.209338122113904,drive.heading_rad,-0.0,intake.over_current,0.0,intake.shooting,false,robot.shot_preset,close,robot.shooter_hood_luts_enabled,true,robot.slow_mode,false,robot.turret_forward_override,false,robot.hang_mode,false,shooter.running,true,shooter.busy,true,shooter.impact_detected,true,shooter.over_current,false,turret.over_current,false
355.147905392,system.limelight_pose,position=(-4.304 -0.822 -0.000)m, orientation={yaw=2.370, pitch=0.000, roll=0.000},system.loop_hz,25.748915577988775,system.loop_avg_fps,22.89461966231475,system.loop_worst_fps,5.284545870358209,system.loop_1pct_low_fps,12.246913580246913,system.loop_0_1pct_low_fps,8.209338122113904,drive.heading_rad,-0.0,intake.over_current,0.0,intake.shooting,false,robot.shot_preset,close,robot.shooter_hood_luts_enabled,true,robot.slow_mode,false,robot.turret_forward_override,false,robot.hang_mode,false,shooter.running,true,shooter.busy,true,shooter.impact_detected,true,shooter.over_current,false,turret.over_current,false
355.369985956,system.limelight_pose,position=(-4.304 -0.822 -0.000)m, orientation={yaw=2.370, pitch=0.000, roll=0.000},system.loop_hz,28.55928842593307,system.loop_avg_fps,22.893988039194898,system.loop_worst_fps,5.284545870358209,system.loop_1pct_low_fps,12.246913580246913,system.loop_0_1pct_low_fps,8.209338122113904,drive.heading_rad,-0.0,intake.over_current,0.0,intake.shooting,false,robot.shot_preset,close,robot.shooter_hood_luts_enabled,true,robot.slow_mode,false,robot.turret_forward_override,false,robot.hang_mode,false,shooter.running,true,shooter.busy,true,shooter.impact_detected,true,shooter.over_current,false,turret.over_current,false
355.615842314,system.limelight_pose,position=(-4.304 -0.822 -0.000)m, orientation={yaw=2.370, pitch=0.000, roll=0.000},system.loop_hz,14.567410334419336,system.loop_avg_fps,22.889294968365302,system.loop_worst_fps,5.284545870358209,system.loop_1pct_low_fps,12.246913580246913,system.loop_0_1pct_low_fps,8.209338122113904,drive.heading_rad,-0.0,intake.over_current,0.0,intake.shooting,false,robot.shot_preset,close,robot.shooter_hood_luts_enabled,true,robot.slow_mode,false,robot.turret_forward_override,false,robot.hang_mode,false,shooter.running,true,shooter.busy,true,shooter.impact_detected,true,shooter.over_current,false,turret.over_current,false
355.83829942,system.limelight_pose,position=(-4.304 -0.822 -0.000)m, orientation={yaw=2.370, pitch=0.000, roll=0.000},system.loop_hz,40.465143588360455,system.loop_avg_fps,22.89606327186238,system.loop_worst_fps,5.284545870358209,system.loop_1pct_low_fps,12.246913580246913,system.loop_0_1pct_low_fps,8.209338122113904,drive.heading_rad,-0.0,intake.over_current,0.0,intake.shooting,false,robot.shot_preset,close,robot.shooter_hood_luts_enabled,true,robot.slow_mode,false,robot.turret_forward_override,false,robot.hang_mode,false,shooter.running,true,shooter.busy,true,shooter.impact_detected,true,shooter.over_current,false,turret.over_current,false
356.047134525,system.limelight_pose,position=(-4.304 -0.822 -0.000)m, orientation={yaw=2.370, pitch=0.000, roll=0.000},system.loop_hz,22.790894545341104,system.loop_avg_fps,22.89768924014289,system.loop_worst_fps,5.284545870358209,system.loop_1pct_low_fps,12.246913580246913,system.loop_0_1pct_low_fps,8.209338122113904,drive.heading_rad,-0.0,intake.over_current,0.0,intake.shooting,false,robot.shot_preset,close,robot.shooter_hood_luts_enabled,true,robot.slow_mode,false,robot.turret_forward_override,false,robot.hang_mode,false,shooter.running,true,shooter.busy,true,shooter.impact_detected,true,shooter.over_current,false,turret.over_current,false
356.253069587,system.limelight_pose,position=(-4.304 -0.822 -0.000)m, orientation={yaw=2.370, pitch=0.000, roll=0.000},system.loop_hz,31.389410179760386,system.loop_avg_fps,22.899803593026952,system.loop_worst_fps,5.284545870358209,system.loop_1pct_low_fps,12.246913580246913,system.loop_0_1pct_low_fps,8.209338122113904,drive.heading_rad,-0.0,intake.over_current,0.0,intake.shooting,false,robot.shot_preset,close,robot.shooter_hood_luts_enabled,true,robot.slow_mode,false,robot.turret_forward_override,false,robot.hang_mode,false,shooter.running,true,shooter.busy,true,shooter.impact_detected,true,shooter.over_current,false,turret.over_current,false
356.466475983,system.limelight_pose,position=(-4.304 -0.822 -0.000)m, orientation={yaw=2.370, pitch=0.000, roll=0.000},system.loop_hz,25.236803233930047,system.loop_avg_fps,22.900642136693943,system.loop_worst_fps,5.284545870358209,system.loop_1pct_low_fps,12.246913580246913,system.loop_0_1pct_low_fps,8.209338122113904,drive.heading_rad,-0.0,intake.over_current,0.0,intake.shooting,false,robot.shot_preset,close,robot.shooter_hood_luts_enabled,true,robot.slow_mode,false,robot.turret_forward_override,false,robot.hang_mode,false,shooter.running,true,shooter.busy,true,shooter.impact_detected,true,shooter.over_current,false,turret.over_current,false
356.699390215,system.limelight_pose,position=(-4.304 -0.822 -0.000)m, orientation={yaw=2.370, pitch=0.000, roll=0.000},system.loop_hz,19.656307497772065,system.loop_avg_fps,22.89816950855159,system.loop_worst_fps,5.284545870358209,system.loop_1pct_low_fps,12.246913580246913,system.loop_0_1pct_low_fps,8.209338122113904,drive.heading_rad,-0.0,intake.over_current,0.0,intake.shooting,false,robot.shot_preset,close,robot.shooter_hood_luts_enabled,true,robot.slow_mode,false,robot.turret_forward_override,false,robot.hang_mode,false,shooter.running,true,shooter.busy,true,shooter.impact_detected,true,shooter.over_current,false,turret.over_current,false
356.921044071,system.limelight_pose,position=(-4.304 -0.822 -0.000)m, orientation={yaw=2.370, pitch=0.000, roll=0.000},system.loop_hz,24.81594571424718,system.loop_avg_fps,22.89761154050798,system.loop_worst_fps,5.284545870358209,system.loop_1pct_low_fps,12.246913580246913,system.loop_0_1pct_low_fps,8.209338122113904,drive.heading_rad,-0.0,intake.over_current,0.0,intake.shooting,false,robot.shot_preset,close,robot.shooter_hood_luts_enabled,true,robot.slow_mode,false,robot.turret_forward_override,false,robot.hang_mode,false,shooter.running,true,shooter.busy,true,shooter.impact_detected,true,shooter.over_current,false,turret.over_current,false
357.121186341,system.limelight_pose,position=(-4.304 -0.822 -0.000)m, orientation={yaw=2.370, pitch=0.000, roll=0.000},system.loop_hz,34.28673896941883,system.loop_avg_fps,22.89330913432214,system.loop_worst_fps,5.284545870358209,system.loop_1pct_low_fps,12.294688310440879,system.loop_0_1pct_low_fps,8.209338122113904,drive.heading_rad,-0.0,intake.over_current,0.0,intake.shooting,false,robot.shot_preset,close,robot.shooter_hood_luts_enabled,true,robot.slow_mode,false,robot.turret_forward_override,false,robot.hang_mode,false,shooter.running,true,shooter.busy,true,shooter.impact_detected,true,shooter.over_current,false,turret.over_current,false
357.349261822,system.limelight_pose,position=(-4.304 -0.822 -0.000)m, orientation={yaw=2.370, pitch=0.000, roll=0.000},system.loop_hz,27.700252465627724,system.loop_avg_fps,22.89904751260267,system.loop_worst_fps,5.284545870358209,system.loop_1pct_low_fps,12.294688310440879,system.loop_0_1pct_low_fps,8.209338122113904,drive.heading_rad,-0.0,intake.over_current,0.0,intake.shooting,false,robot.shot_preset,close,robot.shooter_hood_luts_enabled,true,robot.slow_mode,false,robot.turret_forward_override,false,robot.hang_mode,false,shooter.running,true,shooter.busy,true,shooter.impact_detected,true,shooter.over_current,false,turret.over_current,false
357.574709095,system.limelight_pose,position=(-4.304 -0.822 -0.000)m, orientation={yaw=2.370, pitch=0.000, roll=0.000},system.loop_hz,19.37746446226735,system.loop_avg_fps,22.89785164569413,system.loop_worst_fps,5.284545870358209,system.loop_1pct_low_fps,12.294688310440879,system.loop_0_1pct_low_fps,8.209338122113904,drive.heading_rad,-0.0,intake.over_current,0.0,intake.shooting,false,robot.shot_preset,close,robot.shooter_hood_luts_enabled,true,robot.slow_mode,false,robot.turret_forward_override,false,robot.hang_mode,false,shooter.running,true,shooter.busy,true,shooter.impact_detected,true,shooter.over_current,false,turret.over_current,false
357.812131327,system.limelight_pose,position=(-4.304 -0.822 -0.000)m, orientation={yaw=2.370, pitch=0.000, roll=0.000},system.loop_hz,25.902007628360916,system.loop_avg_fps,22.894645814682107,system.loop_worst_fps,5.284545870358209,system.loop_1pct_low_fps,12.294688310440879,system.loop_0_1pct_low_fps,8.209338122113904,drive.heading_rad,-0.0,intake.over_current,0.0,intake.shooting,false,robot.shot_preset,close,robot.shooter_hood_luts_enabled,true,robot.slow_mode,false,robot.turret_forward_override,false,robot.hang_mode,false,shooter.running,true,shooter.busy,true,shooter.impact_detected,true,shooter.over_current,false,turret.over_current,false
358.029445182,system.limelight_pose,position=(-4.304 -0.822 -0.000)m, orientation={yaw=2.370, pitch=0.000, roll=0.000},system.loop_hz,23.168525724611232,system.loop_avg_fps,22.894826775181375,system.loop_worst_fps,5.284545870358209,system.loop_1pct_low_fps,12.294688310440879,system.loop_0_1pct_low_fps,8.209338122113904,drive.heading_rad,-0.0,intake.over_current,0.0,intake.shooting,false,robot.shot_preset,close,robot.shooter_hood_luts_enabled,true,robot.slow_mode,false,robot.turret_forward_override,false,robot.hang_mode,false,shooter.running,true,shooter.busy,true,shooter.impact_detected,true,shooter.over_current,false,turret.over_current,false
358.256475038,system.limelight_pose,position=(-4.304 -0.822 -0.000)m, orientation={yaw=2.370, pitch=0.000, roll=0.000},system.loop_hz,27.539829823136532,system.loop_avg_fps,22.89337857515115,system.loop_worst_fps,5.284545870358209,system.loop_1pct_low_fps,12.294688310440879,system.loop_0_1pct_low_fps,8.209338122113904,drive.heading_rad,-0.0,intake.over_current,0.0,intake.shooting,false,robot.shot_preset,close,robot.shooter_hood_luts_enabled,true,robot.slow_mode,false,robot.turret_forward_override,false,robot.hang_mode,false,shooter.running,true,shooter.busy,true,shooter.impact_detected,true,shooter.over_current,false,turret.over_current,false
358.468525768,system.limelight_pose,position=(-4.304 -0.822 -0.000)m, orientation={yaw=2.370, pitch=0.000, roll=0.000},system.loop_hz,25.960649833470967,system.loop_avg_fps,22.887131889302722,system.loop_worst_fps,5.284545870358209,system.loop_1pct_low_fps,12.294688310440879,system.loop_0_1pct_low_fps,8.209338122113904,drive.heading_rad,-0.0,intake.over_current,0.0,intake.shooting,false,robot.shot_preset,close,robot.shooter_hood_luts_enabled,true,robot.slow_mode,false,robot.turret_forward_override,false,robot.hang_mode,false,shooter.running,true,shooter.busy,true,shooter.impact_detected,true,shooter.over_current,false,turret.over_current,false
358.687673915,system.limelight_pose,position=(-4.304 -0.822 -0.000)m, orientation={yaw=2.370, pitch=0.000, roll=0.000},system.loop_hz,25.085575678596,system.loop_avg_fps,22.894315664725845,system.loop_worst_fps,5.284545870358209,system.loop_1pct_low_fps,12.294688310440879,system.loop_0_1pct_low_fps,8.209338122113904,drive.heading_rad,-0.0,intake.over_current,0.0,intake.shooting,false,robot.shot_preset,close,robot.shooter_hood_luts_enabled,true,robot.slow_mode,false,robot.turret_forward_override,false,robot.hang_mode,false,shooter.running,true,shooter.busy,true,shooter.impact_detected,true,shooter.over_current,false,turret.over_current,false
358.912337187,system.limelight_pose,position=(-4.304 -0.822 -0.000)m, orientation={yaw=2.370, pitch=0.000, roll=0.000},system.loop_hz,21.795136354294588,system.loop_avg_fps,22.893270007205,system.loop_worst_fps,5.284545870358209,system.loop_1pct_low_fps,12.294688310440879,system.loop_0_1pct_low_fps,8.209338122113904,drive.heading_rad,-0.0,intake.over_current,0.0,intake.shooting,false,robot.shot_preset,close,robot.shooter_hood_luts_enabled,true,robot.slow_mode,false,robot.turret_forward_override,false,robot.hang_mode,false,shooter.running,true,shooter.busy,true,shooter.impact_detected,true,shooter.over_current,false,turret.over_current,false
359.132502084,system.limelight_pose,position=(-4.304 -0.822 -0.000)m, orientation={yaw=2.370, pitch=0.000, roll=0.000},system.loop_hz,26.61231580186561,system.loop_avg_fps,22.892976883745767,system.loop_worst_fps,5.284545870358209,system.loop_1pct_low_fps,12.294688310440879,system.loop_0_1pct_low_fps,8.209338122113904,drive.heading_rad,-0.0,intake.over_current,0.0,intake.shooting,false,robot.shot_preset,close,robot.shooter_hood_luts_enabled,true,robot.slow_mode,false,robot.turret_forward_override,false,robot.hang_mode,false,shooter.running,true,shooter.busy,true,shooter.impact_detected,true,shooter.over_current,false,turret.over_current,false
359.350254606,system.limelight_pose,position=(-4.304 -0.822 -0.000)m, orientation={yaw=2.370, pitch=0.000, roll=0.000},system.loop_hz,36.50095428095091,system.loop_avg_fps,22.89308580419252,system.loop_worst_fps,5.284545870358209,system.loop_1pct_low_fps,12.294688310440879,system.loop_0_1pct_low_fps,8.209338122113904,drive.heading_rad,-0.0,intake.over_current,0.0,intake.shooting,false,robot.shot_preset,close,robot.shooter_hood_luts_enabled,true,robot.slow_mode,false,robot.turret_forward_override,false,robot.hang_mode,false,shooter.running,true,shooter.busy,true,shooter.impact_detected,true,shooter.over_current,false,turret.over_current,false
359.568091712,system.limelight_pose,position=(-4.304 -0.822 -0.000)m, orientation={yaw=2.370, pitch=0.000, roll=0.000},system.loop_hz,23.2470714327229,system.loop_avg_fps,22.89318033874903,system.loop_worst_fps,5.284545870358209,system.loop_1pct_low_fps,12.294688310440879,system.loop_0_1pct_low_fps,8.209338122113904,drive.heading_rad,-0.0,intake.over_current,0.0,intake.shooting,false,robot.shot_preset,close,robot.shooter_hood_luts_enabled,true,robot.slow_mode,false,robot.turret_forward_override,false,robot.hang_mode,false,shooter.running,true,shooter.busy,true,shooter.impact_detected,true,shooter.over_current,false,turret.over_current,false
359.7884669,system.limelight_pose,position=(-4.304 -0.822 -0.000)m, orientation={yaw=2.370, pitch=0.000, roll=0.000},system.loop_hz,20.83984404794578,system.loop_avg_fps,22.892853895332728,system.loop_worst_fps,5.284545870358209,system.loop_1pct_low_fps,12.294688310440879,system.loop_0_1pct_low_fps,8.209338122113904,drive.heading_rad,-0.0,intake.over_current,0.0,intake.shooting,false,robot.shot_preset,close,robot.shooter_hood_luts_enabled,true,robot.slow_mode,false,robot.turret_forward_override,false,robot.hang_mode,false,shooter.running,true,shooter.busy,true,shooter.impact_detected,true,shooter.over_current,false,turret.over_current,false
359.990285379,system.limelight_pose,position=(-4.304 -0.822 -0.000)m, orientation={yaw=2.370, pitch=0.000, roll=0.000},system.loop_hz,17.092943890885046,system.loop_avg_fps,22.8883701969715,system.loop_worst_fps,5.284545870358209,system.loop_1pct_low_fps,12.294688310440879,system.loop_0_1pct_low_fps,8.209338122113904,drive.heading_rad,-0.0,intake.over_current,0.0,intake.shooting,false,robot.shot_preset,close,robot.shooter_hood_luts_enabled,true,robot.slow_mode,false,robot.turret_forward_override,false,robot.hang_mode,false,shooter.running,true,shooter.busy,true,shooter.impact_detected,true,shooter.over_current,false,turret.over_current,false
360.204350359,system.limelight_pose,position=(-4.304 -0.822 -0.000)m, orientation={yaw=2.370, pitch=0.000, roll=0.000},system.loop_hz,33.082500710219044,system.loop_avg_fps,22.896313178425665,system.loop_worst_fps,5.284545870358209,system.loop_1pct_low_fps,12.294688310440879,system.loop_0_1pct_low_fps,8.209338122113904,drive.heading_rad,-0.0,intake.over_current,0.0,intake.shooting,false,robot.shot_preset,close,robot.shooter_hood_luts_enabled,true,robot.slow_mode,false,robot.turret_forward_override,false,robot.hang_mode,false,shooter.running,true,shooter.busy,true,shooter.impact_detected,true,shooter.over_current,false,turret.over_current,false
360.419870464,system.limelight_pose,position=(-4.304 -0.822 -0.000)m, orientation={yaw=2.370, pitch=0.000, roll=0.000},system.loop_hz,28.601218783750483,system.loop_avg_fps,22.89678440520108,system.loop_worst_fps,5.284545870358209,system.loop_1pct_low_fps,12.294688310440879,system.loop_0_1pct_low_fps,8.209338122113904,drive.heading_rad,-0.0,intake.over_current,0.0,intake.shooting,false,robot.shot_preset,close,robot.shooter_hood_luts_enabled,true,robot.slow_mode,false,robot.turret_forward_override,false,robot.hang_mode,false,shooter.running,true,shooter.busy,true,shooter.impact_detected,true,shooter.over_current,false,turret.over_current,false
360.627687651,system.limelight_pose,position=(-4.304 -0.822 -0.000)m, orientation={yaw=2.370, pitch=0.000, roll=0.000},system.loop_hz,33.586441878904516,system.loop_avg_fps,22.898523416892292,system.loop_worst_fps,5.284545870358209,system.loop_1pct_low_fps,12.294688310440879,system.loop_0_1pct_low_fps,8.209338122113904,drive.heading_rad,-0.0,intake.over_current,0.0,intake.shooting,false,robot.shot_preset,close,robot.shooter_hood_luts_enabled,true,robot.slow_mode,false,robot.turret_forward_override,false,robot.hang_mode,false,shooter.running,true,shooter.busy,true,shooter.impact_detected,true,shooter.over_current,false,turret.over_current,false
360.844469215,system.limelight_pose,position=(-4.304 -0.822 -0.000)m, orientation={yaw=2.370, pitch=0.000, roll=0.000},system.loop_hz,22.010753661846287,system.loop_avg_fps,22.89878223909327,system.loop_worst_fps,5.284545870358209,system.loop_1pct_low_fps,12.294688310440879,system.loop_0_1pct_low_fps,8.209338122113904,drive.heading_rad,-0.0,intake.over_current,0.0,intake.shooting,false,robot.shot_preset,close,robot.shooter_hood_luts_enabled,true,robot.slow_mode,false,robot.turret_forward_override,false,robot.hang_mode,false,shooter.running,true,shooter.busy,true,shooter.impact_detected,true,shooter.over_current,false,turret.over_current,false
361.054720944,system.limelight_pose,position=(-4.304 -0.822 -0.000)m, orientation={yaw=2.370, pitch=0.000, roll=0.000},system.loop_hz,26.24281373349901,system.loop_avg_fps,22.90011299566813,system.loop_worst_fps,5.284545870358209,system.loop_1pct_low_fps,12.294688310440879,system.loop_0_1pct_low_fps,8.209338122113904,drive.heading_rad,-0.0,intake.over_current,0.0,intake.shooting,false,robot.shot_preset,close,robot.shooter_hood_luts_enabled,true,robot.slow_mode,false,robot.turret_forward_override,false,robot.hang_mode,false,shooter.running,true,shooter.busy,true,shooter.impact_detected,true,shooter.over_current,false,turret.over_current,false
361.2807883,system.limelight_pose,position=(-4.304 -0.822 -0.000)m, orientation={yaw=2.370, pitch=0.000, roll=0.000},system.loop_hz,23.45845903352949,system.loop_avg_fps,22.898845443959473,system.loop_worst_fps,5.284545870358209,system.loop_1pct_low_fps,12.294688310440879,system.loop_0_1pct_low_fps,8.209338122113904,drive.heading_rad,-0.0,intake.over_current,0.0,intake.shooting,false,robot.shot_preset,close,robot.shooter_hood_luts_enabled,true,robot.slow_mode,false,robot.turret_forward_override,false,robot.hang_mode,false,shooter.running,true,shooter.busy,true,shooter.impact_detected,true,shooter.over_current,false,turret.over_current,false
361.503728989,system.limelight_pose,position=(-4.304 -0.822 -0.000)m, orientation={yaw=2.370, pitch=0.000, roll=0.000},system.loop_hz,24.040072685641018,system.loop_avg_fps,22.898093966126577,system.loop_worst_fps,5.284545870358209,system.loop_1pct_low_fps,12.339908385528654,system.loop_0_1pct_low_fps,8.209338122113904,drive.heading_rad,-0.0,intake.over_current,0.0,intake.shooting,false,robot.shot_preset,close,robot.shooter_hood_luts_enabled,true,robot.slow_mode,false,robot.turret_forward_override,false,robot.hang_mode,false,shooter.running,true,shooter.busy,true,shooter.impact_detected,true,shooter.over_current,false,turret.over_current,false
361.722294678,system.limelight_pose,position=(-4.304 -0.822 -0.000)m, orientation={yaw=2.370, pitch=0.000, roll=0.000},system.loop_hz,20.055870440503405,system.loop_avg_fps,22.890920113952156,system.loop_worst_fps,5.284545870358209,system.loop_1pct_low_fps,12.339908385528654,system.loop_0_1pct_low_fps,8.209338122113904,drive.heading_rad,-0.0,intake.over_current,0.0,intake.shooting,false,robot.shot_preset,close,robot.shooter_hood_luts_enabled,true,robot.slow_mode,false,robot.turret_forward_override,false,robot.hang_mode,false,shooter.running,true,shooter.busy,false,shooter.impact_detected,false,shooter.over_current,false,turret.over_current,false
361.9419442,system.limelight_pose,position=(-4.304 -0.822 -0.000)m, orientation={yaw=2.370, pitch=0.000, roll=0.000},system.loop_hz,28.632987039273303,system.loop_avg_fps,22.89072065129013,system.loop_worst_fps,5.284545870358209,system.loop_1pct_low_fps,12.339908385528654,system.loop_0_1pct_low_fps,8.209338122113904,drive.heading_rad,-0.0,intake.over_current,0.0,intake.shooting,false,robot.shot_preset,close,robot.shooter_hood_luts_enabled,true,robot.slow_mode,false,robot.turret_forward_override,false,robot.hang_mode,false,shooter.running,true,shooter.busy,false,shooter.impact_detected,true,shooter.over_current,false,turret.over_current,false
362.166533098,system.limelight_pose,position=(-4.304 -0.822 -0.000)m, orientation={yaw=2.370, pitch=0.000, roll=0.000},system.loop_hz,20.983843007455388,system.loop_avg_fps,22.889717078651987,system.loop_worst_fps,5.284545870358209,system.loop_1pct_low_fps,12.339908385528654,system.loop_0_1pct_low_fps,8.209338122113904,drive.heading_rad,-0.0,intake.over_current,0.0,intake.shooting,false,robot.shot_preset,close,robot.shooter_hood_luts_enabled,true,robot.slow_mode,false,robot.turret_forward_override,false,robot.hang_mode,false,shooter.running,true,shooter.busy,false,shooter.impact_detected,true,shooter.over_current,false,turret.over_current,false
362.386605245,system.limelight_pose,position=(-4.304 -0.822 -0.000)m, orientation={yaw=2.370, pitch=0.000, roll=0.000},system.loop_hz,15.274821145206964,system.loop_avg_fps,22.882345060882244,system.loop_worst_fps,5.284545870358209,system.loop_1pct_low_fps,12.339908385528654,system.loop_0_1pct_low_fps,8.209338122113904,drive.heading_rad,-0.0,intake.over_current,0.0,intake.shooting,false,robot.shot_preset,close,robot.shooter_hood_luts_enabled,true,robot.slow_mode,false,robot.turret_forward_override,false,robot.hang_mode,false,shooter.running,true,shooter.busy,false,shooter.impact_detected,false,shooter.over_current,false,turret.over_current,false
362.588211973,system.limelight_pose,position=(-4.304 -0.822 -0.000)m, orientation={yaw=2.370, pitch=0.000, roll=0.000},system.loop_hz,19.022781816655428,system.loop_avg_fps,22.877993454233863,system.loop_worst_fps,5.284545870358209,system.loop_1pct_low_fps,12.339908385528654,system.loop_0_1pct_low_fps,8.209338122113904,drive.heading_rad,-0.0,intake.over_current,0.0,intake.shooting,false,robot.shot_preset,close,robot.shooter_hood_luts_enabled,true,robot.slow_mode,false,robot.turret_forward_override,false,robot.hang_mode,false,shooter.running,true,shooter.busy,false,shooter.impact_detected,false,shooter.over_current,false,turret.over_current,false
362.796367786,system.limelight_pose,position=(-4.304 -0.822 -0.000)m, orientation={yaw=2.370, pitch=0.000, roll=0.000},system.loop_hz,17.298716801932574,system.loop_avg_fps,22.872592834531137,system.loop_worst_fps,5.284545870358209,system.loop_1pct_low_fps,12.339908385528654,system.loop_0_1pct_low_fps,8.209338122113904,drive.heading_rad,-0.0,intake.over_current,0.0,intake.shooting,false,robot.shot_preset,close,robot.shooter_hood_luts_enabled,true,robot.slow_mode,false,robot.turret_forward_override,false,robot.hang_mode,false,shooter.running,true,shooter.busy,false,shooter.impact_detected,false,shooter.over_current,false,turret.over_current,false
363.001350265,system.limelight_pose,position=(-4.304 -0.822 -0.000)m, orientation={yaw=2.370, pitch=0.000, roll=0.000},system.loop_hz,27.32952647605838,system.loop_avg_fps,22.87479696038888,system.loop_worst_fps,5.284545870358209,system.loop_1pct_low_fps,12.339908385528654,system.loop_0_1pct_low_fps,8.209338122113904,drive.heading_rad,-0.0,intake.over_current,0.0,intake.shooting,false,robot.shot_preset,close,robot.shooter_hood_luts_enabled,true,robot.slow_mode,false,robot.turret_forward_override,false,robot.hang_mode,false,shooter.running,true,shooter.busy,false,shooter.impact_detected,false,shooter.over_current,false,turret.over_current,false
363.227148121,system.limelight_pose,position=(-4.304 -0.822 -0.000)m, orientation={yaw=2.370, pitch=0.000, roll=0.000},system.loop_hz,31.804631021404468,system.loop_avg_fps,22.880694937325618,system.loop_worst_fps,5.284545870358209,system.loop_1pct_low_fps,12.339908385528654,system.loop_0_1pct_low_fps,8.209338122113904,drive.heading_rad,-0.0,intake.over_current,0.0,intake.shooting,false,robot.shot_preset,close,robot.shooter_hood_luts_enabled,true,robot.slow_mode,false,robot.turret_forward_override,false,robot.hang_mode,false,shooter.running,true,shooter.busy,false,shooter.impact_detected,false,shooter.over_current,false,turret.over_current,false
363.447922018,system.limelight_pose,position=(-4.258 -0.413 -0.000)m, orientation={yaw=2.519, pitch=0.000, roll=0.000},system.loop_hz,25.075118158349326,system.loop_avg_fps,22.880331982279028,system.loop_worst_fps,5.284545870358209,system.loop_1pct_low_fps,12.339908385528654,system.loop_0_1pct_low_fps,8.209338122113904,drive.heading_rad,-0.0,intake.over_current,0.0,intake.shooting,false,robot.shot_preset,close,robot.shooter_hood_luts_enabled,true,robot.slow_mode,false,robot.turret_forward_override,false,robot.hang_mode,false,shooter.running,true,shooter.busy,false,shooter.impact_detected,false,shooter.over_current,false,turret.over_current,false
363.667810999,system.limelight_pose,position=(-4.258 -0.413 -0.000)m, orientation={yaw=2.519, pitch=0.000, roll=0.000},system.loop_hz,18.005309513701366,system.loop_avg_fps,22.880112738232302,system.loop_worst_fps,5.284545870358209,system.loop_1pct_low_fps,12.339908385528654,system.loop_0_1pct_low_fps,8.209338122113904,drive.heading_rad,-0.0,intake.over_current,0.0,intake.shooting,false,robot.shot_preset,close,robot.shooter_hood_luts_enabled,true,robot.slow_mode,false,robot.turret_forward_override,false,robot.hang_mode,false,shooter.running,true,shooter.busy,false,shooter.impact_detected,true,shooter.over_current,false,turret.over_current,false
363.895666271,system.limelight_pose,position=(-4.240 -0.421 -0.000)m, orientation={yaw=2.519, pitch=0.000, roll=0.000},system.loop_hz,33.237403539258594,system.loop_avg_fps,22.885643580891188,system.loop_worst_fps,5.284545870358209,system.loop_1pct_low_fps,12.339908385528654,system.loop_0_1pct_low_fps,8.209338122113904,drive.heading_rad,-0.0,intake.over_current,0.0,intake.shooting,false,robot.shot_preset,close,robot.shooter_hood_luts_enabled,true,robot.slow_mode,false,robot.turret_forward_override,false,robot.hang_mode,false,shooter.running,true,shooter.busy,false,shooter.impact_detected,true,shooter.over_current,false,turret.over_current,false
364.100151459,system.limelight_pose,position=(-4.240 -0.421 -0.000)m, orientation={yaw=2.519, pitch=0.000, roll=0.000},system.loop_hz,21.78682605966454,system.loop_avg_fps,22.887891823891387,system.loop_worst_fps,5.284545870358209,system.loop_1pct_low_fps,12.339908385528654,system.loop_0_1pct_low_fps,8.209338122113904,drive.heading_rad,-0.0,intake.over_current,0.0,intake.shooting,true,robot.shot_preset,close,robot.shooter_hood_luts_enabled,true,robot.slow_mode,false,robot.turret_forward_override,false,robot.hang_mode,false,shooter.running,true,shooter.busy,false,shooter.impact_detected,false,shooter.over_current,false,turret.over_current,false
364.308702771,system.limelight_pose,position=(-4.240 -0.421 -0.000)m, orientation={yaw=2.519, pitch=0.000, roll=0.000},system.loop_hz,19.684634052612374,system.loop_avg_fps,22.889481118952055,system.loop_worst_fps,5.284545870358209,system.loop_1pct_low_fps,12.339908385528654,system.loop_0_1pct_low_fps,8.209338122113904,drive.heading_rad,-0.0,intake.over_current,0.0,intake.shooting,true,robot.shot_preset,close,robot.shooter_hood_luts_enabled,true,robot.slow_mode,false,robot.turret_forward_override,false,robot.hang_mode,false,shooter.running,true,shooter.busy,false,shooter.impact_detected,false,shooter.over_current,false,turret.over_current,false
364.539297086,system.limelight_pose,position=(-4.240 -0.421 -0.000)m, orientation={yaw=2.519, pitch=0.000, roll=0.000},system.loop_hz,25.288363845166977,system.loop_avg_fps,22.887534039200045,system.loop_worst_fps,5.284545870358209,system.loop_1pct_low_fps,12.339908385528654,system.loop_0_1pct_low_fps,8.209338122113904,drive.heading_rad,-0.0,intake.over_current,0.0,intake.shooting,true,robot.shot_preset,close,robot.shooter_hood_luts_enabled,true,robot.slow_mode,false,robot.turret_forward_override,false,robot.hang_mode,false,shooter.running,true,shooter.busy,false,shooter.impact_detected,true,shooter.over_current,false,turret.over_current,false
364.766701151,system.limelight_pose,position=(-4.240 -0.421 -0.000)m, orientation={yaw=2.519, pitch=0.000, roll=0.000},system.loop_hz,22.80499318062879,system.loop_avg_fps,22.893091565840642,system.loop_worst_fps,5.284545870358209,system.loop_1pct_low_fps,12.339908385528654,system.loop_0_1pct_low_fps,8.209338122113904,drive.heading_rad,-0.0,intake.over_current,0.0,intake.shooting,true,robot.shot_preset,close,robot.shooter_hood_luts_enabled,true,robot.slow_mode,false,robot.turret_forward_override,false,robot.hang_mode,false,shooter.running,true,shooter.busy,true,shooter.impact_detected,true,shooter.over_current,false,turret.over_current,false
364.998845966,system.limelight_pose,position=(-4.222 -0.428 -0.000)m, orientation={yaw=2.519, pitch=0.000, roll=0.000},system.loop_hz,15.589374139163429,system.loop_avg_fps,22.89787407842821,system.loop_worst_fps,5.284545870358209,system.loop_1pct_low_fps,12.339908385528654,system.loop_0_1pct_low_fps,8.209338122113904,drive.heading_rad,-0.0,intake.over_current,0.0,intake.shooting,true,robot.shot_preset,close,robot.shooter_hood_luts_enabled,true,robot.slow_mode,false,robot.turret_forward_override,false,robot.hang_mode,false,shooter.running,true,shooter.busy,true,shooter.impact_detected,false,shooter.over_current,false,turret.over_current,false
365.20743607,system.limelight_pose,position=(-4.240 -0.423 -0.000)m, orientation={yaw=2.518, pitch=0.000, roll=0.000},system.loop_hz,34.26241232119574,system.loop_avg_fps,22.89943273117061,system.loop_worst_fps,5.284545870358209,system.loop_1pct_low_fps,12.339908385528654,system.loop_0_1pct_low_fps,8.209338122113904,drive.heading_rad,-0.0,intake.over_current,0.0,intake.shooting,false,robot.shot_preset,close,robot.shooter_hood_luts_enabled,true,robot.slow_mode,false,robot.turret_forward_override,false,robot.hang_mode,false,shooter.running,true,shooter.busy,true,shooter.impact_detected,false,shooter.over_current,false,turret.over_current,false
365.427003634,system.limelight_pose,position=(-4.240 -0.423 -0.000)m, orientation={yaw=2.518, pitch=0.000, roll=0.000},system.loop_hz,26.52563587320428,system.loop_avg_fps,22.899238152603324,system.loop_worst_fps,5.284545870358209,system.loop_1pct_low_fps,12.339908385528654,system.loop_0_1pct_low_fps,8.209338122113904,drive.heading_rad,-0.0,intake.over_current,0.0,intake.shooting,false,robot.shot_preset,close,robot.shooter_hood_luts_enabled,true,robot.slow_mode,false,robot.turret_forward_override,false,robot.hang_mode,false,shooter.running,true,shooter.busy,false,shooter.impact_detected,false,shooter.over_current,false,turret.over_current,false
365.648828114,system.limelight_pose,position=(-4.240 -0.423 -0.000)m, orientation={yaw=2.518, pitch=0.000, roll=0.000},system.loop_hz,25.642995549087807,system.loop_avg_fps,22.898685225436843,system.loop_worst_fps,5.284545870358209,system.loop_1pct_low_fps,12.339908385528654,system.loop_0_1pct_low_fps,8.209338122113904,drive.heading_rad,-0.0,intake.over_current,0.0,intake.shooting,false,robot.shot_preset,close,robot.shooter_hood_luts_enabled,true,robot.slow_mode,false,robot.turret_forward_override,false,robot.hang_mode,false,shooter.running,true,shooter.busy,false,shooter.impact_detected,false,shooter.over_current,false,turret.over_current,false
365.856908094,system.limelight_pose,position=(-4.240 -0.423 -0.000)m, orientation={yaw=2.518, pitch=0.000, roll=0.000},system.loop_hz,20.092305255880163,system.loop_avg_fps,22.90031669640316,system.loop_worst_fps,5.284545870358209,system.loop_1pct_low_fps,12.38277337703724,system.loop_0_1pct_low_fps,8.209338122113904,drive.heading_rad,-0.0,intake.over_current,0.0,intake.shooting,false,robot.shot_preset,close,robot.shooter_hood_luts_enabled,true,robot.slow_mode,false,robot.turret_forward_override,false,robot.hang_mode,false,shooter.running,true,shooter.busy,false,shooter.impact_detected,false,shooter.over_current,false,turret.over_current,false
366.059815947,system.limelight_pose,position=(-4.240 -0.423 -0.000)m, orientation={yaw=2.518, pitch=0.000, roll=0.000},system.loop_hz,13.195439756303715,system.loop_avg_fps,22.88891272610208,system.loop_worst_fps,5.284545870358209,system.loop_1pct_low_fps,12.32218900063423,system.loop_0_1pct_low_fps,8.209338122113904,drive.heading_rad,-0.0,intake.over_current,0.0,intake.shooting,false,robot.shot_preset,close,robot.shooter_hood_luts_enabled,true,robot.slow_mode,false,robot.turret_forward_override,false,robot.hang_mode,false,shooter.running,true,shooter.busy,false,shooter.impact_detected,true,shooter.over_current,false,turret.over_current,false
366.273796344,system.limelight_pose,position=(-4.240 -0.423 -0.000)m, orientation={yaw=2.518, pitch=0.000, roll=0.000},system.loop_hz,21.961689238679444,system.loop_avg_fps,22.88961961680587,system.loop_worst_fps,5.284545870358209,system.loop_1pct_low_fps,12.32218900063423,system.loop_0_1pct_low_fps,8.209338122113904,drive.heading_rad,-0.0,intake.over_current,0.0,intake.shooting,false,robot.shot_preset,close,robot.shooter_hood_luts_enabled,true,robot.slow_mode,false,robot.turret_forward_override,false,robot.hang_mode,false,shooter.running,true,shooter.busy,false,shooter.impact_detected,true,shooter.over_current,false,turret.over_current,false
366.484699948,system.limelight_pose,position=(-4.240 -0.423 -0.000)m, orientation={yaw=2.518, pitch=0.000, roll=0.000},system.loop_hz,21.80497767517366,system.loop_avg_fps,22.890810745001684,system.loop_worst_fps,5.284545870358209,system.loop_1pct_low_fps,12.32218900063423,system.loop_0_1pct_low_fps,8.209338122113904,drive.heading_rad,-0.0,intake.over_current,0.0,intake.shooting,false,robot.shot_preset,close,robot.shooter_hood_luts_enabled,true,robot.slow_mode,false,robot.turret_forward_override,false,robot.hang_mode,false,shooter.running,true,shooter.busy,false,shooter.impact_detected,true,shooter.over_current,false,turret.over_current,false
366.708556471,system.limelight_pose,position=(-4.240 -0.423 -0.000)m, orientation={yaw=2.518, pitch=0.000, roll=0.000},system.loop_hz,26.092229194015637,system.loop_avg_fps,22.889954045021817,system.loop_worst_fps,5.284545870358209,system.loop_1pct_low_fps,12.32218900063423,system.loop_0_1pct_low_fps,8.209338122113904,drive.heading_rad,-0.0,intake.over_current,0.0,intake.shooting,false,robot.shot_preset,close,robot.shooter_hood_luts_enabled,true,robot.slow_mode,false,robot.turret_forward_override,false,robot.hang_mode,false,shooter.running,true,shooter.busy,false,shooter.impact_detected,false,shooter.over_current,false,turret.over_current,false
366.930577535,system.limelight_pose,position=(-4.240 -0.423 -0.000)m, orientation={yaw=2.518, pitch=0.000, roll=0.000},system.loop_hz,29.341643356197956,system.loop_avg_fps,22.8893891971832,system.loop_worst_fps,5.284545870358209,system.loop_1pct_low_fps,12.32218900063423,system.loop_0_1pct_low_fps,8.209338122113904,drive.heading_rad,-0.0,intake.over_current,0.0,intake.shooting,false,robot.shot_preset,close,robot.shooter_hood_luts_enabled,true,robot.slow_mode,false,robot.turret_forward_override,false,robot.hang_mode,false,shooter.running,true,shooter.busy,false,shooter.impact_detected,false,shooter.over_current,false,turret.over_current,false
367.161690141,system.limelight_pose,position=(-4.240 -0.423 -0.000)m, orientation={yaw=2.518, pitch=0.000, roll=0.000},system.loop_hz,19.33015970771117,system.loop_avg_fps,22.88739581918927,system.loop_worst_fps,5.284545870358209,system.loop_1pct_low_fps,12.32218900063423,system.loop_0_1pct_low_fps,8.209338122113904,drive.heading_rad,-0.0,intake.over_current,0.0,intake.shooting,false,robot.shot_preset,close,robot.shooter_hood_luts_enabled,true,robot.slow_mode,false,robot.turret_forward_override,false,robot.hang_mode,false,shooter.running,true,shooter.busy,false,shooter.impact_detected,false,shooter.over_current,false,turret.over_current,false
367.368971829,system.limelight_pose,position=(-4.240 -0.423 -0.000)m, orientation={yaw=2.518, pitch=0.000, roll=0.000},system.loop_hz,23.233366199262036,system.loop_avg_fps,22.882288566235175,system.loop_worst_fps,5.284545870358209,system.loop_1pct_low_fps,12.32218900063423,system.loop_0_1pct_low_fps,8.209338122113904,drive.heading_rad,-0.0,intake.over_current,0.0,intake.shooting,false,robot.shot_preset,close,robot.shooter_hood_luts_enabled,true,robot.slow_mode,false,robot.turret_forward_override,false,robot.hang_mode,false,shooter.running,true,shooter.busy,false,shooter.impact_detected,false,shooter.over_current,false,turret.over_current,false
367.583126642,system.limelight_pose,position=(-4.240 -0.423 -0.000)m, orientation={yaw=2.518, pitch=0.000, roll=0.000},system.loop_hz,25.730944074498566,system.loop_avg_fps,22.882971476418888,system.loop_worst_fps,5.284545870358209,system.loop_1pct_low_fps,12.32218900063423,system.loop_0_1pct_low_fps,8.209338122113904,drive.heading_rad,-0.0,intake.over_current,0.0,intake.shooting,false,robot.shot_preset,close,robot.shooter_hood_luts_enabled,true,robot.slow_mode,false,robot.turret_forward_override,false,robot.hang_mode,false,shooter.running,true,shooter.busy,false,shooter.impact_detected,false,shooter.over_current,false,turret.over_current,false
367.785458746,system.limelight_pose,position=(-4.240 -0.423 -0.000)m, orientation={yaw=2.518, pitch=0.000, roll=0.000},system.loop_hz,16.770877264290196,system.loop_avg_fps,22.878660188537754,system.loop_worst_fps,5.284545870358209,system.loop_1pct_low_fps,12.32218900063423,system.loop_0_1pct_low_fps,8.209338122113904,drive.heading_rad,-0.0,intake.over_current,0.0,intake.shooting,false,robot.shot_preset,close,robot.shooter_hood_luts_enabled,true,robot.slow_mode,false,robot.turret_forward_override,false,robot.hang_mode,false,shooter.running,true,shooter.busy,false,shooter.impact_detected,false,shooter.over_current,false,turret.over_current,false
368.000541351,system.limelight_pose,position=(-4.240 -0.423 -0.000)m, orientation={yaw=2.518, pitch=0.000, roll=0.000},system.loop_hz,26.860416942447134,system.loop_avg_fps,22.879201404436976,system.loop_worst_fps,5.284545870358209,system.loop_1pct_low_fps,12.32218900063423,system.loop_0_1pct_low_fps,8.209338122113904,drive.heading_rad,-0.0,intake.over_current,0.0,intake.shooting,false,robot.shot_preset,close,robot.shooter_hood_luts_enabled,true,robot.slow_mode,false,robot.turret_forward_override,false,robot.hang_mode,false,shooter.running,true,shooter.busy,false,shooter.impact_detected,false,shooter.over_current,false,turret.over_current,false
368.203741454,system.limelight_pose,position=(-4.240 -0.423 -0.000)m, orientation={yaw=2.518, pitch=0.000, roll=0.000},system.loop_hz,30.897492439821214,system.loop_avg_fps,22.881596321545402,system.loop_worst_fps,5.284545870358209,system.loop_1pct_low_fps,12.32218900063423,system.loop_0_1pct_low_fps,8.209338122113904,drive.heading_rad,-0.0,intake.over_current,0.0,intake.shooting,false,robot.shot_preset,close,robot.shooter_hood_luts_enabled,true,robot.slow_mode,false,robot.turret_forward_override,false,robot.hang_mode,false,shooter.running,true,shooter.busy,true,shooter.impact_detected,false,shooter.over_current,false,turret.over_current,false
368.404135141,system.limelight_pose,position=(-4.240 -0.423 -0.000)m, orientation={yaw=2.518, pitch=0.000, roll=0.000},system.loop_hz,14.273639805992694,system.loop_avg_fps,22.870792479128653,system.loop_worst_fps,5.284545870358209,system.loop_1pct_low_fps,12.32218900063423,system.loop_0_1pct_low_fps,8.209338122113904,drive.heading_rad,-0.0,intake.over_current,0.0,intake.shooting,false,robot.shot_preset,close,robot.shooter_hood_luts_enabled,true,robot.slow_mode,false,robot.turret_forward_override,false,robot.hang_mode,false,shooter.running,true,shooter.busy,false,shooter.impact_detected,true,shooter.over_current,false,turret.over_current,false
368.607128745,system.limelight_pose,position=(-4.240 -0.423 -0.000)m, orientation={yaw=2.518, pitch=0.000, roll=0.000},system.loop_hz,23.868861799965064,system.loop_avg_fps,22.873224590993555,system.loop_worst_fps,5.284545870358209,system.loop_1pct_low_fps,12.32218900063423,system.loop_0_1pct_low_fps,8.209338122113904,drive.heading_rad,-0.0,intake.over_current,0.0,intake.shooting,false,robot.shot_preset,close,robot.shooter_hood_luts_enabled,true,robot.slow_mode,false,robot.turret_forward_override,false,robot.hang_mode,false,shooter.running,true,shooter.busy,false,shooter.impact_detected,true,shooter.over_current,false,turret.over_current,false
368.846510394,system.limelight_pose,position=(-4.240 -0.423 -0.000)m, orientation={yaw=2.518, pitch=0.000, roll=0.000},system.loop_hz,24.11294270879703,system.loop_avg_fps,22.86999432169941,system.loop_worst_fps,5.284545870358209,system.loop_1pct_low_fps,12.32218900063423,system.loop_0_1pct_low_fps,8.209338122113904,drive.heading_rad,-0.0,intake.over_current,0.0,intake.shooting,false,robot.shot_preset,close,robot.shooter_hood_luts_enabled,true,robot.slow_mode,false,robot.turret_forward_override,false,robot.hang_mode,false,shooter.running,true,shooter.busy,false,shooter.impact_detected,true,shooter.over_current,false,turret.over_current,false
369.070573416,system.limelight_pose,position=(-4.240 -0.423 -0.000)m, orientation={yaw=2.518, pitch=0.000, roll=0.000},system.loop_hz,26.139574348391694,system.loop_avg_fps,22.869150923960778,system.loop_worst_fps,5.284545870358209,system.loop_1pct_low_fps,12.32218900063423,system.loop_0_1pct_low_fps,8.209338122113904,drive.heading_rad,-0.0,intake.over_current,0.0,intake.shooting,false,robot.shot_preset,close,robot.shooter_hood_luts_enabled,true,robot.slow_mode,false,robot.turret_forward_override,false,robot.hang_mode,false,shooter.running,true,shooter.busy,false,shooter.impact_detected,true,shooter.over_current,false,turret.over_current,false
369.29339423,system.limelight_pose,position=(-4.240 -0.423 -0.000)m, orientation={yaw=2.518, pitch=0.000, roll=0.000},system.loop_hz,18.24950559807672,system.loop_avg_fps,22.86172866680384,system.loop_worst_fps,5.284545870358209,system.loop_1pct_low_fps,12.32218900063423,system.loop_0_1pct_low_fps,8.209338122113904,drive.heading_rad,-0.0,intake.over_current,0.0,intake.shooting,false,robot.shot_preset,close,robot.shooter_hood_luts_enabled,true,robot.slow_mode,false,robot.turret_forward_override,false,robot.hang_mode,false,shooter.running,true,shooter.busy,false,shooter.impact_detected,true,shooter.over_current,false,turret.over_current,false
369.529186921,system.limelight_pose,position=(-4.240 -0.423 -0.000)m, orientation={yaw=2.518, pitch=0.000, roll=0.000},system.loop_hz,26.88716869562991,system.loop_avg_fps,22.85908682913192,system.loop_worst_fps,5.284545870358209,system.loop_1pct_low_fps,12.32218900063423,system.loop_0_1pct_low_fps,8.209338122113904,drive.heading_rad,-0.0,intake.over_current,0.0,intake.shooting,false,robot.shot_preset,close,robot.shooter_hood_luts_enabled,true,robot.slow_mode,false,robot.turret_forward_override,false,robot.hang_mode,false,shooter.running,true,shooter.busy,false,shooter.impact_detected,false,shooter.over_current,false,turret.over_current,false
369.793676989,system.limelight_pose,position=(-4.240 -0.423 -0.000)m, orientation={yaw=2.518, pitch=0.000, roll=0.000},system.loop_hz,15.444570494448648,system.loop_avg_fps,22.852025307375172,system.loop_worst_fps,5.284545870358209,system.loop_1pct_low_fps,12.32218900063423,system.loop_0_1pct_low_fps,8.209338122113904,drive.heading_rad,-0.0,intake.over_current,0.0,intake.shooting,false,robot.shot_preset,close,robot.shooter_hood_luts_enabled,true,robot.slow_mode,false,robot.turret_forward_override,false,robot.hang_mode,false,shooter.running,true,shooter.busy,false,shooter.impact_detected,false,shooter.over_current,false,turret.over_current,false
369.997993593,system.limelight_pose,position=(-4.240 -0.423 -0.000)m, orientation={yaw=2.518, pitch=0.000, roll=0.000},system.loop_hz,18.0955880983811,system.loop_avg_fps,22.8475148061131,system.loop_worst_fps,5.284545870358209,system.loop_1pct_low_fps,12.32218900063423,system.loop_0_1pct_low_fps,8.209338122113904,drive.heading_rad,-0.0,intake.over_current,0.0,intake.shooting,false,robot.shot_preset,close,robot.shooter_hood_luts_enabled,true,robot.slow_mode,false,robot.turret_forward_override,false,robot.hang_mode,false,shooter.running,true,shooter.busy,false,shooter.impact_detected,false,shooter.over_current,false,turret.over_current,false
370.211586073,system.limelight_pose,position=(-4.240 -0.423 -0.000)m, orientation={yaw=2.518, pitch=0.000, roll=0.000},system.loop_hz,16.296109434253506,system.loop_avg_fps,22.841590282270776,system.loop_worst_fps,5.284545870358209,system.loop_1pct_low_fps,12.32218900063423,system.loop_0_1pct_low_fps,8.209338122113904,drive.heading_rad,-0.0,intake.over_current,0.0,intake.shooting,false,robot.shot_preset,close,robot.shooter_hood_luts_enabled,true,robot.slow_mode,false,robot.turret_forward_override,false,robot.hang_mode,false,shooter.running,true,shooter.busy,false,shooter.impact_detected,true,shooter.over_current,false,turret.over_current,false
370.453355597,system.limelight_pose,position=(-4.240 -0.423 -0.000)m, orientation={yaw=2.518, pitch=0.000, roll=0.000},system.loop_hz,22.354026030524327,system.loop_avg_fps,22.838079210480906,system.loop_worst_fps,5.284545870358209,system.loop_1pct_low_fps,12.32218900063423,system.loop_0_1pct_low_fps,8.209338122113904,drive.heading_rad,-0.0,intake.over_current,0.0,intake.shooting,false,robot.shot_preset,close,robot.shooter_hood_luts_enabled,true,robot.slow_mode,false,robot.turret_forward_override,false,robot.hang_mode,false,shooter.running,true,shooter.busy,false,shooter.impact_detected,true,shooter.over_current,false,turret.over_current,false
370.696701288,system.limelight_pose,position=(-4.240 -0.423 -0.000)m, orientation={yaw=2.518, pitch=0.000, roll=0.000},system.loop_hz,17.135915432479994,system.loop_avg_fps,22.834338028199724,system.loop_worst_fps,5.284545870358209,system.loop_1pct_low_fps,12.364214430804557,system.loop_0_1pct_low_fps,8.209338122113904,drive.heading_rad,-0.0,intake.over_current,0.0,intake.shooting,false,robot.shot_preset,close,robot.shooter_hood_luts_enabled,true,robot.slow_mode,false,robot.turret_forward_override,false,robot.hang_mode,false,shooter.running,true,shooter.busy,false,shooter.impact_detected,false,shooter.over_current,false,turret.over_current,false
370.913014727,system.limelight_pose,position=(-4.240 -0.423 -0.000)m, orientation={yaw=2.518, pitch=0.000, roll=0.000},system.loop_hz,23.424321440155857,system.loop_avg_fps,22.828043905755994,system.loop_worst_fps,5.284545870358209,system.loop_1pct_low_fps,12.364214430804557,system.loop_0_1pct_low_fps,8.209338122113904,drive.heading_rad,-0.0,intake.over_current,0.0,intake.shooting,false,robot.shot_preset,close,robot.shooter_hood_luts_enabled,true,robot.slow_mode,false,robot.turret_forward_override,false,robot.hang_mode,false,shooter.running,true,shooter.busy,false,shooter.impact_detected,true,shooter.over_current,false,turret.over_current,false
371.120567081,system.limelight_pose,position=(-4.240 -0.423 -0.000)m, orientation={yaw=2.518, pitch=0.000, roll=0.000},system.loop_hz,13.28852001434317,system.loop_avg_fps,22.823105829728938,system.loop_worst_fps,5.284545870358209,system.loop_1pct_low_fps,12.346767792574301,system.loop_0_1pct_low_fps,8.209338122113904,drive.heading_rad,-0.0,intake.over_current,0.0,intake.shooting,false,robot.shot_preset,close,robot.shooter_hood_luts_enabled,true,robot.slow_mode,false,robot.turret_forward_override,false,robot.hang_mode,false,shooter.running,true,shooter.busy,false,shooter.impact_detected,true,shooter.over_current,false,turret.over_current,false
371.336576602,system.limelight_pose,position=(-4.240 -0.423 -0.000)m, orientation={yaw=2.518, pitch=0.000, roll=0.000},system.loop_hz,17.214899826323986,system.loop_avg_fps,22.816892097432866,system.loop_worst_fps,5.284545870358209,system.loop_1pct_low_fps,12.346767792574301,system.loop_0_1pct_low_fps,8.209338122113904,drive.heading_rad,-0.0,intake.over_current,0.0,intake.shooting,false,robot.shot_preset,close,robot.shooter_hood_luts_enabled,true,robot.slow_mode,false,robot.turret_forward_override,false,robot.hang_mode,false,shooter.running,true,shooter.busy,false,shooter.impact_detected,false,shooter.over_current,false,turret.over_current,false
371.550718874,system.limelight_pose,position=(-4.240 -0.423 -0.000)m, orientation={yaw=2.518, pitch=0.000, roll=0.000},system.loop_hz,16.840401794482194,system.loop_avg_fps,22.810980449950385,system.loop_worst_fps,5.284545870358209,system.loop_1pct_low_fps,12.346767792574301,system.loop_0_1pct_low_fps,8.209338122113904,drive.heading_rad,-0.0,intake.over_current,0.0,intake.shooting,false,robot.shot_preset,close,robot.shooter_hood_luts_enabled,true,robot.slow_mode,false,robot.turret_forward_override,false,robot.hang_mode,false,shooter.running,true,shooter.busy,false,shooter.impact_detected,true,shooter.over_current,false,turret.over_current,false
371.787832814,system.limelight_pose,position=(-4.240 -0.423 -0.000)m, orientation={yaw=2.518, pitch=0.000, roll=0.000},system.loop_hz,24.15047970699964,system.loop_avg_fps,22.808257304899996,system.loop_worst_fps,5.284545870358209,system.loop_1pct_low_fps,12.346767792574301,system.loop_0_1pct_low_fps,8.209338122113904,drive.heading_rad,-0.0,intake.over_current,0.0,intake.shooting,false,robot.shot_preset,close,robot.shooter_hood_luts_enabled,true,robot.slow_mode,false,robot.turret_forward_override,false,robot.hang_mode,false,shooter.running,true,shooter.busy,false,shooter.impact_detected,true,shooter.over_current,false,turret.over_current,false
372.000849836,system.limelight_pose,position=(-4.240 -0.423 -0.000)m, orientation={yaw=2.518, pitch=0.000, roll=0.000},system.loop_hz,22.61426308709293,system.loop_avg_fps,22.809198228906983,system.loop_worst_fps,5.284545870358209,system.loop_1pct_low_fps,12.346767792574301,system.loop_0_1pct_low_fps,8.209338122113904,drive.heading_rad,-0.0,intake.over_current,0.0,intake.shooting,false,robot.shot_preset,close,robot.shooter_hood_luts_enabled,true,robot.slow_mode,false,robot.turret_forward_override,false,robot.hang_mode,false,shooter.running,true,shooter.busy,false,shooter.impact_detected,false,shooter.over_current,false,turret.over_current,false
372.22400665,system.limelight_pose,position=(-4.240 -0.423 -0.000)m, orientation={yaw=2.518, pitch=0.000, roll=0.000},system.loop_hz,25.63896860686537,system.loop_avg_fps,22.808600263613922,system.loop_worst_fps,5.284545870358209,system.loop_1pct_low_fps,12.346767792574301,system.loop_0_1pct_low_fps,8.209338122113904,drive.heading_rad,-0.0,intake.over_current,0.0,intake.shooting,false,robot.shot_preset,close,robot.shooter_hood_luts_enabled,true,robot.slow_mode,false,robot.turret_forward_override,false,robot.hang_mode,false,shooter.running,true,shooter.busy,false,shooter.impact_detected,false,shooter.over_current,false,turret.over_current,false
372.460671132,system.limelight_pose,position=(-4.240 -0.423 -0.000)m, orientation={yaw=2.518, pitch=0.000, roll=0.000},system.loop_hz,21.924333381330698,system.loop_avg_fps,22.79932942781789,system.loop_worst_fps,5.284545870358209,system.loop_1pct_low_fps,12.316354359109704,system.loop_0_1pct_low_fps,8.209338122113904,drive.heading_rad,-0.0,intake.over_current,0.0,intake.shooting,false,robot.shot_preset,close,robot.shooter_hood_luts_enabled,true,robot.slow_mode,false,robot.turret_forward_override,false,robot.hang_mode,false,shooter.running,true,shooter.busy,false,shooter.impact_detected,false,shooter.over_current,false,turret.over_current,false
372.701648781,system.limelight_pose,position=(-4.240 -0.423 -0.000)m, orientation={yaw=2.518, pitch=0.000, roll=0.000},system.loop_hz,19.19219844808297,system.loop_avg_fps,22.80267879436466,system.loop_worst_fps,5.284545870358209,system.loop_1pct_low_fps,12.316354359109704,system.loop_0_1pct_low_fps,8.209338122113904,drive.heading_rad,-0.0,intake.over_current,0.0,intake.shooting,false,robot.shot_preset,close,robot.shooter_hood_luts_enabled,true,robot.slow_mode,false,robot.turret_forward_override,false,robot.hang_mode,false,shooter.running,true,shooter.busy,false,shooter.impact_detected,false,shooter.over_current,false,turret.over_current,false
372.92509872,system.limelight_pose,position=(-4.240 -0.423 -0.000)m, orientation={yaw=2.518, pitch=0.000, roll=0.000},system.loop_hz,19.23354144987341,system.loop_avg_fps,22.80204902950026,system.loop_worst_fps,5.284545870358209,system.loop_1pct_low_fps,12.316354359109704,system.loop_0_1pct_low_fps,8.209338122113904,drive.heading_rad,-0.0,intake.over_current,0.0,intake.shooting,false,robot.shot_preset,close,robot.shooter_hood_luts_enabled,true,robot.slow_mode,false,robot.turret_forward_override,false,robot.hang_mode,false,shooter.running,true,shooter.busy,true,shooter.impact_detected,false,shooter.over_current,false,turret.over_current,false
373.142604492,system.limelight_pose,position=(-4.240 -0.423 -0.000)m, orientation={yaw=2.518, pitch=0.000, roll=0.000},system.loop_hz,28.869260358032353,system.loop_avg_fps,22.808917601468938,system.loop_worst_fps,5.284545870358209,system.loop_1pct_low_fps,12.316354359109704,system.loop_0_1pct_low_fps,8.209338122113904,drive.heading_rad,-0.0,intake.over_current,0.0,intake.shooting,false,robot.shot_preset,close,robot.shooter_hood_luts_enabled,true,robot.slow_mode,false,robot.turret_forward_override,false,robot.hang_mode,false,shooter.running,true,shooter.busy,true,shooter.impact_detected,false,shooter.over_current,false,turret.over_current,false
373.355527305,system.limelight_pose,position=(-4.240 -0.423 -0.000)m, orientation={yaw=2.518, pitch=0.000, roll=0.000},system.loop_hz,32.170198364676416,system.loop_avg_fps,22.816455807108753,system.loop_worst_fps,5.284545870358209,system.loop_1pct_low_fps,12.316354359109704,system.loop_0_1pct_low_fps,8.209338122113904,drive.heading_rad,-0.0,intake.over_current,0.0,intake.shooting,false,robot.shot_preset,close,robot.shooter_hood_luts_enabled,true,robot.slow_mode,false,robot.turret_forward_override,false,robot.hang_mode,false,shooter.running,true,shooter.busy,true,shooter.impact_detected,false,shooter.over_current,false,turret.over_current,false
373.583262995,system.limelight_pose,position=(-4.240 -0.423 -0.000)m, orientation={yaw=2.518, pitch=0.000, roll=0.000},system.loop_hz,31.34263708173758,system.loop_avg_fps,22.821747389593025,system.loop_worst_fps,5.284545870358209,system.loop_1pct_low_fps,12.316354359109704,system.loop_0_1pct_low_fps,8.209338122113904,drive.heading_rad,-0.0,intake.over_current,0.0,intake.shooting,false,robot.shot_preset,close,robot.shooter_hood_luts_enabled,true,robot.slow_mode,false,robot.turret_forward_override,false,robot.hang_mode,false,shooter.running,true,shooter.busy,true,shooter.impact_detected,false,shooter.over_current,false,turret.over_current,false
373.794531766,system.limelight_pose,position=(-4.240 -0.423 -0.000)m, orientation={yaw=2.518, pitch=0.000, roll=0.000},system.loop_hz,16.723839620998326,system.loop_avg_fps,22.822920597336214,system.loop_worst_fps,5.284545870358209,system.loop_1pct_low_fps,12.316354359109704,system.loop_0_1pct_low_fps,8.209338122113904,drive.heading_rad,-0.0,intake.over_current,0.0,intake.shooting,false,robot.shot_preset,close,robot.shooter_hood_luts_enabled,true,robot.slow_mode,false,robot.turret_forward_override,false,robot.hang_mode,false,shooter.running,true,shooter.busy,true,shooter.impact_detected,false,shooter.over_current,false,turret.over_current,false
374.038794457,system.limelight_pose,position=(-4.240 -0.423 -0.000)m, orientation={yaw=2.518, pitch=0.000, roll=0.000},system.loop_hz,21.494800440011932,system.loop_avg_fps,22.825711214438204,system.loop_worst_fps,5.284545870358209,system.loop_1pct_low_fps,12.316354359109704,system.loop_0_1pct_low_fps,8.209338122113904,drive.heading_rad,-0.0,intake.over_current,0.0,intake.shooting,false,robot.shot_preset,close,robot.shooter_hood_luts_enabled,true,robot.slow_mode,false,robot.turret_forward_override,false,robot.hang_mode,false,shooter.running,true,shooter.busy,true,shooter.impact_detected,false,shooter.over_current,false,turret.over_current,false
374.244316228,system.limelight_pose,position=(-4.240 -0.423 -0.000)m, orientation={yaw=2.518, pitch=0.000, roll=0.000},system.loop_hz,33.764721545192096,system.loop_avg_fps,22.834289274410803,system.loop_worst_fps,5.284545870358209,system.loop_1pct_low_fps,12.316354359109704,system.loop_0_1pct_low_fps,8.209338122113904,drive.heading_rad,-0.0,intake.over_current,0.0,intake.shooting,false,robot.shot_preset,close,robot.shooter_hood_luts_enabled,true,robot.slow_mode,false,robot.turret_forward_override,false,robot.hang_mode,false,shooter.running,true,shooter.busy,true,shooter.impact_detected,false,shooter.over_current,false,turret.over_current,false
374.44864654,system.limelight_pose,position=(-4.240 -0.423 -0.000)m, orientation={yaw=2.518, pitch=0.000, roll=0.000},system.loop_hz,25.581388209822173,system.loop_avg_fps,22.836477115922428,system.loop_worst_fps,5.284545870358209,system.loop_1pct_low_fps,12.316354359109704,system.loop_0_1pct_low_fps,8.209338122113904,drive.heading_rad,-0.0,intake.over_current,0.0,intake.shooting,false,robot.shot_preset,close,robot.shooter_hood_luts_enabled,true,robot.slow_mode,false,robot.turret_forward_override,false,robot.hang_mode,false,shooter.running,true,shooter.busy,true,shooter.impact_detected,false,shooter.over_current,false,turret.over_current,false
374.67682323,system.limelight_pose,position=(-4.240 -0.423 -0.000)m, orientation={yaw=2.518, pitch=0.000, roll=0.000},system.loop_hz,25.238288563375995,system.loop_avg_fps,22.84163526197079,system.loop_worst_fps,5.284545870358209,system.loop_1pct_low_fps,12.316354359109704,system.loop_0_1pct_low_fps,8.209338122113904,drive.heading_rad,-0.0,intake.over_current,0.0,intake.shooting,false,robot.shot_preset,close,robot.shooter_hood_luts_enabled,true,robot.slow_mode,false,robot.turret_forward_override,false,robot.hang_mode,false,shooter.running,true,shooter.busy,true,shooter.impact_detected,false,shooter.over_current,false,turret.over_current,false
374.93114113,system.limelight_pose,position=(-4.240 -0.423 -0.000)m, orientation={yaw=2.518, pitch=0.000, roll=0.000},system.loop_hz,17.040188449485353,system.loop_avg_fps,22.849405908338728,system.loop_worst_fps,5.284545870358209,system.loop_1pct_low_fps,12.356272524455122,system.loop_0_1pct_low_fps,8.209338122113904,drive.heading_rad,-0.0,intake.over_current,0.0,intake.shooting,false,robot.shot_preset,close,robot.shooter_hood_luts_enabled,true,robot.slow_mode,false,robot.turret_forward_override,false,robot.hang_mode,false,shooter.running,true,shooter.busy,true,shooter.impact_detected,false,shooter.over_current,false,turret.over_current,false
375.153863944,system.limelight_pose,position=(-4.240 -0.423 -0.000)m, orientation={yaw=2.518, pitch=0.000, roll=0.000},system.loop_hz,30.476458901211032,system.loop_avg_fps,22.848825507892958,system.loop_worst_fps,5.284545870358209,system.loop_1pct_low_fps,12.356272524455122,system.loop_0_1pct_low_fps,8.209338122113904,drive.heading_rad,-0.0,intake.over_current,0.0,intake.shooting,false,robot.shot_preset,close,robot.shooter_hood_luts_enabled,true,robot.slow_mode,false,robot.turret_forward_override,false,robot.hang_mode,false,shooter.running,true,shooter.busy,true,shooter.impact_detected,false,shooter.over_current,false,turret.over_current,false
375.390372968,system.limelight_pose,position=(-4.240 -0.423 -0.000)m, orientation={yaw=2.518, pitch=0.000, roll=0.000},system.loop_hz,23.1760430911305,system.loop_avg_fps,22.85270289912473,system.loop_worst_fps,5.284545870358209,system.loop_1pct_low_fps,12.356272524455122,system.loop_0_1pct_low_fps,8.209338122113904,drive.heading_rad,-0.0,intake.over_current,0.0,intake.shooting,false,robot.shot_preset,close,robot.shooter_hood_luts_enabled,true,robot.slow_mode,false,robot.turret_forward_override,false,robot.hang_mode,false,shooter.running,true,shooter.busy,true,shooter.impact_detected,false,shooter.over_current,false,turret.over_current,false
375.617402241,system.limelight_pose,position=(-4.240 -0.423 -0.000)m, orientation={yaw=2.518, pitch=0.000, roll=0.000},system.loop_hz,15.948696742688856,system.loop_avg_fps,22.85148021810493,system.loop_worst_fps,5.284545870358209,system.loop_1pct_low_fps,12.356272524455122,system.loop_0_1pct_low_fps,8.209338122113904,drive.heading_rad,-0.0,intake.over_current,0.0,intake.shooting,false,robot.shot_preset,close,robot.shooter_hood_luts_enabled,true,robot.slow_mode,false,robot.turret_forward_override,false,robot.hang_mode,false,shooter.running,false,shooter.busy,true,shooter.impact_detected,false,shooter.over_current,false,turret.over_current,false
375.837531846,system.limelight_pose,position=(-4.240 -0.423 -0.000)m, orientation={yaw=2.518, pitch=0.000, roll=0.000},system.loop_hz,32.17955884914427,system.loop_avg_fps,22.864256392820145,system.loop_worst_fps,5.284545870358209,system.loop_1pct_low_fps,12.356272524455122,system.loop_0_1pct_low_fps,8.209338122113904,drive.heading_rad,-0.0,intake.over_current,0.0,intake.shooting,false,robot.shot_preset,close,robot.shooter_hood_luts_enabled,true,robot.slow_mode,false,robot.turret_forward_override,false,robot.hang_mode,false,shooter.running,false,shooter.busy,true,shooter.impact_detected,false,shooter.over_current,false,turret.over_current,false
376.062435744,system.limelight_pose,position=(-4.240 -0.423 -0.000)m, orientation={yaw=2.518, pitch=0.000, roll=0.000},system.loop_hz,20.789676312424305,system.loop_avg_fps,22.869811856869244,system.loop_worst_fps,5.284545870358209,system.loop_1pct_low_fps,12.356272524455122,system.loop_0_1pct_low_fps,8.209338122113904,drive.heading_rad,-0.0,intake.over_current,0.0,intake.shooting,false,robot.shot_preset,close,robot.shooter_hood_luts_enabled,true,robot.slow_mode,false,robot.turret_forward_override,false,robot.hang_mode,false,shooter.running,false,shooter.busy,true,shooter.impact_detected,false,shooter.over_current,false,turret.over_current,false
376.266445514,system.limelight_pose,position=(-4.240 -0.423 -0.000)m, orientation={yaw=2.518, pitch=0.000, roll=0.000},system.loop_hz,35.73065928894202,system.loop_avg_fps,22.871974441788485,system.loop_worst_fps,5.284545870358209,system.loop_1pct_low_fps,12.356272524455122,system.loop_0_1pct_low_fps,8.209338122113904,drive.heading_rad,-0.0,intake.over_current,0.0,intake.shooting,false,robot.shot_preset,close,robot.shooter_hood_luts_enabled,true,robot.slow_mode,false,robot.turret_forward_override,false,robot.hang_mode,false,shooter.running,false,shooter.busy,true,shooter.impact_detected,false,shooter.over_current,false,turret.over_current,false
376.483593703,system.limelight_pose,position=(-4.240 -0.423 -0.000)m, orientation={yaw=2.518, pitch=0.000, roll=0.000},system.loop_hz,43.636597211172514,system.loop_avg_fps,22.87864937604902,system.loop_worst_fps,5.284545870358209,system.loop_1pct_low_fps,12.356272524455122,system.loop_0_1pct_low_fps,8.209338122113904,drive.heading_rad,-0.0,intake.over_current,0.0,intake.shooting,false,robot.shot_preset,close,robot.shooter_hood_luts_enabled,true,robot.slow_mode,false,robot.turret_forward_override,false,robot.hang_mode,false,shooter.running,false,shooter.busy,true,shooter.impact_detected,true,shooter.over_current,false,turret.over_current,false
376.7077556,system.limelight_pose,position=(-4.240 -0.423 -0.000)m, orientation={yaw=2.518, pitch=0.000, roll=0.000},system.loop_hz,23.596822612340272,system.loop_avg_fps,22.88427033175434,system.loop_worst_fps,5.284545870358209,system.loop_1pct_low_fps,12.356272524455122,system.loop_0_1pct_low_fps,8.209338122113904,drive.heading_rad,-0.0,intake.over_current,0.0,intake.shooting,false,robot.shot_preset,close,robot.shooter_hood_luts_enabled,true,robot.slow_mode,false,robot.turret_forward_override,false,robot.hang_mode,false,shooter.running,false,shooter.busy,true,shooter.impact_detected,true,shooter.over_current,false,turret.over_current,false
376.93091329,system.limelight_pose,position=(-4.240 -0.423 -0.000)m, orientation={yaw=2.518, pitch=0.000, roll=0.000},system.loop_hz,24.867242495873466,system.loop_avg_fps,22.896463739473084,system.loop_worst_fps,5.284545870358209,system.loop_1pct_low_fps,12.356272524455122,system.loop_0_1pct_low_fps,8.209338122113904,drive.heading_rad,-0.0,intake.over_current,0.0,intake.shooting,false,robot.shot_preset,close,robot.shooter_hood_luts_enabled,true,robot.slow_mode,false,robot.turret_forward_override,false,robot.hang_mode,false,shooter.running,false,shooter.busy,true,shooter.impact_detected,true,shooter.over_current,false,turret.over_current,false
377.145702186,system.limelight_pose,position=(-4.240 -0.423 -0.000)m, orientation={yaw=2.518, pitch=0.000, roll=0.000},system.loop_hz,30.84717636361999,system.loop_avg_fps,22.903423484843454,system.loop_worst_fps,5.284545870358209,system.loop_1pct_low_fps,12.356272524455122,system.loop_0_1pct_low_fps,8.209338122113904,drive.heading_rad,-0.0,intake.over_current,0.0,intake.shooting,false,robot.shot_preset,close,robot.shooter_hood_luts_enabled,true,robot.slow_mode,false,robot.turret_forward_override,false,robot.hang_mode,false,shooter.running,false,shooter.busy,true,shooter.impact_detected,true,shooter.over_current,false,turret.over_current,false
377.359824333,system.limelight_pose,position=(-4.240 -0.423 -0.000)m, orientation={yaw=2.518, pitch=0.000, roll=0.000},system.loop_hz,27.975317712874222,system.loop_avg_fps,22.910462140108134,system.loop_worst_fps,5.284545870358209,system.loop_1pct_low_fps,12.356272524455122,system.loop_0_1pct_low_fps,8.209338122113904,drive.heading_rad,-0.0,intake.over_current,0.0,intake.shooting,false,robot.shot_preset,close,robot.shooter_hood_luts_enabled,true,robot.slow_mode,false,robot.turret_forward_override,false,robot.hang_mode,false,shooter.running,false,shooter.busy,true,shooter.impact_detected,true,shooter.over_current,false,turret.over_current,false
377.559907394,system.limelight_pose,position=(-4.240 -0.423 -0.000)m, orientation={yaw=2.518, pitch=0.000, roll=0.000},system.loop_hz,27.505142980419148,system.loop_avg_fps,22.91313066415519,system.loop_worst_fps,5.284545870358209,system.loop_1pct_low_fps,12.356272524455122,system.loop_0_1pct_low_fps,8.209338122113904,drive.heading_rad,-0.0,intake.over_current,0.0,intake.shooting,false,robot.shot_preset,close,robot.shooter_hood_luts_enabled,true,robot.slow_mode,false,robot.turret_forward_override,false,robot.hang_mode,false,shooter.running,false,shooter.busy,true,shooter.impact_detected,true,shooter.over_current,false,turret.over_current,false
377.777897916,system.limelight_pose,position=(-4.240 -0.423 -0.000)m, orientation={yaw=2.518, pitch=0.000, roll=0.000},system.loop_hz,33.52043995981138,system.loop_avg_fps,22.919569376440485,system.loop_worst_fps,5.284545870358209,system.loop_1pct_low_fps,12.356272524455122,system.loop_0_1pct_low_fps,8.209338122113904,drive.heading_rad,-0.0,intake.over_current,0.0,intake.shooting,false,robot.shot_preset,close,robot.shooter_hood_luts_enabled,true,robot.slow_mode,false,robot.turret_forward_override,false,robot.hang_mode,false,shooter.running,false,shooter.busy,true,shooter.impact_detected,true,shooter.over_current,false,turret.over_current,false
377.987435646,system.limelight_pose,position=(-4.240 -0.423 -0.000)m, orientation={yaw=2.518, pitch=0.000, roll=0.000},system.loop_hz,31.845989736449667,system.loop_avg_fps,22.927229818503044,system.loop_worst_fps,5.284545870358209,system.loop_1pct_low_fps,12.356272524455122,system.loop_0_1pct_low_fps,8.209338122113904,drive.heading_rad,-0.0,intake.over_current,0.0,intake.shooting,false,robot.shot_preset,close,robot.shooter_hood_luts_enabled,true,robot.slow_mode,false,robot.turret_forward_override,false,robot.hang_mode,false,shooter.running,false,shooter.busy,true,shooter.impact_detected,true,shooter.over_current,false,turret.over_current,false
378.201133125,system.limelight_pose,position=(-4.240 -0.423 -0.000)m, orientation={yaw=2.518, pitch=0.000, roll=0.000},system.loop_hz,22.801505099995328,system.loop_avg_fps,22.934260279497067,system.loop_worst_fps,5.284545870358209,system.loop_1pct_low_fps,12.356272524455122,system.loop_0_1pct_low_fps,8.209338122113904,drive.heading_rad,-0.0,intake.over_current,0.0,intake.shooting,false,robot.shot_preset,close,robot.shooter_hood_luts_enabled,true,robot.slow_mode,false,robot.turret_forward_override,false,robot.hang_mode,false,shooter.running,false,shooter.busy,true,shooter.impact_detected,true,shooter.over_current,false,turret.over_current,false
378.431969524,system.limelight_pose,position=(-4.240 -0.423 -0.000)m, orientation={yaw=2.518, pitch=0.000, roll=0.000},system.loop_hz,28.8889636791748,system.loop_avg_fps,22.945142400441338,system.loop_worst_fps,5.284545870358209,system.loop_1pct_low_fps,12.356272524455122,system.loop_0_1pct_low_fps,8.209338122113904,drive.heading_rad,-0.0,intake.over_current,0.0,intake.shooting,false,robot.shot_preset,close,robot.shooter_hood_luts_enabled,true,robot.slow_mode,false,robot.turret_forward_override,false,robot.hang_mode,false,shooter.running,false,shooter.busy,true,shooter.impact_detected,true,shooter.over_current,false,turret.over_current,false
378.644953295,system.limelight_pose,position=(-4.240 -0.423 -0.000)m, orientation={yaw=2.518, pitch=0.000, roll=0.000},system.loop_hz,22.315469643689045,system.loop_avg_fps,22.95223292071904,system.loop_worst_fps,5.284545870358209,system.loop_1pct_low_fps,12.395309882747068,system.loop_0_1pct_low_fps,8.209338122113904,drive.heading_rad,-0.0,intake.over_current,0.0,intake.shooting,false,robot.shot_preset,close,robot.shooter_hood_luts_enabled,true,robot.slow_mode,false,robot.turret_forward_override,false,robot.hang_mode,false,shooter.running,false,shooter.busy,true,shooter.impact_detected,false,shooter.over_current,false,turret.over_current,false
378.867954067,system.limelight_pose,position=(-4.240 -0.423 -0.000)m, orientation={yaw=2.518, pitch=0.000, roll=0.000},system.loop_hz,41.21324540953503,system.loop_avg_fps,22.95784123914478,system.loop_worst_fps,5.284545870358209,system.loop_1pct_low_fps,12.395309882747068,system.loop_0_1pct_low_fps,8.209338122113904,drive.heading_rad,-0.0,intake.over_current,0.0,intake.shooting,false,robot.shot_preset,close,robot.shooter_hood_luts_enabled,true,robot.slow_mode,false,robot.turret_forward_override,false,robot.hang_mode,false,shooter.running,false,shooter.busy,true,shooter.impact_detected,true,shooter.over_current,false,turret.over_current,false
379.078989797,system.limelight_pose,position=(-4.240 -0.423 -0.000)m, orientation={yaw=2.518, pitch=0.000, roll=0.000},system.loop_hz,20.75067087437897,system.loop_avg_fps,22.958826392696544,system.loop_worst_fps,5.284545870358209,system.loop_1pct_low_fps,12.395309882747068,system.loop_0_1pct_low_fps,8.209338122113904,drive.heading_rad,-0.0,intake.over_current,0.0,intake.shooting,false,robot.shot_preset,close,robot.shooter_hood_luts_enabled,true,robot.slow_mode,false,robot.turret_forward_override,false,robot.hang_mode,false,shooter.running,false,shooter.busy,true,shooter.impact_detected,true,shooter.over_current,false,turret.over_current,false
379.306891737,system.limelight_pose,position=(-4.240 -0.423 -0.000)m, orientation={yaw=2.518, pitch=0.000, roll=0.000},system.loop_hz,16.47725648406177,system.loop_avg_fps,22.963695958132703,system.loop_worst_fps,5.284545870358209,system.loop_1pct_low_fps,12.395309882747068,system.loop_0_1pct_low_fps,8.209338122113904,drive.heading_rad,-0.0,intake.over_current,0.0,intake.shooting,false,robot.shot_preset,close,robot.shooter_hood_luts_enabled,true,robot.slow_mode,false,robot.turret_forward_override,false,robot.hang_mode,false,shooter.running,false,shooter.busy,true,shooter.impact_detected,true,shooter.over_current,false,turret.over_current,false
379.5258678,system.limelight_pose,position=(-4.240 -0.423 -0.000)m, orientation={yaw=2.518, pitch=0.000, roll=0.000},system.loop_hz,27.966419042661897,system.loop_avg_fps,22.96985018195741,system.loop_worst_fps,5.284545870358209,system.loop_1pct_low_fps,12.395309882747068,system.loop_0_1pct_low_fps,8.209338122113904,drive.heading_rad,-0.0,intake.over_current,0.0,intake.shooting,false,robot.shot_preset,close,robot.shooter_hood_luts_enabled,true,robot.slow_mode,false,robot.turret_forward_override,false,robot.hang_mode,false,shooter.running,false,shooter.busy,true,shooter.impact_detected,true,shooter.over_current,false,turret.over_current,false
379.742086739,system.limelight_pose,position=(-4.240 -0.423 -0.000)m, orientation={yaw=2.518, pitch=0.000, roll=0.000},system.loop_hz,39.18053442091636,system.loop_avg_fps,22.976388099050066,system.loop_worst_fps,5.284545870358209,system.loop_1pct_low_fps,12.395309882747068,system.loop_0_1pct_low_fps,8.209338122113904,drive.heading_rad,-0.0,intake.over_current,0.0,intake.shooting,false,robot.shot_preset,close,robot.shooter_hood_luts_enabled,true,robot.slow_mode,false,robot.turret_forward_override,false,robot.hang_mode,false,shooter.running,false,shooter.busy,true,shooter.impact_detected,false,shooter.over_current,false,turret.over_current,false
379.949554801,system.limelight_pose,position=(-4.240 -0.423 -0.000)m, orientation={yaw=2.518, pitch=0.000, roll=0.000},system.loop_hz,30.027246423150945,system.loop_avg_fps,22.984178796136774,system.loop_worst_fps,5.284545870358209,system.loop_1pct_low_fps,12.395309882747068,system.loop_0_1pct_low_fps,8.209338122113904,drive.heading_rad,-0.0,intake.over_current,0.0,intake.shooting,false,robot.shot_preset,close,robot.shooter_hood_luts_enabled,true,robot.slow_mode,false,robot.turret_forward_override,false,robot.hang_mode,false,shooter.running,false,shooter.busy,true,shooter.impact_detected,true,shooter.over_current,false,turret.over_current,false
380.15213978,system.limelight_pose,position=(-4.240 -0.423 -0.000)m, orientation={yaw=2.518, pitch=0.000, roll=0.000},system.loop_hz,29.576790146294417,system.loop_avg_fps,22.986347769874406,system.loop_worst_fps,5.284545870358209,system.loop_1pct_low_fps,12.395309882747068,system.loop_0_1pct_low_fps,8.209338122113904,drive.heading_rad,-0.0,intake.over_current,0.0,intake.shooting,false,robot.shot_preset,close,robot.shooter_hood_luts_enabled,true,robot.slow_mode,false,robot.turret_forward_override,false,robot.hang_mode,false,shooter.running,false,shooter.busy,true,shooter.impact_detected,true,shooter.over_current,false,turret.over_current,false
380.379176928,system.limelight_pose,position=(-4.240 -0.423 -0.000)m, orientation={yaw=2.518, pitch=0.000, roll=0.000},system.loop_hz,27.149471878969617,system.loop_avg_fps,22.991270164646785,system.loop_worst_fps,5.284545870358209,system.loop_1pct_low_fps,12.395309882747068,system.loop_0_1pct_low_fps,8.209338122113904,drive.heading_rad,-0.0,intake.over_current,0.0,intake.shooting,false,robot.shot_preset,close,robot.shooter_hood_luts_enabled,true,robot.slow_mode,false,robot.turret_forward_override,false,robot.hang_mode,false,shooter.running,false,shooter.busy,true,shooter.impact_detected,true,shooter.over_current,false,turret.over_current,false
380.611489451,system.limelight_pose,position=(-4.240 -0.423 -0.000)m, orientation={yaw=2.518, pitch=0.000, roll=0.000},system.loop_hz,23.644013463477446,system.loop_avg_fps,22.995415253530584,system.loop_worst_fps,5.284545870358209,system.loop_1pct_low_fps,12.395309882747068,system.loop_0_1pct_low_fps,8.209338122113904,drive.heading_rad,-0.0,intake.over_current,0.0,intake.shooting,false,robot.shot_preset,close,robot.shooter_hood_luts_enabled,true,robot.slow_mode,false,robot.turret_forward_override,false,robot.hang_mode,false,shooter.running,false,shooter.busy,true,shooter.impact_detected,true,shooter.over_current,false,turret.over_current,false
380.853997767,system.limelight_pose,position=(-4.240 -0.423 -0.000)m, orientation={yaw=2.518, pitch=0.000, roll=0.000},system.loop_hz,21.639828086277735,system.loop_avg_fps,22.998075143755283,system.loop_worst_fps,5.284545870358209,system.loop_1pct_low_fps,12.395309882747068,system.loop_0_1pct_low_fps,8.209338122113904,drive.heading_rad,-0.0,intake.over_current,0.0,intake.shooting,false,robot.shot_preset,close,robot.shooter_hood_luts_enabled,true,robot.slow_mode,false,robot.turret_forward_override,false,robot.hang_mode,false,shooter.running,false,shooter.busy,true,shooter.impact_detected,true,shooter.over_current,false,turret.over_current,false
381.058414704,system.limelight_pose,position=(-4.240 -0.423 -0.000)m, orientation={yaw=2.518, pitch=0.000, roll=0.000},system.loop_hz,26.812314735301282,system.loop_avg_fps,23.00622365030354,system.loop_worst_fps,5.284545870358209,system.loop_1pct_low_fps,12.395309882747068,system.loop_0_1pct_low_fps,8.209338122113904,drive.heading_rad,-0.0,intake.over_current,0.0,intake.shooting,false,robot.shot_preset,close,robot.shooter_hood_luts_enabled,true,robot.slow_mode,false,robot.turret_forward_override,false,robot.hang_mode,false,shooter.running,false,shooter.busy,true,shooter.impact_detected,true,shooter.over_current,false,turret.over_current,false
381.263729975,system.limelight_pose,position=(-4.240 -0.423 -0.000)m, orientation={yaw=2.518, pitch=0.000, roll=0.000},system.loop_hz,30.51225933761148,system.loop_avg_fps,23.00795595738192,system.loop_worst_fps,5.284545870358209,system.loop_1pct_low_fps,12.395309882747068,system.loop_0_1pct_low_fps,8.209338122113904,drive.heading_rad,-0.0,intake.over_current,0.0,intake.shooting,false,robot.shot_preset,close,robot.shooter_hood_luts_enabled,true,robot.slow_mode,false,robot.turret_forward_override,false,robot.hang_mode,false,shooter.running,false,shooter.busy,true,shooter.impact_detected,true,shooter.over_current,false,turret.over_current,false
381.467142412,system.limelight_pose,position=(-4.240 -0.423 -0.000)m, orientation={yaw=2.518, pitch=0.000, roll=0.000},system.loop_hz,26.589200626022865,system.loop_avg_fps,23.00995780248626,system.loop_worst_fps,5.284545870358209,system.loop_1pct_low_fps,12.395309882747068,system.loop_0_1pct_low_fps,8.209338122113904,drive.heading_rad,-0.0,intake.over_current,0.0,intake.shooting,false,robot.shot_preset,close,robot.shooter_hood_luts_enabled,true,robot.slow_mode,false,robot.turret_forward_override,false,robot.hang_mode,false,shooter.running,false,shooter.busy,true,shooter.impact_detected,false,shooter.over_current,false,turret.over_current,false
381.681093642,system.limelight_pose,position=(-4.240 -0.423 -0.000)m, orientation={yaw=2.518, pitch=0.000, roll=0.000},system.loop_hz,25.178608234311383,system.loop_avg_fps,23.016688394788915,system.loop_worst_fps,5.284545870358209,system.loop_1pct_low_fps,12.395309882747068,system.loop_0_1pct_low_fps,8.209338122113904,drive.heading_rad,-0.0,intake.over_current,0.0,intake.shooting,false,robot.shot_preset,close,robot.shooter_hood_luts_enabled,true,robot.slow_mode,false,robot.turret_forward_override,false,robot.hang_mode,false,shooter.running,false,shooter.busy,true,shooter.impact_detected,true,shooter.over_current,false,turret.over_current,false
381.911539498,system.limelight_pose,position=(-4.240 -0.423 -0.000)m, orientation={yaw=2.518, pitch=0.000, roll=0.000},system.loop_hz,25.41489562964197,system.loop_avg_fps,23.021031123165773,system.loop_worst_fps,5.284545870358209,system.loop_1pct_low_fps,12.395309882747068,system.loop_0_1pct_low_fps,8.209338122113904,drive.heading_rad,-0.0,intake.over_current,0.0,intake.shooting,false,robot.shot_preset,close,robot.shooter_hood_luts_enabled,true,robot.slow_mode,false,robot.turret_forward_override,false,robot.hang_mode,false,shooter.running,false,shooter.busy,true,shooter.impact_detected,true,shooter.over_current,false,turret.over_current,false
382.121616519,system.limelight_pose,position=(-4.240 -0.423 -0.000)m, orientation={yaw=2.518, pitch=0.000, roll=0.000},system.loop_hz,25.998248913958662,system.loop_avg_fps,23.028284318265232,system.loop_worst_fps,5.284545870358209,system.loop_1pct_low_fps,12.395309882747068,system.loop_0_1pct_low_fps,8.209338122113904,drive.heading_rad,-0.0,intake.over_current,0.0,intake.shooting,false,robot.shot_preset,close,robot.shooter_hood_luts_enabled,true,robot.slow_mode,false,robot.turret_forward_override,false,robot.hang_mode,false,shooter.running,false,shooter.busy,true,shooter.impact_detected,true,shooter.over_current,false,turret.over_current,false
382.338740791,system.limelight_pose,position=(-4.240 -0.423 -0.000)m, orientation={yaw=2.518, pitch=0.000, roll=0.000},system.loop_hz,21.439691124367588,system.loop_avg_fps,23.034508182203698,system.loop_worst_fps,5.284545870358209,system.loop_1pct_low_fps,12.432520857189596,system.loop_0_1pct_low_fps,8.209338122113904,drive.heading_rad,-0.0,intake.over_current,0.0,intake.shooting,false,robot.shot_preset,close,robot.shooter_hood_luts_enabled,true,robot.slow_mode,false,robot.turret_forward_override,false,robot.hang_mode,false,shooter.running,false,shooter.busy,true,shooter.impact_detected,true,shooter.over_current,false,turret.over_current,false
382.553483896,system.limelight_pose,position=(-4.240 -0.423 -0.000)m, orientation={yaw=2.518, pitch=0.000, roll=0.000},system.loop_hz,29.745634961949936,system.loop_avg_fps,23.04105625640936,system.loop_worst_fps,5.284545870358209,system.loop_1pct_low_fps,12.432520857189596,system.loop_0_1pct_low_fps,8.209338122113904,drive.heading_rad,-0.0,intake.over_current,0.0,intake.shooting,false,robot.shot_preset,close,robot.shooter_hood_luts_enabled,true,robot.slow_mode,false,robot.turret_forward_override,false,robot.hang_mode,false,shooter.running,false,shooter.busy,true,shooter.impact_detected,true,shooter.over_current,false,turret.over_current,false
382.784628003,system.limelight_pose,position=(-4.240 -0.423 -0.000)m, orientation={yaw=2.518, pitch=0.000, roll=0.000},system.loop_hz,25.983078208504498,system.loop_avg_fps,23.051447379835768,system.loop_worst_fps,5.284545870358209,system.loop_1pct_low_fps,12.432520857189596,system.loop_0_1pct_low_fps,8.209338122113904,drive.heading_rad,-0.0,intake.over_current,0.0,intake.shooting,false,robot.shot_preset,close,robot.shooter_hood_luts_enabled,true,robot.slow_mode,false,robot.turret_forward_override,false,robot.hang_mode,false,shooter.running,false,shooter.busy,true,shooter.impact_detected,true,shooter.over_current,false,turret.over_current,false
382.987665356,system.limelight_pose,position=(-4.240 -0.423 -0.000)m, orientation={yaw=2.518, pitch=0.000, roll=0.000},system.loop_hz,31.396308761095813,system.loop_avg_fps,23.059627938692792,system.loop_worst_fps,5.284545870358209,system.loop_1pct_low_fps,12.432520857189596,system.loop_0_1pct_low_fps,8.209338122113904,drive.heading_rad,-0.0,intake.over_current,0.0,intake.shooting,false,robot.shot_preset,close,robot.shooter_hood_luts_enabled,true,robot.slow_mode,false,robot.turret_forward_override,false,robot.hang_mode,false,shooter.running,false,shooter.busy,true,shooter.impact_detected,true,shooter.over_current,false,turret.over_current,false
383.203894211,system.limelight_pose,position=(-4.240 -0.423 -0.000)m, orientation={yaw=2.518, pitch=0.000, roll=0.000},system.loop_hz,27.330180031836274,system.loop_avg_fps,23.065904161645175,system.loop_worst_fps,5.284545870358209,system.loop_1pct_low_fps,12.432520857189596,system.loop_0_1pct_low_fps,8.209338122113904,drive.heading_rad,-0.0,intake.over_current,0.0,intake.shooting,false,robot.shot_preset,close,robot.shooter_hood_luts_enabled,true,robot.slow_mode,false,robot.turret_forward_override,false,robot.hang_mode,false,shooter.running,false,shooter.busy,true,shooter.impact_detected,true,shooter.over_current,false,turret.over_current,false
383.40402919,system.limelight_pose,position=(-4.240 -0.423 -0.000)m, orientation={yaw=2.518, pitch=0.000, roll=0.000},system.loop_hz,25.372202600488723,system.loop_avg_fps,23.074459430216166,system.loop_worst_fps,5.284545870358209,system.loop_1pct_low_fps,12.432520857189596,system.loop_0_1pct_low_fps,8.209338122113904,drive.heading_rad,-0.0,intake.over_current,0.0,intake.shooting,false,robot.shot_preset,close,robot.shooter_hood_luts_enabled,true,robot.slow_mode,false,robot.turret_forward_override,false,robot.hang_mode,false,shooter.running,false,shooter.busy,true,shooter.impact_detected,true,shooter.over_current,false,turret.over_current,false
383.606442085,system.limelight_pose,position=(-4.240 -0.423 -0.000)m, orientation={yaw=2.518, pitch=0.000, roll=0.000},system.loop_hz,21.59825067992423,system.loop_avg_fps,23.076493717716854,system.loop_worst_fps,5.284545870358209,system.loop_1pct_low_fps,12.432520857189596,system.loop_0_1pct_low_fps,8.209338122113904,drive.heading_rad,-0.0,intake.over_current,0.0,intake.shooting,false,robot.shot_preset,close,robot.shooter_hood_luts_enabled,true,robot.slow_mode,false,robot.turret_forward_override,false,robot.hang_mode,false,shooter.running,false,shooter.busy,true,shooter.impact_detected,true,shooter.over_current,false,turret.over_current,false
383.818048315,system.limelight_pose,position=(-4.240 -0.423 -0.000)m, orientation={yaw=2.518, pitch=0.000, roll=0.000},system.loop_hz,36.62220779472379,system.loop_avg_fps,23.083381545690234,system.loop_worst_fps,5.284545870358209,system.loop_1pct_low_fps,12.432520857189596,system.loop_0_1pct_low_fps,8.209338122113904,drive.heading_rad,-0.0,intake.over_current,0.0,intake.shooting,false,robot.shot_preset,close,robot.shooter_hood_luts_enabled,true,robot.slow_mode,false,robot.turret_forward_override,false,robot.hang_mode,false,shooter.running,false,shooter.busy,true,shooter.impact_detected,true,shooter.over_current,false,turret.over_current,false
384.029508128,system.limelight_pose,position=(-4.240 -0.423 -0.000)m, orientation={yaw=2.518, pitch=0.000, roll=0.000},system.loop_hz,20.824021958682234,system.loop_avg_fps,23.084113194163148,system.loop_worst_fps,5.284545870358209,system.loop_1pct_low_fps,12.432520857189596,system.loop_0_1pct_low_fps,8.209338122113904,drive.heading_rad,-0.0,intake.over_current,0.0,intake.shooting,false,robot.shot_preset,close,robot.shooter_hood_luts_enabled,true,robot.slow_mode,false,robot.turret_forward_override,false,robot.hang_mode,false,shooter.running,false,shooter.busy,true,shooter.impact_detected,true,shooter.over_current,false,turret.over_current,false
384.261536276,system.limelight_pose,position=(-4.240 -0.423 -0.000)m, orientation={yaw=2.518, pitch=0.000, roll=0.000},system.loop_hz,28.87096233094601,system.loop_avg_fps,23.094223211407506,system.loop_worst_fps,5.284545870358209,system.loop_1pct_low_fps,12.432520857189596,system.loop_0_1pct_low_fps,8.209338122113904,drive.heading_rad,-0.0,intake.over_current,0.0,intake.shooting,false,robot.shot_preset,close,robot.shooter_hood_luts_enabled,true,robot.slow_mode,false,robot.turret_forward_override,false,robot.hang_mode,false,shooter.running,false,shooter.busy,true,shooter.impact_detected,true,shooter.over_current,false,turret.over_current,false
384.503197009,system.limelight_pose,position=(-4.240 -0.423 -0.000)m, orientation={yaw=2.518, pitch=0.000, roll=0.000},system.loop_hz,21.384597059639592,system.loop_avg_fps,23.096796548829026,system.loop_worst_fps,5.284545870358209,system.loop_1pct_low_fps,12.432520857189596,system.loop_0_1pct_low_fps,8.209338122113904,drive.heading_rad,-0.0,intake.over_current,0.0,intake.shooting,false,robot.shot_preset,close,robot.shooter_hood_luts_enabled,true,robot.slow_mode,false,robot.turret_forward_override,false,robot.hang_mode,false,shooter.running,false,shooter.busy,true,shooter.impact_detected,true,shooter.over_current,false,turret.over_current,false
384.739393657,system.limelight_pose,position=(-4.240 -0.423 -0.000)m, orientation={yaw=2.518, pitch=0.000, roll=0.000},system.loop_hz,21.58818723755397,system.loop_avg_fps,23.100136251338032,system.loop_worst_fps,5.284545870358209,system.loop_1pct_low_fps,12.432520857189596,system.loop_0_1pct_low_fps,8.209338122113904,drive.heading_rad,-0.0,intake.over_current,0.0,intake.shooting,false,robot.shot_preset,close,robot.shooter_hood_luts_enabled,true,robot.slow_mode,false,robot.turret_forward_override,false,robot.hang_mode,false,shooter.running,false,shooter.busy,true,shooter.impact_detected,true,shooter.over_current,false,turret.over_current,false
384.944114511,system.limelight_pose,position=(-4.240 -0.423 -0.000)m, orientation={yaw=2.518, pitch=0.000, roll=0.000},system.loop_hz,26.663849542071244,system.loop_avg_fps,23.10792006435914,system.loop_worst_fps,5.284545870358209,system.loop_1pct_low_fps,12.432520857189596,system.loop_0_1pct_low_fps,8.209338122113904,drive.heading_rad,-0.0,intake.over_current,0.0,intake.shooting,false,robot.shot_preset,close,robot.shooter_hood_luts_enabled,true,robot.slow_mode,false,robot.turret_forward_override,false,robot.hang_mode,false,shooter.running,false,shooter.busy,true,shooter.impact_detected,false,shooter.over_current,false,turret.over_current,false
385.170449326,system.limelight_pose,position=(-4.240 -0.423 -0.000)m, orientation={yaw=2.518, pitch=0.000, roll=0.000},system.loop_hz,36.286935019666394,system.loop_avg_fps,23.10651259265509,system.loop_worst_fps,5.284545870358209,system.loop_1pct_low_fps,12.421345100923428,system.loop_0_1pct_low_fps,8.209338122113904,drive.heading_rad,-0.0,intake.over_current,0.0,intake.shooting,false,robot.shot_preset,close,robot.shooter_hood_luts_enabled,true,robot.slow_mode,false,robot.turret_forward_override,false,robot.hang_mode,false,shooter.running,false,shooter.busy,true,shooter.impact_detected,true,shooter.over_current,false,turret.over_current,false
385.37636368,system.limelight_pose,position=(-4.240 -0.423 -0.000)m, orientation={yaw=2.518, pitch=0.000, roll=0.000},system.loop_hz,33.63190618583301,system.loop_avg_fps,23.11409942554012,system.loop_worst_fps,5.284545870358209,system.loop_1pct_low_fps,12.421345100923428,system.loop_0_1pct_low_fps,8.209338122113904,drive.heading_rad,-0.0,intake.over_current,0.0,intake.shooting,false,robot.shot_preset,close,robot.shooter_hood_luts_enabled,true,robot.slow_mode,false,robot.turret_forward_override,false,robot.hang_mode,false,shooter.running,false,shooter.busy,true,shooter.impact_detected,true,shooter.over_current,false,turret.over_current,false
385.591890201,system.limelight_pose,position=(-4.240 -0.423 -0.000)m, orientation={yaw=2.518, pitch=0.000, roll=0.000},system.loop_hz,21.58859503883598,system.loop_avg_fps,23.120311399132376,system.loop_worst_fps,5.284545870358209,system.loop_1pct_low_fps,12.421345100923428,system.loop_0_1pct_low_fps,8.209338122113904,drive.heading_rad,-0.0,intake.over_current,0.0,intake.shooting,false,robot.shot_preset,close,robot.shooter_hood_luts_enabled,true,robot.slow_mode,false,robot.turret_forward_override,false,robot.hang_mode,false,shooter.running,false,shooter.busy,true,shooter.impact_detected,true,shooter.over_current,false,turret.over_current,false
385.800679222,system.limelight_pose,position=(-4.240 -0.423 -0.000)m, orientation={yaw=2.518, pitch=0.000, roll=0.000},system.loop_hz,36.62846818024858,system.loop_avg_fps,23.12745637465447,system.loop_worst_fps,5.284545870358209,system.loop_1pct_low_fps,12.421345100923428,system.loop_0_1pct_low_fps,8.209338122113904,drive.heading_rad,-0.0,intake.over_current,0.0,intake.shooting,false,robot.shot_preset,close,robot.shooter_hood_luts_enabled,true,robot.slow_mode,false,robot.turret_forward_override,false,robot.hang_mode,false,shooter.running,false,shooter.busy,true,shooter.impact_detected,true,shooter.over_current,false,turret.over_current,false
386.006958743,system.limelight_pose,position=(-4.240 -0.423 -0.000)m, orientation={yaw=2.518, pitch=0.000, roll=0.000},system.loop_hz,31.377918950515287,system.loop_avg_fps,23.13493646415622,system.loop_worst_fps,5.284545870358209,system.loop_1pct_low_fps,12.457078974686578,system.loop_0_1pct_low_fps,8.209338122113904,drive.heading_rad,-0.0,intake.over_current,0.0,intake.shooting,false,robot.shot_preset,close,robot.shooter_hood_luts_enabled,true,robot.slow_mode,false,robot.turret_forward_override,false,robot.hang_mode,false,shooter.running,false,shooter.busy,true,shooter.impact_detected,true,shooter.over_current,false,turret.over_current,false
386.225427598,system.limelight_pose,position=(-4.240 -0.423 -0.000)m, orientation={yaw=2.518, pitch=0.000, roll=0.000},system.loop_hz,23.91748219897443,system.loop_avg_fps,23.14068357518962,system.loop_worst_fps,5.284545870358209,system.loop_1pct_low_fps,12.457078974686578,system.loop_0_1pct_low_fps,8.209338122113904,drive.heading_rad,-0.0,intake.over_current,0.0,intake.shooting,false,robot.shot_preset,close,robot.shooter_hood_luts_enabled,true,robot.slow_mode,false,robot.turret_forward_override,false,robot.hang_mode,false,shooter.running,false,shooter.busy,true,shooter.impact_detected,true,shooter.over_current,false,turret.over_current,false
386.448585579,system.limelight_pose,position=(-4.240 -0.423 -0.000)m, orientation={yaw=2.518, pitch=0.000, roll=0.000},system.loop_hz,26.957353924351526,system.loop_avg_fps,23.14575677900829,system.loop_worst_fps,5.284545870358209,system.loop_1pct_low_fps,12.457078974686578,system.loop_0_1pct_low_fps,8.209338122113904,drive.heading_rad,-0.0,intake.over_current,0.0,intake.shooting,false,robot.shot_preset,close,robot.shooter_hood_luts_enabled,true,robot.slow_mode,false,robot.turret_forward_override,false,robot.hang_mode,false,shooter.running,false,shooter.busy,true,shooter.impact_detected,true,shooter.over_current,false,turret.over_current,false
386.674320143,system.limelight_pose,position=(-4.240 -0.423 -0.000)m, orientation={yaw=2.518, pitch=0.000, roll=0.000},system.loop_hz,27.705177898300793,system.loop_avg_fps,23.15045476191178,system.loop_worst_fps,5.284545870358209,system.loop_1pct_low_fps,12.457078974686578,system.loop_0_1pct_low_fps,8.209338122113904,drive.heading_rad,-0.0,intake.over_current,0.0,intake.shooting,false,robot.shot_preset,close,robot.shooter_hood_luts_enabled,true,robot.slow_mode,false,robot.turret_forward_override,false,robot.hang_mode,false,shooter.running,false,shooter.busy,true,shooter.impact_detected,true,shooter.over_current,false,turret.over_current,false
386.890096915,system.limelight_pose,position=(-4.240 -0.423 -0.000)m, orientation={yaw=2.518, pitch=0.000, roll=0.000},system.loop_hz,38.4274178704111,system.loop_avg_fps,23.15653543813302,system.loop_worst_fps,5.284545870358209,system.loop_1pct_low_fps,12.457078974686578,system.loop_0_1pct_low_fps,8.209338122113904,drive.heading_rad,-0.0,intake.over_current,0.0,intake.shooting,false,robot.shot_preset,close,robot.shooter_hood_luts_enabled,true,robot.slow_mode,false,robot.turret_forward_override,false,robot.hang_mode,false,shooter.running,false,shooter.busy,true,shooter.impact_detected,true,shooter.over_current,false,turret.over_current,false
387.099505436,system.limelight_pose,position=(-4.240 -0.423 -0.000)m, orientation={yaw=2.518, pitch=0.000, roll=0.000},system.loop_hz,28.538131095444168,system.loop_avg_fps,23.16349188545758,system.loop_worst_fps,5.284545870358209,system.loop_1pct_low_fps,12.457078974686578,system.loop_0_1pct_low_fps,8.209338122113904,drive.heading_rad,-0.0,intake.over_current,0.0,intake.shooting,false,robot.shot_preset,close,robot.shooter_hood_luts_enabled,true,robot.slow_mode,false,robot.turret_forward_override,false,robot.hang_mode,false,shooter.running,false,shooter.busy,true,shooter.impact_detected,true,shooter.over_current,false,turret.over_current,false
387.323655375,system.limelight_pose,position=(-4.240 -0.423 -0.000)m, orientation={yaw=2.518, pitch=0.000, roll=0.000},system.loop_hz,23.809191047756556,system.loop_avg_fps,23.16836886155275,system.loop_worst_fps,5.284545870358209,system.loop_1pct_low_fps,12.457078974686578,system.loop_0_1pct_low_fps,8.209338122113904,drive.heading_rad,-0.0,intake.over_current,0.0,intake.shooting,false,robot.shot_preset,close,robot.shooter_hood_luts_enabled,true,robot.slow_mode,false,robot.turret_forward_override,false,robot.hang_mode,false,shooter.running,false,shooter.busy,true,shooter.impact_detected,true,shooter.over_current,false,turret.over_current,false
387.53937848,system.limelight_pose,position=(-4.240 -0.423 -0.000)m, orientation={yaw=2.518, pitch=0.000, roll=0.000},system.loop_hz,32.453699604945825,system.loop_avg_fps,23.174409928217745,system.loop_worst_fps,5.284545870358209,system.loop_1pct_low_fps,12.457078974686578,system.loop_0_1pct_low_fps,8.209338122113904,drive.heading_rad,-0.0,intake.over_current,0.0,intake.shooting,false,robot.shot_preset,close,robot.shooter_hood_luts_enabled,true,robot.slow_mode,false,robot.turret_forward_override,false,robot.hang_mode,false,shooter.running,false,shooter.busy,true,shooter.impact_detected,true,shooter.over_current,false,turret.over_current,false
387.773225171,system.limelight_pose,position=(-4.240 -0.423 -0.000)m, orientation={yaw=2.518, pitch=0.000, roll=0.000},system.loop_hz,21.038308255781384,system.loop_avg_fps,23.177906125252207,system.loop_worst_fps,5.284545870358209,system.loop_1pct_low_fps,12.457078974686578,system.loop_0_1pct_low_fps,8.209338122113904,drive.heading_rad,-0.0,intake.over_current,0.0,intake.shooting,false,robot.shot_preset,close,robot.shooter_hood_luts_enabled,true,robot.slow_mode,false,robot.turret_forward_override,false,robot.hang_mode,false,shooter.running,false,shooter.busy,true,shooter.impact_detected,false,shooter.over_current,false,turret.over_current,false
387.989820359,system.limelight_pose,position=(-4.240 -0.423 -0.000)m, orientation={yaw=2.518, pitch=0.000, roll=0.000},system.loop_hz,25.712033046320116,system.loop_avg_fps,23.183796932441584,system.loop_worst_fps,5.284545870358209,system.loop_1pct_low_fps,12.457078974686578,system.loop_0_1pct_low_fps,8.209338122113904,drive.heading_rad,-0.0,intake.over_current,0.0,intake.shooting,false,robot.shot_preset,close,robot.shooter_hood_luts_enabled,true,robot.slow_mode,false,robot.turret_forward_override,false,robot.hang_mode,false,shooter.running,false,shooter.busy,true,shooter.impact_detected,true,shooter.over_current,false,turret.over_current,false
388.192032296,system.limelight_pose,position=(-4.240 -0.423 -0.000)m, orientation={yaw=2.518, pitch=0.000, roll=0.000},system.loop_hz,38.09396394286615,system.loop_avg_fps,23.19167537345179,system.loop_worst_fps,5.284545870358209,system.loop_1pct_low_fps,12.457078974686578,system.loop_0_1pct_low_fps,8.209338122113904,drive.heading_rad,-0.0,intake.over_current,0.0,intake.shooting,false,robot.shot_preset,close,robot.shooter_hood_luts_enabled,true,robot.slow_mode,false,robot.turret_forward_override,false,robot.hang_mode,false,shooter.running,false,shooter.busy,true,shooter.impact_detected,true,shooter.over_current,false,turret.over_current,false
388.407303901,system.limelight_pose,position=(-4.240 -0.423 -0.000)m, orientation={yaw=2.518, pitch=0.000, roll=0.000},system.loop_hz,30.231913848235198,system.loop_avg_fps,23.197717640142805,system.loop_worst_fps,5.284545870358209,system.loop_1pct_low_fps,12.457078974686578,system.loop_0_1pct_low_fps,8.209338122113904,drive.heading_rad,-0.0,intake.over_current,0.0,intake.shooting,false,robot.shot_preset,close,robot.shooter_hood_luts_enabled,true,robot.slow_mode,false,robot.turret_forward_override,false,robot.hang_mode,false,shooter.running,false,shooter.busy,true,shooter.impact_detected,false,shooter.over_current,false,turret.over_current,false
388.638759508,system.limelight_pose,position=(-4.240 -0.423 -0.000)m, orientation={yaw=2.518, pitch=0.000, roll=0.000},system.loop_hz,30.345095962417986,system.loop_avg_fps,23.2074842968949,system.loop_worst_fps,5.284545870358209,system.loop_1pct_low_fps,12.457078974686578,system.loop_0_1pct_low_fps,8.209338122113904,drive.heading_rad,-0.0,intake.over_current,0.0,intake.shooting,false,robot.shot_preset,close,robot.shooter_hood_luts_enabled,true,robot.slow_mode,false,robot.turret_forward_override,false,robot.hang_mode,false,shooter.running,false,shooter.busy,true,shooter.impact_detected,true,shooter.over_current,false,turret.over_current,false
388.854902613,system.limelight_pose,position=(-4.240 -0.423 -0.000)m, orientation={yaw=2.518, pitch=0.000, roll=0.000},system.loop_hz,39.00180952798209,system.loop_avg_fps,23.213369058121437,system.loop_worst_fps,5.284545870358209,system.loop_1pct_low_fps,12.457078974686578,system.loop_0_1pct_low_fps,8.209338122113904,drive.heading_rad,-0.0,intake.over_current,0.0,intake.shooting,false,robot.shot_preset,close,robot.shooter_hood_luts_enabled,true,robot.slow_mode,false,robot.turret_forward_override,false,robot.hang_mode,false,shooter.running,false,shooter.busy,true,shooter.impact_detected,true,shooter.over_current,false,turret.over_current,false
389.058711425,system.limelight_pose,position=(-4.240 -0.423 -0.000)m, orientation={yaw=2.518, pitch=0.000, roll=0.000},system.loop_hz,18.438035129393242,system.loop_avg_fps,23.214975532216364,system.loop_worst_fps,5.284545870358209,system.loop_1pct_low_fps,12.457078974686578,system.loop_0_1pct_low_fps,8.209338122113904,drive.heading_rad,-0.0,intake.over_current,0.0,intake.shooting,false,robot.shot_preset,close,robot.shooter_hood_luts_enabled,true,robot.slow_mode,false,robot.turret_forward_override,false,robot.hang_mode,false,shooter.running,false,shooter.busy,true,shooter.impact_detected,true,shooter.over_current,false,turret.over_current,false
389.280940155,system.limelight_pose,position=(-4.240 -0.423 -0.000)m, orientation={yaw=2.518, pitch=0.000, roll=0.000},system.loop_hz,22.759880394110183,system.loop_avg_fps,23.21999280153066,system.loop_worst_fps,5.284545870358209,system.loop_1pct_low_fps,12.457078974686578,system.loop_0_1pct_low_fps,8.209338122113904,drive.heading_rad,-0.0,intake.over_current,0.0,intake.shooting,false,robot.shot_preset,close,robot.shooter_hood_luts_enabled,true,robot.slow_mode,false,robot.turret_forward_override,false,robot.hang_mode,false,shooter.running,false,shooter.busy,true,shooter.impact_detected,true,shooter.over_current,false,turret.over_current,false
389.510083428,system.limelight_pose,position=(-4.240 -0.423 -0.000)m, orientation={yaw=2.518, pitch=0.000, roll=0.000},system.loop_hz,24.36933976392275,system.loop_avg_fps,23.224039997727793,system.loop_worst_fps,5.284545870358209,system.loop_1pct_low_fps,12.457078974686578,system.loop_0_1pct_low_fps,8.209338122113904,drive.heading_rad,-0.0,intake.over_current,0.0,intake.shooting,false,robot.shot_preset,close,robot.shooter_hood_luts_enabled,true,robot.slow_mode,false,robot.turret_forward_override,false,robot.hang_mode,false,shooter.running,false,shooter.busy,true,shooter.impact_detected,true,shooter.over_current,false,turret.over_current,false
389.724189533,system.limelight_pose,position=(-4.240 -0.423 -0.000)m, orientation={yaw=2.518, pitch=0.000, roll=0.000},system.loop_hz,21.550057723969566,system.loop_avg_fps,23.230154522217962,system.loop_worst_fps,5.284545870358209,system.loop_1pct_low_fps,12.491217112967444,system.loop_0_1pct_low_fps,8.209338122113904,drive.heading_rad,-0.0,intake.over_current,0.0,intake.shooting,false,robot.shot_preset,close,robot.shooter_hood_luts_enabled,true,robot.slow_mode,false,robot.turret_forward_override,false,robot.hang_mode,false,shooter.running,false,shooter.busy,true,shooter.impact_detected,true,shooter.over_current,false,turret.over_current,false
389.951380098,system.limelight_pose,position=(-4.240 -0.423 -0.000)m, orientation={yaw=2.518, pitch=0.000, roll=0.000},system.loop_hz,31.725759489290468,system.loop_avg_fps,23.234446822245786,system.loop_worst_fps,5.284545870358209,system.loop_1pct_low_fps,12.491217112967444,system.loop_0_1pct_low_fps,8.209338122113904,drive.heading_rad,-0.0,intake.over_current,0.0,intake.shooting,false,robot.shot_preset,close,robot.shooter_hood_luts_enabled,true,robot.slow_mode,false,robot.turret_forward_override,false,robot.hang_mode,false,shooter.running,false,shooter.busy,true,shooter.impact_detected,true,shooter.over_current,false,turret.over_current,false
390.188887788,system.limelight_pose,position=(-4.240 -0.423 -0.000)m, orientation={yaw=2.518, pitch=0.000, roll=0.000},system.loop_hz,24.65125925165767,system.loop_avg_fps,23.237304845818798,system.loop_worst_fps,5.284545870358209,system.loop_1pct_low_fps,12.491217112967444,system.loop_0_1pct_low_fps,8.209338122113904,drive.heading_rad,-0.0,intake.over_current,0.0,intake.shooting,false,robot.shot_preset,close,robot.shooter_hood_luts_enabled,true,robot.slow_mode,false,robot.turret_forward_override,false,robot.hang_mode,false,shooter.running,false,shooter.busy,true,shooter.impact_detected,false,shooter.over_current,false,turret.over_current,false
390.403218477,system.limelight_pose,position=(-4.240 -0.423 -0.000)m, orientation={yaw=2.518, pitch=0.000, roll=0.000},system.loop_hz,29.803812825644243,system.loop_avg_fps,23.237420602913325,system.loop_worst_fps,5.284545870358209,system.loop_1pct_low_fps,12.491217112967444,system.loop_0_1pct_low_fps,8.209338122113904,drive.heading_rad,-0.0,intake.over_current,0.0,intake.shooting,false,robot.shot_preset,close,robot.shooter_hood_luts_enabled,true,robot.slow_mode,false,robot.turret_forward_override,false,robot.hang_mode,false,shooter.running,false,shooter.busy,true,shooter.impact_detected,false,shooter.over_current,false,turret.over_current,false
390.604118497,system.limelight_pose,position=(-4.240 -0.423 -0.000)m, orientation={yaw=2.518, pitch=0.000, roll=0.000},system.loop_hz,20.495878514540777,system.loop_avg_fps,23.239383470948344,system.loop_worst_fps,5.284545870358209,system.loop_1pct_low_fps,12.491217112967444,system.loop_0_1pct_low_fps,8.209338122113904,drive.heading_rad,-0.0,intake.over_current,0.0,intake.shooting,false,robot.shot_preset,close,robot.shooter_hood_luts_enabled,true,robot.slow_mode,false,robot.turret_forward_override,false,robot.hang_mode,false,shooter.running,false,shooter.busy,true,shooter.impact_detected,true,shooter.over_current,false,turret.over_current,false
390.823131019,system.limelight_pose,position=(-4.240 -0.423 -0.000)m, orientation={yaw=2.518, pitch=0.000, roll=0.000},system.loop_hz,25.10633285150756,system.loop_avg_fps,23.24476478779703,system.loop_worst_fps,5.284545870358209,system.loop_1pct_low_fps,12.491217112967444,system.loop_0_1pct_low_fps,8.209338122113904,drive.heading_rad,-0.0,intake.over_current,0.0,intake.shooting,false,robot.shot_preset,close,robot.shooter_hood_luts_enabled,true,robot.slow_mode,false,robot.turret_forward_override,false,robot.hang_mode,false,shooter.running,false,shooter.busy,true,shooter.impact_detected,true,shooter.over_current,false,turret.over_current,false
391.039894207,system.limelight_pose,position=(-4.240 -0.423 -0.000)m, orientation={yaw=2.518, pitch=0.000, roll=0.000},system.loop_hz,27.965050398631085,system.loop_avg_fps,23.250440957743535,system.loop_worst_fps,5.284545870358209,system.loop_1pct_low_fps,12.491217112967444,system.loop_0_1pct_low_fps,8.209338122113904,drive.heading_rad,-0.0,intake.over_current,0.0,intake.shooting,false,robot.shot_preset,close,robot.shooter_hood_luts_enabled,true,robot.slow_mode,false,robot.turret_forward_override,false,robot.hang_mode,false,shooter.running,false,shooter.busy,true,shooter.impact_detected,false,shooter.over_current,false,turret.over_current,false
391.274413189,system.limelight_pose,position=(-4.240 -0.423 -0.000)m, orientation={yaw=2.518, pitch=0.000, roll=0.000},system.loop_hz,26.355580157621134,system.loop_avg_fps,23.25956395572563,system.loop_worst_fps,5.284545870358209,system.loop_1pct_low_fps,12.491217112967444,system.loop_0_1pct_low_fps,8.209338122113904,drive.heading_rad,-0.0,intake.over_current,0.0,intake.shooting,false,robot.shot_preset,close,robot.shooter_hood_luts_enabled,true,robot.slow_mode,false,robot.turret_forward_override,false,robot.hang_mode,false,shooter.running,false,shooter.busy,true,shooter.impact_detected,true,shooter.over_current,false,turret.over_current,false
391.479113335,system.limelight_pose,position=(-4.240 -0.423 -0.000)m, orientation={yaw=2.518, pitch=0.000, roll=0.000},system.loop_hz,26.39697475885417,system.loop_avg_fps,23.266858854216988,system.loop_worst_fps,5.284545870358209,system.loop_1pct_low_fps,12.491217112967444,system.loop_0_1pct_low_fps,8.209338122113904,drive.heading_rad,-0.0,intake.over_current,0.0,intake.shooting,false,robot.shot_preset,close,robot.shooter_hood_luts_enabled,true,robot.slow_mode,false,robot.turret_forward_override,false,robot.hang_mode,false,shooter.running,false,shooter.busy,true,shooter.impact_detected,true,shooter.over_current,false,turret.over_current,false
391.684724355,system.limelight_pose,position=(-4.240 -0.423 -0.000)m, orientation={yaw=2.518, pitch=0.000, roll=0.000},system.loop_hz,21.798462057456184,system.loop_avg_fps,23.27401149506201,system.loop_worst_fps,5.284545870358209,system.loop_1pct_low_fps,12.491217112967444,system.loop_0_1pct_low_fps,8.209338122113904,drive.heading_rad,-0.0,intake.over_current,0.0,intake.shooting,false,robot.shot_preset,close,robot.shooter_hood_luts_enabled,true,robot.slow_mode,false,robot.turret_forward_override,false,robot.hang_mode,false,shooter.running,false,shooter.busy,true,shooter.impact_detected,false,shooter.over_current,false,turret.over_current,false
391.888998959,system.limelight_pose,position=(-4.240 -0.423 -0.000)m, orientation={yaw=2.518, pitch=0.000, roll=0.000},system.loop_hz,36.08262618304712,system.loop_avg_fps,23.281329637179176,system.loop_worst_fps,5.284545870358209,system.loop_1pct_low_fps,12.491217112967444,system.loop_0_1pct_low_fps,8.209338122113904,drive.heading_rad,-0.0,intake.over_current,0.0,intake.shooting,false,robot.shot_preset,close,robot.shooter_hood_luts_enabled,true,robot.slow_mode,false,robot.turret_forward_override,false,robot.hang_mode,false,shooter.running,false,shooter.busy,true,shooter.impact_detected,false,shooter.over_current,false,turret.over_current,false
392.103726022,system.limelight_pose,position=(-4.240 -0.423 -0.000)m, orientation={yaw=2.518, pitch=0.000, roll=0.000},system.loop_hz,19.371881090831184,system.loop_avg_fps,23.28133473269517,system.loop_worst_fps,5.284545870358209,system.loop_1pct_low_fps,12.491217112967444,system.loop_0_1pct_low_fps,8.209338122113904,drive.heading_rad,-0.0,intake.over_current,0.0,intake.shooting,false,robot.shot_preset,close,robot.shooter_hood_luts_enabled,true,robot.slow_mode,false,robot.turret_forward_override,false,robot.hang_mode,false,shooter.running,false,shooter.busy,true,shooter.impact_detected,false,shooter.over_current,false,turret.over_current,false
392.312723585,system.limelight_pose,position=(-4.240 -0.423 -0.000)m, orientation={yaw=2.518, pitch=0.000, roll=0.000},system.loop_hz,22.10612185274827,system.loop_avg_fps,23.28798158076507,system.loop_worst_fps,5.284545870358209,system.loop_1pct_low_fps,12.491217112967444,system.loop_0_1pct_low_fps,8.209338122113904,drive.heading_rad,-0.0,intake.over_current,0.0,intake.shooting,false,robot.shot_preset,close,robot.shooter_hood_luts_enabled,true,robot.slow_mode,false,robot.turret_forward_override,false,robot.hang_mode,false,shooter.running,false,shooter.busy,true,shooter.impact_detected,false,shooter.over_current,false,turret.over_current,false
392.533410274,system.limelight_pose,position=(-4.240 -0.423 -0.000)m, orientation={yaw=2.518, pitch=0.000, roll=0.000},system.loop_hz,29.709034175634073,system.loop_avg_fps,23.29301856406376,system.loop_worst_fps,5.284545870358209,system.loop_1pct_low_fps,12.491217112967444,system.loop_0_1pct_low_fps,8.209338122113904,drive.heading_rad,-0.0,intake.over_current,0.0,intake.shooting,false,robot.shot_preset,close,robot.shooter_hood_luts_enabled,true,robot.slow_mode,false,robot.turret_forward_override,false,robot.hang_mode,false,shooter.running,false,shooter.busy,true,shooter.impact_detected,false,shooter.over_current,false,turret.over_current,false
392.737369003,system.limelight_pose,position=(-4.240 -0.423 -0.000)m, orientation={yaw=2.518, pitch=0.000, roll=0.000},system.loop_hz,29.655584196901778,system.loop_avg_fps,23.300320727563324,system.loop_worst_fps,5.284545870358209,system.loop_1pct_low_fps,12.491217112967444,system.loop_0_1pct_low_fps,8.209338122113904,drive.heading_rad,-0.0,intake.over_current,0.0,intake.shooting,false,robot.shot_preset,close,robot.shooter_hood_luts_enabled,true,robot.slow_mode,false,robot.turret_forward_override,false,robot.hang_mode,false,shooter.running,false,shooter.busy,true,shooter.impact_detected,false,shooter.over_current,false,turret.over_current,false
392.946736107,system.limelight_pose,position=(-4.240 -0.423 -0.000)m, orientation={yaw=2.518, pitch=0.000, roll=0.000},system.loop_hz,30.42507357085233,system.loop_avg_fps,23.306869533608644,system.loop_worst_fps,5.284545870358209,system.loop_1pct_low_fps,12.491217112967444,system.loop_0_1pct_low_fps,8.209338122113904,drive.heading_rad,-0.0,intake.over_current,0.0,intake.shooting,false,robot.shot_preset,close,robot.shooter_hood_luts_enabled,true,robot.slow_mode,false,robot.turret_forward_override,false,robot.hang_mode,false,shooter.running,false,shooter.busy,true,shooter.impact_detected,false,shooter.over_current,false,turret.over_current,false
393.173297838,system.limelight_pose,position=(-4.240 -0.423 -0.000)m, orientation={yaw=2.518, pitch=0.000, roll=0.000},system.loop_hz,19.7311932723271,system.loop_avg_fps,23.311065031422185,system.loop_worst_fps,5.284545870358209,system.loop_1pct_low_fps,12.491217112967444,system.loop_0_1pct_low_fps,8.209338122113904,drive.heading_rad,-0.0,intake.over_current,0.0,intake.shooting,false,robot.shot_preset,close,robot.shooter_hood_luts_enabled,true,robot.slow_mode,false,robot.turret_forward_override,false,robot.hang_mode,false,shooter.running,false,shooter.busy,true,shooter.impact_detected,false,shooter.over_current,false,turret.over_current,false
393.419344363,system.limelight_pose,position=(-4.240 -0.423 -0.000)m, orientation={yaw=2.518, pitch=0.000, roll=0.000},system.loop_hz,21.70517457657612,system.loop_avg_fps,23.31842674581859,system.loop_worst_fps,5.284545870358209,system.loop_1pct_low_fps,12.525777132819064,system.loop_0_1pct_low_fps,8.684324793747285,drive.heading_rad,-0.0,intake.over_current,0.0,intake.shooting,false,robot.shot_preset,close,robot.shooter_hood_luts_enabled,true,robot.slow_mode,false,robot.turret_forward_override,false,robot.hang_mode,false,shooter.running,false,shooter.busy,true,shooter.impact_detected,false,shooter.over_current,false,turret.over_current,false
393.635206301,system.limelight_pose,position=(-4.240 -0.423 -0.000)m, orientation={yaw=2.518, pitch=0.000, roll=0.000},system.loop_hz,43.87335569797631,system.loop_avg_fps,23.32404660949726,system.loop_worst_fps,5.284545870358209,system.loop_1pct_low_fps,12.525777132819064,system.loop_0_1pct_low_fps,8.684324793747285,drive.heading_rad,-0.0,intake.over_current,0.0,intake.shooting,false,robot.shot_preset,close,robot.shooter_hood_luts_enabled,true,robot.slow_mode,false,robot.turret_forward_override,false,robot.hang_mode,false,shooter.running,false,shooter.busy,true,shooter.impact_detected,false,shooter.over_current,false,turret.over_current,false
393.83898478,system.limelight_pose,position=(-4.240 -0.423 -0.000)m, orientation={yaw=2.518, pitch=0.000, roll=0.000},system.loop_hz,29.7296427906086,system.loop_avg_fps,23.331289713180507,system.loop_worst_fps,5.284545870358209,system.loop_1pct_low_fps,12.525777132819064,system.loop_0_1pct_low_fps,8.684324793747285,drive.heading_rad,-0.0,intake.over_current,0.0,intake.shooting,false,robot.shot_preset,close,robot.shooter_hood_luts_enabled,true,robot.slow_mode,false,robot.turret_forward_override,false,robot.hang_mode,false,shooter.running,false,shooter.busy,true,shooter.impact_detected,false,shooter.over_current,false,turret.over_current,false
394.066425886,system.limelight_pose,position=(-4.240 -0.423 -0.000)m, orientation={yaw=2.518, pitch=0.000, roll=0.000},system.loop_hz,20.520044410310145,system.loop_avg_fps,23.341112851053094,system.loop_worst_fps,5.284545870358209,system.loop_1pct_low_fps,12.525777132819064,system.loop_0_1pct_low_fps,8.684324793747285,drive.heading_rad,-0.0,intake.over_current,0.0,intake.shooting,false,robot.shot_preset,close,robot.shooter_hood_luts_enabled,true,robot.slow_mode,false,robot.turret_forward_override,false,robot.hang_mode,false,shooter.running,false,shooter.busy,true,shooter.impact_detected,false,shooter.over_current,false,turret.over_current,false
394.284725283,system.limelight_pose,position=(-4.240 -0.423 -0.000)m, orientation={yaw=2.518, pitch=0.000, roll=0.000},system.loop_hz,28.731604805519762,system.loop_avg_fps,23.352146749889148,system.loop_worst_fps,5.284545870358209,system.loop_1pct_low_fps,12.525777132819064,system.loop_0_1pct_low_fps,8.684324793747285,drive.heading_rad,-0.0,intake.over_current,0.0,intake.shooting,false,robot.shot_preset,close,robot.shooter_hood_luts_enabled,true,robot.slow_mode,false,robot.turret_forward_override,false,robot.hang_mode,false,shooter.running,false,shooter.busy,true,shooter.impact_detected,false,shooter.over_current,false,turret.over_current,false
394.496640388,system.limelight_pose,position=(-4.240 -0.423 -0.000)m, orientation={yaw=2.518, pitch=0.000, roll=0.000},system.loop_hz,34.6079103716177,system.loop_avg_fps,23.358229768531512,system.loop_worst_fps,5.284545870358209,system.loop_1pct_low_fps,12.525777132819064,system.loop_0_1pct_low_fps,8.684324793747285,drive.heading_rad,-0.0,intake.over_current,0.0,intake.shooting,false,robot.shot_preset,close,robot.shooter_hood_luts_enabled,true,robot.slow_mode,false,robot.turret_forward_override,false,robot.hang_mode,false,shooter.running,false,shooter.busy,true,shooter.impact_detected,false,shooter.over_current,false,turret.over_current,false
394.714485951,system.limelight_pose,position=(-4.240 -0.423 -0.000)m, orientation={yaw=2.518, pitch=0.000, roll=0.000},system.loop_hz,21.63013524286617,system.loop_avg_fps,23.357718425690287,system.loop_worst_fps,5.284545870358209,system.loop_1pct_low_fps,12.525777132819064,system.loop_0_1pct_low_fps,8.684324793747285,drive.heading_rad,-0.0,intake.over_current,0.0,intake.shooting,false,robot.shot_preset,close,robot.shooter_hood_luts_enabled,true,robot.slow_mode,false,robot.turret_forward_override,false,robot.hang_mode,false,shooter.running,false,shooter.busy,true,shooter.impact_detected,false,shooter.over_current,false,turret.over_current,false
394.93195439,system.limelight_pose,position=(-4.240 -0.423 -0.000)m, orientation={yaw=2.518, pitch=0.000, roll=0.000},system.loop_hz,28.17555875094351,system.loop_avg_fps,23.363030706968477,system.loop_worst_fps,5.284545870358209,system.loop_1pct_low_fps,12.525777132819064,system.loop_0_1pct_low_fps,8.684324793747285,drive.heading_rad,-0.0,intake.over_current,0.0,intake.shooting,false,robot.shot_preset,close,robot.shooter_hood_luts_enabled,true,robot.slow_mode,false,robot.turret_forward_override,false,robot.hang_mode,false,shooter.running,false,shooter.busy,true,shooter.impact_detected,false,shooter.over_current,false,turret.over_current,false
395.147276453,system.limelight_pose,position=(-4.240 -0.423 -0.000)m, orientation={yaw=2.518, pitch=0.000, roll=0.000},system.loop_hz,30.150031683156243,system.loop_avg_fps,23.36861879296045,system.loop_worst_fps,5.284545870358209,system.loop_1pct_low_fps,12.525777132819064,system.loop_0_1pct_low_fps,8.684324793747285,drive.heading_rad,-0.0,intake.over_current,0.0,intake.shooting,false,robot.shot_preset,close,robot.shooter_hood_luts_enabled,true,robot.slow_mode,false,robot.turret_forward_override,false,robot.hang_mode,false,shooter.running,false,shooter.busy,true,shooter.impact_detected,false,shooter.over_current,false,turret.over_current,false
395.347421348,system.limelight_pose,position=(-4.240 -0.423 -0.000)m, orientation={yaw=2.518, pitch=0.000, roll=0.000},system.loop_hz,35.56092541334652,system.loop_avg_fps,23.37623558952086,system.loop_worst_fps,5.284545870358209,system.loop_1pct_low_fps,12.525777132819064,system.loop_0_1pct_low_fps,8.684324793747285,drive.heading_rad,-0.0,intake.over_current,0.0,intake.shooting,false,robot.shot_preset,close,robot.shooter_hood_luts_enabled,true,robot.slow_mode,false,robot.turret_forward_override,false,robot.hang_mode,false,shooter.running,false,shooter.busy,true,shooter.impact_detected,false,shooter.over_current,false,turret.over_current,false
395.553786036,system.limelight_pose,position=(-4.240 -0.423 -0.000)m, orientation={yaw=2.518, pitch=0.000, roll=0.000},system.loop_hz,27.807416621723096,system.loop_avg_fps,23.38299843134556,system.loop_worst_fps,5.284545870358209,system.loop_1pct_low_fps,12.525777132819064,system.loop_0_1pct_low_fps,8.684324793747285,drive.heading_rad,-0.0,intake.over_current,0.0,intake.shooting,false,robot.shot_preset,close,robot.shooter_hood_luts_enabled,true,robot.slow_mode,false,robot.turret_forward_override,false,robot.hang_mode,false,shooter.running,false,shooter.busy,true,shooter.impact_detected,false,shooter.over_current,false,turret.over_current,false
395.753982264,system.limelight_pose,position=(-4.240 -0.423 -0.000)m, orientation={yaw=2.518, pitch=0.000, roll=0.000},system.loop_hz,27.998391884366352,system.loop_avg_fps,23.384829765748144,system.loop_worst_fps,5.284545870358209,system.loop_1pct_low_fps,12.525777132819064,system.loop_0_1pct_low_fps,8.684324793747285,drive.heading_rad,-0.0,intake.over_current,0.0,intake.shooting,false,robot.shot_preset,close,robot.shooter_hood_luts_enabled,true,robot.slow_mode,false,robot.turret_forward_override,false,robot.hang_mode,false,shooter.running,false,shooter.busy,true,shooter.impact_detected,false,shooter.over_current,false,turret.over_current,false
395.977587662,system.limelight_pose,position=(-4.240 -0.423 -0.000)m, orientation={yaw=2.518, pitch=0.000, roll=0.000},system.loop_hz,27.081919882789986,system.loop_avg_fps,23.38925304715984,system.loop_worst_fps,5.284545870358209,system.loop_1pct_low_fps,12.525777132819064,system.loop_0_1pct_low_fps,8.684324793747285,drive.heading_rad,-0.0,intake.over_current,0.0,intake.shooting,false,robot.shot_preset,close,robot.shooter_hood_luts_enabled,true,robot.slow_mode,false,robot.turret_forward_override,false,robot.hang_mode,false,shooter.running,false,shooter.busy,true,shooter.impact_detected,false,shooter.over_current,false,turret.over_current,false
396.183432599,system.limelight_pose,position=(-4.240 -0.423 -0.000)m, orientation={yaw=2.518, pitch=0.000, roll=0.000},system.loop_hz,29.74847368017012,system.loop_avg_fps,23.396045754578246,system.loop_worst_fps,5.284545870358209,system.loop_1pct_low_fps,12.525777132819064,system.loop_0_1pct_low_fps,8.684324793747285,drive.heading_rad,-0.0,intake.over_current,0.0,intake.shooting,false,robot.shot_preset,close,robot.shooter_hood_luts_enabled,true,robot.slow_mode,false,robot.turret_forward_override,false,robot.hang_mode,false,shooter.running,false,shooter.busy,true,shooter.impact_detected,false,shooter.over_current,false,turret.over_current,false
396.409944747,system.limelight_pose,position=(-4.240 -0.423 -0.000)m, orientation={yaw=2.518, pitch=0.000, roll=0.000},system.loop_hz,31.17166171764606,system.loop_avg_fps,23.405777243950045,system.loop_worst_fps,5.284545870358209,system.loop_1pct_low_fps,12.525777132819064,system.loop_0_1pct_low_fps,8.684324793747285,drive.heading_rad,-0.0,intake.over_current,0.0,intake.shooting,false,robot.shot_preset,close,robot.shooter_hood_luts_enabled,true,robot.slow_mode,false,robot.turret_forward_override,false,robot.hang_mode,false,shooter.running,false,shooter.busy,true,shooter.impact_detected,false,shooter.over_current,false,turret.over_current,false
396.628313269,system.limelight_pose,position=(-4.240 -0.423 -0.000)m, orientation={yaw=2.518, pitch=0.000, roll=0.000},system.loop_hz,30.016993820913875,system.loop_avg_fps,23.41085787459581,system.loop_worst_fps,5.284545870358209,system.loop_1pct_low_fps,12.525777132819064,system.loop_0_1pct_low_fps,8.684324793747285,drive.heading_rad,-0.0,intake.over_current,0.0,intake.shooting,false,robot.shot_preset,close,robot.shooter_hood_luts_enabled,true,robot.slow_mode,false,robot.turret_forward_override,false,robot.hang_mode,false,shooter.running,false,shooter.busy,true,shooter.impact_detected,false,shooter.over_current,false,turret.over_current,false
396.84136354,system.limelight_pose,position=(-4.240 -0.423 -0.000)m, orientation={yaw=2.518, pitch=0.000, roll=0.000},system.loop_hz,18.03751608541588,system.loop_avg_fps,23.410928149540908,system.loop_worst_fps,5.284545870358209,system.loop_1pct_low_fps,12.559808612440191,system.loop_0_1pct_low_fps,8.684324793747285,drive.heading_rad,-0.0,intake.over_current,0.0,intake.shooting,false,robot.shot_preset,close,robot.shooter_hood_luts_enabled,true,robot.slow_mode,false,robot.turret_forward_override,false,robot.hang_mode,false,shooter.running,false,shooter.busy,true,shooter.impact_detected,false,shooter.over_current,false,turret.over_current,false
397.068786855,system.limelight_pose,position=(-4.240 -0.423 -0.000)m, orientation={yaw=2.518, pitch=0.000, roll=0.000},system.loop_hz,33.72785138375915,system.loop_avg_fps,23.420482253141387,system.loop_worst_fps,5.284545870358209,system.loop_1pct_low_fps,12.559808612440191,system.loop_0_1pct_low_fps,8.684324793747285,drive.heading_rad,-0.0,intake.over_current,0.0,intake.shooting,false,robot.shot_preset,close,robot.shooter_hood_luts_enabled,true,robot.slow_mode,false,robot.turret_forward_override,false,robot.hang_mode,false,shooter.running,false,shooter.busy,true,shooter.impact_detected,false,shooter.over_current,false,turret.over_current,false
397.283514501,system.limelight_pose,position=(-4.240 -0.423 -0.000)m, orientation={yaw=2.518, pitch=0.000, roll=0.000},system.loop_hz,19.71576258262229,system.loop_avg_fps,23.42031697834806,system.loop_worst_fps,5.284545870358209,system.loop_1pct_low_fps,12.559808612440191,system.loop_0_1pct_low_fps,8.684324793747285,drive.heading_rad,-0.0,intake.over_current,0.0,intake.shooting,false,robot.shot_preset,close,robot.shooter_hood_luts_enabled,true,robot.slow_mode,false,robot.turret_forward_override,false,robot.hang_mode,false,shooter.running,false,shooter.busy,true,shooter.impact_detected,false,shooter.over_current,false,turret.over_current,false
397.502729731,system.limelight_pose,position=(-4.240 -0.423 -0.000)m, orientation={yaw=2.518, pitch=0.000, roll=0.000},system.loop_hz,39.05823715957266,system.loop_avg_fps,23.430928628829218,system.loop_worst_fps,5.284545870358209,system.loop_1pct_low_fps,12.559808612440191,system.loop_0_1pct_low_fps,8.684324793747285,drive.heading_rad,-0.0,intake.over_current,0.0,intake.shooting,false,robot.shot_preset,close,robot.shooter_hood_luts_enabled,true,robot.slow_mode,false,robot.turret_forward_override,false,robot.hang_mode,false,shooter.running,false,shooter.busy,true,shooter.impact_detected,false,shooter.over_current,false,turret.over_current,false
397.732564838,system.limelight_pose,position=(-4.240 -0.423 -0.000)m, orientation={yaw=2.518, pitch=0.000, roll=0.000},system.loop_hz,28.975145902201827,system.loop_avg_fps,23.44009991586782,system.loop_worst_fps,5.284545870358209,system.loop_1pct_low_fps,12.559808612440191,system.loop_0_1pct_low_fps,8.684324793747285,drive.heading_rad,-0.0,intake.over_current,0.0,intake.shooting,false,robot.shot_preset,close,robot.shooter_hood_luts_enabled,true,robot.slow_mode,false,robot.turret_forward_override,false,robot.hang_mode,false,shooter.running,false,shooter.busy,true,shooter.impact_detected,false,shooter.over_current,false,turret.over_current,false
397.937231442,system.limelight_pose,position=(-4.240 -0.423 -0.000)m, orientation={yaw=2.518, pitch=0.000, roll=0.000},system.loop_hz,35.76159191444434,system.loop_avg_fps,23.44692235390637,system.loop_worst_fps,5.284545870358209,system.loop_1pct_low_fps,12.559808612440191,system.loop_0_1pct_low_fps,8.684324793747285,drive.heading_rad,-0.0,intake.over_current,0.0,intake.shooting,false,robot.shot_preset,close,robot.shooter_hood_luts_enabled,true,robot.slow_mode,false,robot.turret_forward_override,false,robot.hang_mode,false,shooter.running,false,shooter.busy,true,shooter.impact_detected,false,shooter.over_current,false,turret.over_current,false
398.148885505,system.limelight_pose,position=(-4.240 -0.423 -0.000)m, orientation={yaw=2.518, pitch=0.000, roll=0.000},system.loop_hz,28.20615563242508,system.loop_avg_fps,23.452800363536625,system.loop_worst_fps,5.284545870358209,system.loop_1pct_low_fps,12.559808612440191,system.loop_0_1pct_low_fps,8.684324793747285,drive.heading_rad,-0.0,intake.over_current,0.0,intake.shooting,false,robot.shot_preset,close,robot.shooter_hood_luts_enabled,true,robot.slow_mode,false,robot.turret_forward_override,false,robot.hang_mode,false,shooter.running,false,shooter.busy,true,shooter.impact_detected,false,shooter.over_current,false,turret.over_current,false
398.376004028,system.limelight_pose,position=(-4.240 -0.423 -0.000)m, orientation={yaw=2.518, pitch=0.000, roll=0.000},system.loop_hz,26.990672050741846,system.loop_avg_fps,23.456611339211488,system.loop_worst_fps,5.284545870358209,system.loop_1pct_low_fps,12.559808612440191,system.loop_0_1pct_low_fps,8.684324793747285,drive.heading_rad,-0.0,intake.over_current,0.0,intake.shooting,false,robot.shot_preset,close,robot.shooter_hood_luts_enabled,true,robot.slow_mode,false,robot.turret_forward_override,false,robot.hang_mode,false,shooter.running,false,shooter.busy,true,shooter.impact_detected,false,shooter.over_current,false,turret.over_current,false
398.604989801,system.limelight_pose,position=(-4.240 -0.423 -0.000)m, orientation={yaw=2.518, pitch=0.000, roll=0.000},system.loop_hz,23.208831721729293,system.loop_avg_fps,23.46016495071707,system.loop_worst_fps,5.284545870358209,system.loop_1pct_low_fps,12.559808612440191,system.loop_0_1pct_low_fps,8.684324793747285,drive.heading_rad,-0.0,intake.over_current,0.0,intake.shooting,false,robot.shot_preset,close,robot.shooter_hood_luts_enabled,true,robot.slow_mode,false,robot.turret_forward_override,false,robot.hang_mode,false,shooter.running,false,shooter.busy,true,shooter.impact_detected,false,shooter.over_current,false,turret.over_current,false
398.81757078,system.limelight_pose,position=(-4.240 -0.423 -0.000)m, orientation={yaw=2.518, pitch=0.000, roll=0.000},system.loop_hz,37.78289660460412,system.loop_avg_fps,23.46588219907038,system.loop_worst_fps,5.284545870358209,system.loop_1pct_low_fps,12.559808612440191,system.loop_0_1pct_low_fps,8.684324793747285,drive.heading_rad,-0.0,intake.over_current,0.0,intake.shooting,false,robot.shot_preset,close,robot.shooter_hood_luts_enabled,true,robot.slow_mode,false,robot.turret_forward_override,false,robot.hang_mode,false,shooter.running,false,shooter.busy,true,shooter.impact_detected,false,shooter.over_current,false,turret.over_current,false
399.033695802,system.limelight_pose,position=(-4.240 -0.423 -0.000)m, orientation={yaw=2.518, pitch=0.000, roll=0.000},system.loop_hz,28.625336623215542,system.loop_avg_fps,23.471116746885308,system.loop_worst_fps,5.284545870358209,system.loop_1pct_low_fps,12.559808612440191,system.loop_0_1pct_low_fps,8.684324793747285,drive.heading_rad,-0.0,intake.over_current,0.0,intake.shooting,false,robot.shot_preset,close,robot.shooter_hood_luts_enabled,true,robot.slow_mode,false,robot.turret_forward_override,false,robot.hang_mode,false,shooter.running,false,shooter.busy,true,shooter.impact_detected,false,shooter.over_current,false,turret.over_current,false
399.274594118,system.limelight_pose,position=(-4.240 -0.423 -0.000)m, orientation={yaw=2.518, pitch=0.000, roll=0.000},system.loop_hz,21.51044355697266,system.loop_avg_fps,23.478694382895576,system.loop_worst_fps,5.284545870358209,system.loop_1pct_low_fps,12.559808612440191,system.loop_0_1pct_low_fps,8.684324793747285,drive.heading_rad,-0.0,intake.over_current,0.0,intake.shooting,false,robot.shot_preset,close,robot.shooter_hood_luts_enabled,true,robot.slow_mode,false,robot.turret_forward_override,false,robot.hang_mode,false,shooter.running,false,shooter.busy,true,shooter.impact_detected,false,shooter.over_current,false,turret.over_current,false
399.482666514,system.limelight_pose,position=(-4.240 -0.423 -0.000)m, orientation={yaw=2.518, pitch=0.000, roll=0.000},system.loop_hz,31.334902898582182,system.loop_avg_fps,23.484963404840475,system.loop_worst_fps,5.284545870358209,system.loop_1pct_low_fps,12.559808612440191,system.loop_0_1pct_low_fps,8.684324793747285,drive.heading_rad,-0.0,intake.over_current,0.0,intake.shooting,false,robot.shot_preset,close,robot.shooter_hood_luts_enabled,true,robot.slow_mode,false,robot.turret_forward_override,false,robot.hang_mode,false,shooter.running,false,shooter.busy,true,shooter.impact_detected,false,shooter.over_current,false,turret.over_current,false
399.685439909,system.limelight_pose,position=(-4.240 -0.423 -0.000)m, orientation={yaw=2.518, pitch=0.000, roll=0.000},system.loop_hz,26.483223381144605,system.loop_avg_fps,23.491917024856882,system.loop_worst_fps,5.284545870358209,system.loop_1pct_low_fps,12.559808612440191,system.loop_0_1pct_low_fps,8.684324793747285,drive.heading_rad,-0.0,intake.over_current,0.0,intake.shooting,false,robot.shot_preset,close,robot.shooter_hood_luts_enabled,true,robot.slow_mode,false,robot.turret_forward_override,false,robot.hang_mode,false,shooter.running,false,shooter.busy,true,shooter.impact_detected,false,shooter.over_current,false,turret.over_current,false
399.91207339,system.limelight_pose,position=(-4.240 -0.423 -0.000)m, orientation={yaw=2.518, pitch=0.000, roll=0.000},system.loop_hz,26.813782809935674,system.loop_avg_fps,23.495709242815874,system.loop_worst_fps,5.284545870358209,system.loop_1pct_low_fps,12.559808612440191,system.loop_0_1pct_low_fps,8.684324793747285,drive.heading_rad,-0.0,intake.over_current,0.0,intake.shooting,false,robot.shot_preset,close,robot.shooter_hood_luts_enabled,true,robot.slow_mode,false,robot.turret_forward_override,false,robot.hang_mode,false,shooter.running,false,shooter.busy,true,shooter.impact_detected,false,shooter.over_current,false,turret.over_current,false
400.131630162,system.limelight_pose,position=(-4.240 -0.423 -0.000)m, orientation={yaw=2.518, pitch=0.000, roll=0.000},system.loop_hz,33.3515343773331,system.loop_avg_fps,23.50042366046866,system.loop_worst_fps,5.284545870358209,system.loop_1pct_low_fps,12.559808612440191,system.loop_0_1pct_low_fps,8.684324793747285,drive.heading_rad,-0.0,intake.over_current,0.0,intake.shooting,false,robot.shot_preset,close,robot.shooter_hood_luts_enabled,true,robot.slow_mode,false,robot.turret_forward_override,false,robot.hang_mode,false,shooter.running,false,shooter.busy,true,shooter.impact_detected,false,shooter.over_current,false,turret.over_current,false
400.353136435,system.limelight_pose,position=(-4.240 -0.423 -0.000)m, orientation={yaw=2.518, pitch=0.000, roll=0.000},system.loop_hz,22.09073912474796,system.loop_avg_fps,23.504870047304333,system.loop_worst_fps,5.284545870358209,system.loop_1pct_low_fps,12.559808612440191,system.loop_0_1pct_low_fps,8.684324793747285,drive.heading_rad,-0.0,intake.over_current,0.0,intake.shooting,false,robot.shot_preset,close,robot.shooter_hood_luts_enabled,true,robot.slow_mode,false,robot.turret_forward_override,false,robot.hang_mode,false,shooter.running,false,shooter.busy,true,shooter.impact_detected,false,shooter.over_current,false,turret.over_current,false
400.565626998,system.limelight_pose,position=(-4.240 -0.423 -0.000)m, orientation={yaw=2.518, pitch=0.000, roll=0.000},system.loop_hz,38.3157617249503,system.loop_avg_fps,23.510490188789767,system.loop_worst_fps,5.284545870358209,system.loop_1pct_low_fps,12.59242989969983,system.loop_0_1pct_low_fps,8.684324793747285,drive.heading_rad,-0.0,intake.over_current,0.0,intake.shooting,false,robot.shot_preset,close,robot.shooter_hood_luts_enabled,true,robot.slow_mode,false,robot.turret_forward_override,false,robot.hang_mode,false,shooter.running,false,shooter.busy,true,shooter.impact_detected,false,shooter.over_current,false,turret.over_current,false
400.771244435,system.limelight_pose,position=(-4.240 -0.423 -0.000)m, orientation={yaw=2.518, pitch=0.000, roll=0.000},system.loop_hz,27.780829810571962,system.loop_avg_fps,23.51699942435872,system.loop_worst_fps,5.284545870358209,system.loop_1pct_low_fps,12.59242989969983,system.loop_0_1pct_low_fps,8.684324793747285,drive.heading_rad,-0.0,intake.over_current,0.0,intake.shooting,false,robot.shot_preset,close,robot.shooter_hood_luts_enabled,true,robot.slow_mode,false,robot.turret_forward_override,false,robot.hang_mode,false,shooter.running,false,shooter.busy,true,shooter.impact_detected,false,shooter.over_current,false,turret.over_current,false
400.993743249,system.limelight_pose,position=(-4.240 -0.423 -0.000)m, orientation={yaw=2.518, pitch=0.000, roll=0.000},system.loop_hz,24.97575041952559,system.loop_avg_fps,23.521279290755714,system.loop_worst_fps,5.284545870358209,system.loop_1pct_low_fps,12.59242989969983,system.loop_0_1pct_low_fps,8.684324793747285,drive.heading_rad,-0.0,intake.over_current,0.0,intake.shooting,false,robot.shot_preset,close,robot.shooter_hood_luts_enabled,true,robot.slow_mode,false,robot.turret_forward_override,false,robot.hang_mode,false,shooter.running,false,shooter.busy,true,shooter.impact_detected,false,shooter.over_current,false,turret.over_current,false
401.20511177,system.limelight_pose,position=(-4.240 -0.423 -0.000)m, orientation={yaw=2.518, pitch=0.000, roll=0.000},system.loop_hz,30.935685699403457,system.loop_avg_fps,23.527006991762864,system.loop_worst_fps,5.284545870358209,system.loop_1pct_low_fps,12.59242989969983,system.loop_0_1pct_low_fps,8.684324793747285,drive.heading_rad,-0.0,intake.over_current,0.0,intake.shooting,false,robot.shot_preset,close,robot.shooter_hood_luts_enabled,true,robot.slow_mode,false,robot.turret_forward_override,false,robot.hang_mode,false,shooter.running,false,shooter.busy,true,shooter.impact_detected,false,shooter.over_current,false,turret.over_current,false
401.419322875,system.limelight_pose,position=(-4.240 -0.423 -0.000)m, orientation={yaw=2.518, pitch=0.000, roll=0.000},system.loop_hz,21.70709830799736,system.loop_avg_fps,23.53234907886651,system.loop_worst_fps,5.284545870358209,system.loop_1pct_low_fps,12.59242989969983,system.loop_0_1pct_low_fps,8.684324793747285,drive.heading_rad,-0.0,intake.over_current,0.0,intake.shooting,false,robot.shot_preset,close,robot.shooter_hood_luts_enabled,true,robot.slow_mode,false,robot.turret_forward_override,false,robot.hang_mode,false,shooter.running,false,shooter.busy,true,shooter.impact_detected,false,shooter.over_current,false,turret.over_current,false
401.647858898,system.limelight_pose,position=(-4.240 -0.423 -0.000)m, orientation={yaw=2.518, pitch=0.000, roll=0.000},system.loop_hz,20.99347946727877,system.loop_avg_fps,23.535805055865787,system.loop_worst_fps,5.284545870358209,system.loop_1pct_low_fps,12.59242989969983,system.loop_0_1pct_low_fps,8.684324793747285,drive.heading_rad,-0.0,intake.over_current,0.0,intake.shooting,false,robot.shot_preset,close,robot.shooter_hood_luts_enabled,true,robot.slow_mode,false,robot.turret_forward_override,false,robot.hang_mode,false,shooter.running,false,shooter.busy,true,shooter.impact_detected,false,shooter.over_current,false,turret.over_current,false
401.84907246,system.limelight_pose,position=(-4.240 -0.423 -0.000)m, orientation={yaw=2.518, pitch=0.000, roll=0.000},system.loop_hz,22.92024766887395,system.loop_avg_fps,23.542821709332067,system.loop_worst_fps,5.284545870358209,system.loop_1pct_low_fps,12.59242989969983,system.loop_0_1pct_low_fps,8.684324793747285,drive.heading_rad,-0.0,intake.over_current,0.0,intake.shooting,false,robot.shot_preset,close,robot.shooter_hood_luts_enabled,true,robot.slow_mode,false,robot.turret_forward_override,false,robot.hang_mode,false,shooter.running,false,shooter.busy,true,shooter.impact_detected,false,shooter.over_current,false,turret.over_current,false
402.073287732,system.limelight_pose,position=(-4.240 -0.423 -0.000)m, orientation={yaw=2.518, pitch=0.000, roll=0.000},system.loop_hz,25.859419043865703,system.loop_avg_fps,23.546820122502673,system.loop_worst_fps,5.284545870358209,system.loop_1pct_low_fps,12.59242989969983,system.loop_0_1pct_low_fps,8.684324793747285,drive.heading_rad,-0.0,intake.over_current,0.0,intake.shooting,false,robot.shot_preset,close,robot.shooter_hood_luts_enabled,true,robot.slow_mode,false,robot.turret_forward_override,false,robot.hang_mode,false,shooter.running,false,shooter.busy,true,shooter.impact_detected,false,shooter.over_current,false,turret.over_current,false
402.295832046,system.limelight_pose,position=(-4.240 -0.423 -0.000)m, orientation={yaw=2.518, pitch=0.000, roll=0.000},system.loop_hz,38.95616640471668,system.loop_avg_fps,23.55102647240311,system.loop_worst_fps,5.284545870358209,system.loop_1pct_low_fps,12.59242989969983,system.loop_0_1pct_low_fps,8.684324793747285,drive.heading_rad,-0.0,intake.over_current,0.0,intake.shooting,false,robot.shot_preset,close,robot.shooter_hood_luts_enabled,true,robot.slow_mode,false,robot.turret_forward_override,false,robot.hang_mode,false,shooter.running,false,shooter.busy,true,shooter.impact_detected,false,shooter.over_current,false,turret.over_current,false
402.521489027,system.limelight_pose,position=(-4.240 -0.423 -0.000)m, orientation={yaw=2.518, pitch=0.000, roll=0.000},system.loop_hz,37.56967625199412,system.loop_avg_fps,23.554817064331335,system.loop_worst_fps,5.284545870358209,system.loop_1pct_low_fps,12.59242989969983,system.loop_0_1pct_low_fps,8.684324793747285,drive.heading_rad,-0.0,intake.over_current,0.0,intake.shooting,false,robot.shot_preset,close,robot.shooter_hood_luts_enabled,true,robot.slow_mode,false,robot.turret_forward_override,false,robot.hang_mode,false,shooter.running,false,shooter.busy,true,shooter.impact_detected,false,shooter.over_current,false,turret.over_current,false
402.7459213,system.limelight_pose,position=(-4.240 -0.423 -0.000)m, orientation={yaw=2.518, pitch=0.000, roll=0.000},system.loop_hz,37.27355986240387,system.loop_avg_fps,23.558757544675068,system.loop_worst_fps,5.284545870358209,system.loop_1pct_low_fps,12.59242989969983,system.loop_0_1pct_low_fps,8.684324793747285,drive.heading_rad,-0.0,intake.over_current,0.0,intake.shooting,false,robot.shot_preset,close,robot.shooter_hood_luts_enabled,true,robot.slow_mode,false,robot.turret_forward_override,false,robot.hang_mode,false,shooter.running,false,shooter.busy,true,shooter.impact_detected,false,shooter.over_current,false,turret.over_current,false
402.969441822,system.limelight_pose,position=(-4.240 -0.423 -0.000)m, orientation={yaw=2.518, pitch=0.000, roll=0.000},system.loop_hz,23.03744734760118,system.loop_avg_fps,23.56280676346456,system.loop_worst_fps,5.284545870358209,system.loop_1pct_low_fps,12.59242989969983,system.loop_0_1pct_low_fps,8.684324793747285,drive.heading_rad,-0.0,intake.over_current,0.0,intake.shooting,false,robot.shot_preset,close,robot.shooter_hood_luts_enabled,true,robot.slow_mode,false,robot.turret_forward_override,false,robot.hang_mode,false,shooter.running,false,shooter.busy,true,shooter.impact_detected,false,shooter.over_current,false,turret.over_current,false
403.202152471,system.limelight_pose,position=(-4.240 -0.423 -0.000)m, orientation={yaw=2.518, pitch=0.000, roll=0.000},system.loop_hz,24.120067379913717,system.loop_avg_fps,23.57116151977707,system.loop_worst_fps,5.284545870358209,system.loop_1pct_low_fps,12.59242989969983,system.loop_0_1pct_low_fps,8.684324793747285,drive.heading_rad,-0.0,intake.over_current,0.0,intake.shooting,false,robot.shot_preset,close,robot.shooter_hood_luts_enabled,true,robot.slow_mode,false,robot.turret_forward_override,false,robot.hang_mode,false,shooter.running,false,shooter.busy,true,shooter.impact_detected,false,shooter.over_current,false,turret.over_current,false
403.413177117,system.limelight_pose,position=(-4.240 -0.423 -0.000)m, orientation={yaw=2.518, pitch=0.000, roll=0.000},system.loop_hz,40.80854958709841,system.loop_avg_fps,23.576806219763576,system.loop_worst_fps,5.284545870358209,system.loop_1pct_low_fps,12.59242989969983,system.loop_0_1pct_low_fps,8.684324793747285,drive.heading_rad,-0.0,intake.over_current,0.0,intake.shooting,false,robot.shot_preset,close,robot.shooter_hood_luts_enabled,true,robot.slow_mode,false,robot.turret_forward_override,false,robot.hang_mode,false,shooter.running,false,shooter.busy,true,shooter.impact_detected,false,shooter.over_current,false,turret.over_current,false
403.618589513,system.limelight_pose,position=(-4.240 -0.423 -0.000)m, orientation={yaw=2.518, pitch=0.000, roll=0.000},system.loop_hz,32.77792558799636,system.loop_avg_fps,23.583165220181304,system.loop_worst_fps,5.284545870358209,system.loop_1pct_low_fps,12.59242989969983,system.loop_0_1pct_low_fps,8.684324793747285,drive.heading_rad,-0.0,intake.over_current,0.0,intake.shooting,false,robot.shot_preset,close,robot.shooter_hood_luts_enabled,true,robot.slow_mode,false,robot.turret_forward_override,false,robot.hang_mode,false,shooter.running,false,shooter.busy,true,shooter.impact_detected,false,shooter.over_current,false,turret.over_current,false
403.840178618,system.limelight_pose,position=(-4.240 -0.423 -0.000)m, orientation={yaw=2.518, pitch=0.000, roll=0.000},system.loop_hz,25.220280868688533,system.loop_avg_fps,23.587415168071793,system.loop_worst_fps,5.284545870358209,system.loop_1pct_low_fps,12.59242989969983,system.loop_0_1pct_low_fps,8.684324793747285,drive.heading_rad,-0.0,intake.over_current,0.0,intake.shooting,false,robot.shot_preset,close,robot.shooter_hood_luts_enabled,true,robot.slow_mode,false,robot.turret_forward_override,false,robot.hang_mode,false,shooter.running,false,shooter.busy,true,shooter.impact_detected,false,shooter.over_current,false,turret.over_current,false
404.05543214,system.limelight_pose,position=(-4.240 -0.423 -0.000)m, orientation={yaw=2.518, pitch=0.000, roll=0.000},system.loop_hz,39.77137662774066,system.loop_avg_fps,23.592474286117387,system.loop_worst_fps,5.284545870358209,system.loop_1pct_low_fps,12.623726868455028,system.loop_0_1pct_low_fps,8.684324793747285,drive.heading_rad,-0.0,intake.over_current,0.0,intake.shooting,false,robot.shot_preset,close,robot.shooter_hood_luts_enabled,true,robot.slow_mode,false,robot.turret_forward_override,false,robot.hang_mode,false,shooter.running,false,shooter.busy,true,shooter.impact_detected,false,shooter.over_current,false,turret.over_current,false
404.262407869,system.limelight_pose,position=(-4.240 -0.423 -0.000)m, orientation={yaw=2.518, pitch=0.000, roll=0.000},system.loop_hz,23.282275071270373,system.loop_avg_fps,23.59311466522085,system.loop_worst_fps,5.284545870358209,system.loop_1pct_low_fps,12.623726868455028,system.loop_0_1pct_low_fps,8.684324793747285,drive.heading_rad,-0.0,intake.over_current,0.0,intake.shooting,false,robot.shot_preset,close,robot.shooter_hood_luts_enabled,true,robot.slow_mode,false,robot.turret_forward_override,false,robot.hang_mode,false,shooter.running,false,shooter.busy,true,shooter.impact_detected,false,shooter.over_current,false,turret.over_current,false
404.501769976,system.limelight_pose,position=(-4.240 -0.423 -0.000)m, orientation={yaw=2.518, pitch=0.000, roll=0.000},system.loop_hz,19.382175329776313,system.loop_avg_fps,23.59504373978809,system.loop_worst_fps,5.284545870358209,system.loop_1pct_low_fps,12.623726868455028,system.loop_0_1pct_low_fps,8.684324793747285,drive.heading_rad,-0.0,intake.over_current,0.0,intake.shooting,false,robot.shot_preset,close,robot.shooter_hood_luts_enabled,true,robot.slow_mode,false,robot.turret_forward_override,false,robot.hang_mode,false,shooter.running,false,shooter.busy,true,shooter.impact_detected,false,shooter.over_current,false,turret.over_current,false
404.703167872,system.limelight_pose,position=(-4.240 -0.423 -0.000)m, orientation={yaw=2.518, pitch=0.000, roll=0.000},system.loop_hz,23.478056692132515,system.loop_avg_fps,23.601862098309862,system.loop_worst_fps,5.284545870358209,system.loop_1pct_low_fps,12.623726868455028,system.loop_0_1pct_low_fps,8.684324793747285,drive.heading_rad,-0.0,intake.over_current,0.0,intake.shooting,false,robot.shot_preset,close,robot.shooter_hood_luts_enabled,true,robot.slow_mode,false,robot.turret_forward_override,false,robot.hang_mode,false,shooter.running,false,shooter.busy,true,shooter.impact_detected,false,shooter.over_current,false,turret.over_current,false
404.909249351,system.limelight_pose,position=(-4.240 -0.423 -0.000)m, orientation={yaw=2.518, pitch=0.000, roll=0.000},system.loop_hz,42.462239179891604,system.loop_avg_fps,23.608062043370484,system.loop_worst_fps,5.284545870358209,system.loop_1pct_low_fps,12.623726868455028,system.loop_0_1pct_low_fps,8.684324793747285,drive.heading_rad,-0.0,intake.over_current,0.0,intake.shooting,false,robot.shot_preset,close,robot.shooter_hood_luts_enabled,true,robot.slow_mode,false,robot.turret_forward_override,false,robot.hang_mode,false,shooter.running,false,shooter.busy,true,shooter.impact_detected,false,shooter.over_current,false,turret.over_current,false
405.134789082,system.limelight_pose,position=(-4.240 -0.423 -0.000)m, orientation={yaw=2.518, pitch=0.000, roll=0.000},system.loop_hz,24.683026132101592,system.loop_avg_fps,23.61174357878385,system.loop_worst_fps,5.284545870358209,system.loop_1pct_low_fps,12.623726868455028,system.loop_0_1pct_low_fps,8.684324793747285,drive.heading_rad,-0.0,intake.over_current,0.0,intake.shooting,false,robot.shot_preset,close,robot.shooter_hood_luts_enabled,true,robot.slow_mode,false,robot.turret_forward_override,false,robot.hang_mode,false,shooter.running,false,shooter.busy,true,shooter.impact_detected,false,shooter.over_current,false,turret.over_current,false
405.35305552,system.limelight_pose,position=(-4.240 -0.423 -0.000)m, orientation={yaw=2.518, pitch=0.000, roll=0.000},system.loop_hz,28.702741151952424,system.loop_avg_fps,23.61635115630035,system.loop_worst_fps,5.284545870358209,system.loop_1pct_low_fps,12.623726868455028,system.loop_0_1pct_low_fps,8.684324793747285,drive.heading_rad,-0.0,intake.over_current,0.0,intake.shooting,false,robot.shot_preset,close,robot.shooter_hood_luts_enabled,true,robot.slow_mode,false,robot.turret_forward_override,false,robot.hang_mode,false,shooter.running,false,shooter.busy,true,shooter.impact_detected,false,shooter.over_current,false,turret.over_current,false
405.579799543,system.limelight_pose,position=(-4.240 -0.423 -0.000)m, orientation={yaw=2.518, pitch=0.000, roll=0.000},system.loop_hz,31.884490398655206,system.loop_avg_fps,23.619858974671466,system.loop_worst_fps,5.284545870358209,system.loop_1pct_low_fps,12.623726868455028,system.loop_0_1pct_low_fps,8.684324793747285,drive.heading_rad,-0.0,intake.over_current,0.0,intake.shooting,false,robot.shot_preset,close,robot.shooter_hood_luts_enabled,true,robot.slow_mode,false,robot.turret_forward_override,false,robot.hang_mode,false,shooter.running,false,shooter.busy,true,shooter.impact_detected,false,shooter.over_current,false,turret.over_current,false
405.809592941,system.limelight_pose,position=(-4.240 -0.423 -0.000)m, orientation={yaw=2.518, pitch=0.000, roll=0.000},system.loop_hz,29.553080583569077,system.loop_avg_fps,23.622966955277438,system.loop_worst_fps,5.284545870358209,system.loop_1pct_low_fps,12.623726868455028,system.loop_0_1pct_low_fps,8.684324793747285,drive.heading_rad,-0.0,intake.over_current,0.0,intake.shooting,false,robot.shot_preset,close,robot.shooter_hood_luts_enabled,true,robot.slow_mode,false,robot.turret_forward_override,false,robot.hang_mode,false,shooter.running,false,shooter.busy,true,shooter.impact_detected,false,shooter.over_current,false,turret.over_current,false
406.031088713,system.limelight_pose,position=(-4.240 -0.423 -0.000)m, orientation={yaw=2.518, pitch=0.000, roll=0.000},system.loop_hz,25.463216003672077,system.loop_avg_fps,23.627130519416028,system.loop_worst_fps,5.284545870358209,system.loop_1pct_low_fps,12.623726868455028,system.loop_0_1pct_low_fps,8.684324793747285,drive.heading_rad,-0.0,intake.over_current,0.0,intake.shooting,false,robot.shot_preset,close,robot.shooter_hood_luts_enabled,true,robot.slow_mode,false,robot.turret_forward_override,false,robot.hang_mode,false,shooter.running,false,shooter.busy,true,shooter.impact_detected,false,shooter.over_current,false,turret.over_current,false
406.263817445,system.limelight_pose,position=(-4.240 -0.423 -0.000)m, orientation={yaw=2.518, pitch=0.000, roll=0.000},system.loop_hz,28.496622494855846,system.loop_avg_fps,23.635263302863574,system.loop_worst_fps,5.284545870358209,system.loop_1pct_low_fps,12.623726868455028,system.loop_0_1pct_low_fps,8.684324793747285,drive.heading_rad,-0.0,intake.over_current,0.0,intake.shooting,false,robot.shot_preset,close,robot.shooter_hood_luts_enabled,true,robot.slow_mode,false,robot.turret_forward_override,false,robot.hang_mode,false,shooter.running,false,shooter.busy,true,shooter.impact_detected,false,shooter.over_current,false,turret.over_current,false
406.489495134,system.limelight_pose,position=(-4.240 -0.423 -0.000)m, orientation={yaw=2.518, pitch=0.000, roll=0.000},system.loop_hz,25.866443070232624,system.loop_avg_fps,23.638867017564635,system.loop_worst_fps,5.284545870358209,system.loop_1pct_low_fps,12.623726868455028,system.loop_0_1pct_low_fps,8.684324793747285,drive.heading_rad,-0.0,intake.over_current,0.0,intake.shooting,false,robot.shot_preset,close,robot.shooter_hood_luts_enabled,true,robot.slow_mode,false,robot.turret_forward_override,false,robot.hang_mode,false,shooter.running,false,shooter.busy,true,shooter.impact_detected,false,shooter.over_current,false,turret.over_current,false
406.736477618,system.limelight_pose,position=(-4.240 -0.423 -0.000)m, orientation={yaw=2.518, pitch=0.000, roll=0.000},system.loop_hz,17.387585521272257,system.loop_avg_fps,23.63974027716251,system.loop_worst_fps,5.284545870358209,system.loop_1pct_low_fps,12.623726868455028,system.loop_0_1pct_low_fps,8.684324793747285,drive.heading_rad,-0.0,intake.over_current,0.0,intake.shooting,false,robot.shot_preset,close,robot.shooter_hood_luts_enabled,true,robot.slow_mode,false,robot.turret_forward_override,false,robot.hang_mode,false,shooter.running,false,shooter.busy,true,shooter.impact_detected,false,shooter.over_current,false,turret.over_current,false
406.947329014,system.limelight_pose,position=(-4.240 -0.423 -0.000)m, orientation={yaw=2.518, pitch=0.000, roll=0.000},system.loop_hz,22.635015490729554,system.loop_avg_fps,23.645221304019532,system.loop_worst_fps,5.284545870358209,system.loop_1pct_low_fps,12.623726868455028,system.loop_0_1pct_low_fps,8.684324793747285,drive.heading_rad,-0.0,intake.over_current,0.0,intake.shooting,false,robot.shot_preset,close,robot.shooter_hood_luts_enabled,true,robot.slow_mode,false,robot.turret_forward_override,false,robot.hang_mode,false,shooter.running,false,shooter.busy,true,shooter.impact_detected,false,shooter.over_current,false,turret.over_current,false
407.148139784,system.limelight_pose,position=(-4.240 -0.423 -0.000)m, orientation={yaw=2.518, pitch=0.000, roll=0.000},system.loop_hz,32.30995743453486,system.loop_avg_fps,23.651970148140908,system.loop_worst_fps,5.284545870358209,system.loop_1pct_low_fps,12.623726868455028,system.loop_0_1pct_low_fps,8.684324793747285,drive.heading_rad,-0.0,intake.over_current,0.0,intake.shooting,false,robot.shot_preset,close,robot.shooter_hood_luts_enabled,true,robot.slow_mode,false,robot.turret_forward_override,false,robot.hang_mode,false,shooter.running,false,shooter.busy,true,shooter.impact_detected,false,shooter.over_current,false,turret.over_current,false
407.364077847,system.limelight_pose,position=(-4.240 -0.423 -0.000)m, orientation={yaw=2.518, pitch=0.000, roll=0.000},system.loop_hz,41.19294437368393,system.loop_avg_fps,23.65677710713284,system.loop_worst_fps,5.284545870358209,system.loop_1pct_low_fps,12.623726868455028,system.loop_0_1pct_low_fps,8.684324793747285,drive.heading_rad,-0.0,intake.over_current,0.0,intake.shooting,false,robot.shot_preset,close,robot.shooter_hood_luts_enabled,true,robot.slow_mode,false,robot.turret_forward_override,false,robot.hang_mode,false,shooter.running,false,shooter.busy,true,shooter.impact_detected,false,shooter.over_current,false,turret.over_current,false
